well_id,hidden_rows,hidden_tvt_span,rmse_cf,rmse_md_all,rmse_md_last512,rmse_z_lateral,oracle_const,rows,ps_idx,lateral_start_idx,lateral_threshold_abs_dz_dmd,prefix_len,lateral_prefix_len,post_len,prefix_tvt_span,post_tvt_span,prefix_md_per_tvt_ft,post_md_per_tvt_ft,stretch_post_vs_prefix,post_gr_missing_rate,prefix_corr,prefix_bias_mean,prefix_rmse,self_prefix_ncc,self_minus_control_max,top1_top2_gap,assigned_typewell_rank,assigned_typewell_corr,z_rmse_full_prefix,z_rmse_lateral_prefix,z_full_minus_lateral_rmse,best_det_baseline_rmse,best_det_baseline_name
000d7d20,3836,15.200000000000728,7.454442102844319,781.0025232451197,10.168181812477542,23.08167416811651,5.090630741193239,5278,1442,743,0.08,1442,699,3836,520.1000000000004,15.200000000000728,2.772543741588154,252.3684210526195,91.02414409810505,0.47340980187695514,0.771746535938688,1.4625807975352978,14.46055761582201,0.44878245218402435,-0.2617966415784678,0.0,1,0.7751006484031677,796.4494306487529,19.314861032389476,777.1345696163635,7.454442102844319,rmse_cf
00bbac68,6014,50.18999999999869,15.263052288602681,2010.7777174536036,130.73850997696206,17.011234492588212,15.053272651832188,7559,1545,1167,0.08,1545,378,6014,818.4200000000001,50.18999999999869,1.8877837785000364,119.82466626818405,63.473723862270035,0.13834386431659462,0.82742445906619,-1.2209914801098964,12.880649381533404,0.354424952881617,-0.06334873569399396,0.011652827262878418,27,0.8110259175300598,1908.1020686973977,7.630623545468801,1900.471445151929,15.263052288602681,rmse_cf
00e12e8b,4301,29.590000000000146,7.92458894231589,1302.307468678338,65.88589652418678,106.00662847329558,7.88802828853748,6384,2083,1377,0.08,2083,706,4301,998.6400000000012,29.590000000000146,2.085836737963628,145.3531598513004,69.68577991065905,0.09718670076726342,0.933478572648237,3.413791538797853,17.599985935271235,0.6662162686711679,-0.0100913691592317,0.008740663528442383,8,0.9287785291671753,1437.3745732959826,39.465946990285914,1397.9086263056968,7.92458894231589,rmse_cf
015fe0d2,4296,38.61000000000058,23.154889673287215,658.7671042959851,9.184299782466523,34.6203911523199,12.087313587971714,5950,1654,863,0.08,1654,791,4296,493.9300000000003,38.61000000000058,3.348652643087075,111.2665112665096,33.227247829423895,0.3202979515828678,0.8614070850249455,-10.362939180413832,15.369533054005593,0.49038768743619876,-0.0870411793097603,0.002675771713256836,27,0.8574793934822083,617.1333872248217,60.55853995109987,556.5748472737218,9.184299782466523,rmse_md_last512
01869cd4,5557,39.0,10.618593023436276,826.4420376582393,180.38276388683482,71.11753989454742,9.632945661129613,6850,1293,681,0.08,1293,612,5557,387.6700000000001,39.0,3.335310960352877,142.48717948717947,42.720808098835946,0.5112470757603024,0.7851193040652015,1.4369095073646718,15.587843219863545,0.6028678187213593,-0.14142155547020752,0.0,5,0.7773083448410034,987.3272349932168,135.04935718765248,852.2778778055643,10.618593023436276,rmse_cf
01982c1d,3941,18.01000000000022,6.33452473981023,1176.742688876104,15.703639405368577,5.671885733356003,5.607075555273917,5587,1646,947,0.08,1646,699,3941,767.9500000000007,18.01000000000022,2.143368708900317,218.8228761798974,102.09296947895042,0.15808170515097691,0.9234832910057355,-5.644324547679116,15.080564384280478,0.41505330041931343,-0.07997106936391751,0.00047010183334350586,20,0.9296069741249084,1138.25210057245,35.70808593575051,1102.5440146366996,5.671885733356003,rmse_z_lateral
028d7b28,6234,26.23999999999978,7.393605105422137,1211.690317430119,101.1119780675186,67.81539593297842,7.169432792830026,7761,1527,872,0.08,1527,655,6234,553.2800000000007,26.23999999999978,2.759904569115092,237.5762195121971,86.08131678566376,0.23307667629130574,0.9161965099691226,-5.150358318680167,14.396061555131466,0.36184595927991803,-0.129417137401573,0.0022315382957458496,19,0.9182626605033875,1168.7851800192107,44.19645382982275,1124.588726189388,7.393605105422137,rmse_cf
02e7fe5a,5108,24.18000000000029,8.414429717261077,1485.2457314419023,39.405730330956,10.221791182180155,5.213626750295793,6888,1780,1080,0.08,1780,700,5108,822.8500000000004,24.18000000000029,2.1632132223369984,211.2489660876732,97.6551751377764,0.6366483946750195,0.7891048828625643,4.39288384858676,12.631917848104818,0.2970663611684632,-0.07430790046533459,0.0,10,0.8036077618598938,1490.3670149176594,6.533510577046064,1483.8335043406132,8.414429717261077,rmse_cf
0390d174,4411,31.399999999999636,8.517417217402954,681.2306380926618,88.63900038394927,33.387933119580765,8.350875896519904,6101,1690,906,0.08,1690,784,4411,506.10999999999876,31.399999999999636,3.3391950366521193,140.47770700637105,42.0693327177481,0.4978462933575153,0.9731465844955944,-0.32931010534280036,5.9372462906734365,0.5637675232378501,-0.013345874909120203,0.0,3,0.9731026291847229,667.6276449989729,7.572152224093069,660.0554927748798,8.517417217402954,rmse_cf
03a935ae,2786,53.56999999999971,35.05448621305352,703.0467762913654,37.33035945859583,43.29152958921537,16.29628527313592,4430,1644,925,0.08,1644,719,2786,645.7999999999993,53.56999999999971,2.5456797770207524,52.00672017920506,20.429403827086734,0.04055994256999282,0.7657365475130963,-0.16917165847584967,13.532905295936896,0.37667720907913527,-0.24768106094964515,0.0,2,0.7676735520362854,722.2358426294412,63.06157214759634,659.1742704818448,35.05448621305352,rmse_cf
044af7d1,4519,23.219999999999345,9.868136513863366,856.5777813604807,37.5211818629515,14.204098510255552,5.9080808258663415,6067,1548,843,0.08,1548,705,4519,537.1000000000004,23.219999999999345,2.882144851982869,194.61670973299428,67.52495787958094,0.6589953529541934,0.8110190306674661,4.508061674150546,18.201497692987342,0.5546122486549809,-0.07403370580767399,0.0005809664726257324,4,0.8253864645957947,910.7908618430861,35.41911784343789,875.3717439996482,9.868136513863366,rmse_cf
0498acab,4798,22.399999999999636,5.996139045372776,1365.8172431454657,18.180685297049806,17.018440102474333,5.254012088819507,6432,1634,1022,0.08,1634,612,4798,749.8099999999995,22.399999999999636,2.179218735412973,214.19642857143205,98.29046762983192,0.47457273864110044,0.7325108716940647,-3.3244374526849008,18.282593483499333,0.3534286311897731,-0.3518955191539537,0.010721921920776367,10,0.6799662113189697,1354.4521985539773,31.71957368037687,1322.7326248736003,5.996139045372776,rmse_cf
052d64df,2445,24.850000000000364,7.3962717049147795,769.5841260053853,14.684473111641026,13.282080691296311,7.378112565528154,4590,2145,1326,0.08,2145,819,2445,922.3600000000006,24.850000000000364,2.3255561819679937,98.39034205231245,42.30830577872772,0.2752556237218814,0.8514548245099007,-0.3443977486697839,13.74368084967336,0.36314086504354975,-0.2026152268908991,0.001255035400390625,2,0.8661189079284668,777.9891739681873,7.292999704087518,770.6961742640998,7.3962717049147795,rmse_cf
05948241,3879,15.010000000000218,4.995769989509691,1317.4163187894987,86.60202594842495,57.304952656428114,3.8751715021754998,5428,1549,1096,0.08,1549,453,3879,812.0500000000011,15.010000000000218,1.9075180099747526,258.4277148567584,135.47851894734086,0.5986078886310905,0.8442836294449431,-5.627142697496323,16.979874546535665,0.39569349804733633,-0.13286780659555342,0.003681957721710205,7,0.8580292463302612,1329.927341316154,55.3256567468302,1274.6016845693239,4.995769989509691,rmse_cf
059c8f24,6258,31.31999999999971,10.912174729109239,1606.2736764390286,67.34866745159226,82.21910109912399,7.503276414092306,7998,1740,1120,0.08,1740,620,6258,749.7099999999991,31.31999999999971,2.3208974136666205,199.8084291187758,86.09102149117082,0.43528283796740175,0.7936987185401966,-2.52445653981018,13.193547873885931,0.22708592514853104,-0.42256427855294804,0.32571128010749817,1,0.7623625993728638,1573.9748126702088,32.78393243031468,1541.190880239894,10.912174729109239,rmse_cf
05a0ee4d,4348,41.20999999999913,18.344706956532814,1245.6987283950323,61.679368911346046,47.37064373136568,13.401513426535653,6098,1750,1025,0.08,1750,725,4348,784.5200000000004,41.20999999999913,2.230663335542751,105.50837175443077,47.29910160502061,0.35970561177552896,0.7411174723262282,3.948735147757254,19.931727233689582,0.3195472743323934,-0.14909880989067348,0.014336884021759033,12,0.7608782052993774,1256.1535116980665,8.742390236686413,1247.4111214613802,18.344706956532814,rmse_cf
060ab2b8,6258,27.079999999999927,9.048312196834127,2416.666901975047,539.4162432102381,124.35817401659496,6.046651618010916,7818,1560,1301,0.08,1560,259,6258,941.4300000000003,27.079999999999927,1.6570536311781008,231.0930576070907,139.46021616861762,0.5749440715883669,0.8140589119721428,-0.036722999653404725,13.113251880111012,0.17020059980929764,-0.3193985762003234,0.024580180644989014,8,0.8119048476219177,2249.970558472404,50.63919510863874,2199.331363363765,9.048312196834127,rmse_cf
06df5958,3509,10.849999999998545,3.0884860085517194,773.3101700559123,13.350525291767342,4.123261189450573,2.951703477166685,5039,1530,863,0.08,1530,667,3509,570.7099999999991,10.849999999998545,2.680871195528381,323.4101382488913,120.63620915034281,0.18922770019948704,0.602872548359095,-6.1614687065311,19.4259794324522,0.34325012914126357,-0.2106705522602112,0.02571779489517212,7,0.6327584981918335,764.1998325678354,5.531663709876784,758.6681688579587,3.0884860085517194,rmse_cf
071d7b45,3211,23.80999999999949,17.11579247751261,455.0668103477565,14.613248439548588,23.464329205362247,5.0148374083902345,4720,1509,706,0.08,1509,803,3211,401.4800000000014,23.80999999999949,3.7585932051409654,134.8593028139466,35.88026036696055,0.15384615384615385,0.5612185552395329,-3.5599114303439925,19.19792812085324,0.4730705171984898,-0.09361473105408458,0.0,1,0.579535722732544,479.32536748466015,14.232526885515082,465.09284059914506,14.613248439548588,rmse_md_last512
0849b4e2,5537,43.0,14.567522114617379,1681.563478253481,13.70160448970308,11.807135333129644,11.873451758990758,7436,1899,1222,0.08,1899,677,5537,897.4400000000005,43.0,2.116018898199321,128.7674418604651,60.853635083336435,0.2499548491963157,0.8886168641639093,-1.3160697560484216,10.480509556636765,0.2741321356830426,-0.43253799097249834,0.000375211238861084,5,0.8892824053764343,1662.1199482987317,10.843348251182404,1651.2766000475494,11.807135333129644,rmse_z_lateral
084d66f9,3885,44.63000000000102,10.693040191903986,1273.3039074149938,20.371253872679304,14.030528220974427,9.305670024641302,5632,1747,1098,0.08,1747,649,3885,879.0400000000009,44.63000000000102,1.9873953403713123,87.04907013219609,43.80058077218416,0.6463320463320463,0.7570006624598411,-0.009287927208343824,15.589078565358912,0.681338843302173,-0.1263873750202158,0.0012548565864562988,11,0.7012790441513062,1175.948173091095,19.476174129317418,1156.4719989617777,10.693040191903986,rmse_cf
08fecf00,5574,15.979999999997744,4.759806836739511,1738.0364305446087,89.3583724996347,64.6643565996903,4.366299684514995,7405,1831,1221,0.08,1831,610,5574,920.3900000000012,15.979999999997744,1.989374069687847,348.81101376725826,175.3370666090919,0.28238249013275923,0.8476065098497964,-0.8219066047811073,13.32843396477609,0.5312973703200635,0.00262494851678563,0.002316117286682129,12,0.8447383046150208,1692.785194818139,65.48997230792818,1627.2952225102108,4.759806836739511,rmse_cf
09053135,5907,25.679999999998472,13.261553626472297,1532.561019344258,32.19660801074421,35.0759998097588,5.067963768472592,7715,1808,1092,0.08,1808,716,5907,785.5900000000001,25.679999999998472,2.301454957420537,230.023364485995,99.94693302353585,0.4218723548332487,0.8650940016102602,0.518270023270817,11.829521708320694,0.5914801235544003,-0.11908369979916145,0.00021773576736450195,12,0.8582221865653992,1493.7004351271542,17.844995881536803,1475.8554392456174,13.261553626472297,rmse_cf
09441b8d,5488,34.72999999999956,15.9390645279074,1577.6708262807795,39.58173215457231,19.594430731901863,9.693515397293075,7395,1907,1180,0.08,1907,727,5488,867.8299999999999,34.72999999999956,2.1974349815055945,158.01900374316352,71.91066178208159,0.11716472303206997,0.8626287750882111,-2.4175385984033206,9.98147612016255,0.5271761791597,-0.09322579713918555,5.304813385009766e-06,33,0.8379445672035217,1654.9309488486397,55.06731843763458,1599.863630411005,15.9390645279074,rmse_cf
0955cd6c,5195,20.079999999999927,8.023088122545198,1144.0156407822037,38.48888784724268,20.543095758116134,5.67875493625362,7125,1930,1234,0.08,1930,696,5195,747.2600000000002,20.079999999999927,2.5827690495945177,258.715139442232,100.16967621741054,0.6454282964388836,0.8162722171173081,-0.9151408011702163,15.632164651682153,0.4409564236728898,-0.20269174658587863,0.004620075225830078,7,0.8548729419708252,1181.0643986000746,57.099608955577764,1123.9647896444967,8.023088122545198,rmse_cf
09ec2ca9,5885,19.56000000000131,6.13281698431714,1487.1438405300182,32.80341131158217,30.98888520756406,5.578172978524545,7824,1939,1151,0.08,1939,788,5885,812.9400000000005,19.56000000000131,2.385169877235711,300.86912065437656,126.14158996635844,0.5604078164825829,0.7922112891421625,-0.6544440155705824,22.82163709996278,0.2104035633872394,-0.08141717212543162,0.0009061098098754883,16,0.8026513457298279,1484.6830843115063,51.99643147629496,1432.6866528352114,6.13281698431714,rmse_cf
0a57a29c,5821,22.329999999999927,6.952723985070934,1261.6046902372882,22.663135519046808,7.192984437019514,4.062359323838058,7194,1373,716,0.08,1373,657,5821,518.3500000000004,22.329999999999927,2.6487894279926674,260.68069861173393,98.41503286627267,0.5299776670675141,0.688341656561123,-4.374320835206192,13.33390890459185,0.3856484216564284,-0.3843455861700847,0.0002352595329284668,30,0.6608505249023438,1199.4234936691405,50.91018988538622,1148.5133037837543,6.952723985070934,rmse_cf
0bbf5e67,4298,31.1299999999992,18.377119492009776,1273.981029825381,112.29062021551094,117.91193355934533,6.435312090553512,6031,1733,1129,0.08,1733,604,4298,791.9300000000003,31.1299999999992,2.1883247256701974,138.0661741085805,63.092178454592144,0.5274546300604932,0.9651849583993264,-0.4980492834289337,4.5905810073406474,0.46174843603745475,0.0005866125081042672,0.39920634031295776,1,0.9617504477500916,1237.4517124578927,77.13676480214484,1160.3149476557478,18.377119492009776,rmse_cf
0be01c24,4738,20.969999999999345,8.273369324203173,1356.1747948144748,37.56281551714184,15.305198160657683,4.797905994766907,6385,1647,1039,0.08,1647,608,4738,762.8700000000008,20.969999999999345,2.1589523772071235,225.9418216499832,104.65345323747594,0.03503588011819333,0.8821283578259067,0.012135930357089384,13.574109090123965,0.6353824799365834,-0.1405882926959786,0.00016313791275024414,10,0.8947986364364624,1228.872475706529,37.550724655816786,1191.3217510507122,8.273369324203173,rmse_cf
0c1b160c,5054,27.18000000000029,8.432276859497074,1027.2752228926463,69.17251495695781,35.43723851251646,7.669318636435799,6714,1660,861,0.08,1660,799,5054,577.1399999999994,27.18000000000029,2.8762518626329863,185.94554819720184,64.64856246176684,0.5209734863474476,0.817065981228628,-1.751725346707655,15.736264174674373,0.28412487588822144,-0.254957766445984,0.0,11,0.8229364156723022,1061.1959806778145,9.956932950549232,1051.2390477272652,8.432276859497074,rmse_cf
0d99f8e4,5823,22.770000000000437,9.343320012239094,1044.6806894485226,10.97107718399739,22.588593484151893,7.066600018744214,7522,1699,982,0.08,1699,717,5823,550.0900000000001,22.770000000000437,3.0885855041902226,255.73122529643777,82.79881678829753,0.5399278722308088,0.5566389146567724,-1.9815040505069268,14.762342116860598,0.37128871015898357,-0.09315083909698263,0.011254429817199707,21,0.6076737642288208,992.4643255721036,5.653063446571706,986.8112621255319,9.343320012239094,rmse_cf
0dc5e64d,4879,65.95999999999913,18.008822359134772,1116.9461259212183,28.63314985519836,43.399517504402354,16.217908672237858,6191,1312,989,0.08,1312,323,4879,516.5599999999995,65.95999999999913,2.5398792008672784,73.96907216494944,29.123067010309637,0.011477761836441894,0.9255767943671884,-6.40006471304116,18.546120390710676,-0.05017495071167905,-0.5142755758719543,0.0001285076141357422,8,0.9153583645820618,1182.8905896633803,14.8327905145747,1168.0577991488055,18.008822359134772,rmse_cf
0dc835f3,4428,26.23999999999978,7.2297789729208715,796.6599386529933,487.484910370211,171.21374460529978,6.527577920679385,5279,851,643,0.08,851,208,4428,250.53000000000065,26.23999999999978,3.3967987865724574,168.7500000000014,49.67912749706282,0.03342366757000903,0.9410304928277784,-5.008571162735032,8.507972808125752,0.5325810700552794,-0.10639413015866506,0.0,14,0.9390856623649597,778.4095404723618,115.07567735891155,663.3338631134502,7.2297789729208715,rmse_cf
0dd99dc5,7342,29.340000000000146,8.234632190411654,1933.2612890078863,49.955158316213186,91.82619669651804,7.243621255909654,9182,1840,1152,0.08,1840,688,7342,815.7099999999991,29.340000000000146,2.2557036201591276,250.23858214042139,110.9359314335668,0.476436938163988,0.6512316407846596,-0.5952926041801242,17.53068477152349,0.5055853879718586,0.007291825796457041,0.0022585391998291016,11,0.6373885273933411,2016.5578196729118,50.21228062653226,1966.3455390463796,8.234632190411654,rmse_cf
0e5e560d,3253,24.93000000000029,10.293900986020363,1040.4413864741487,58.82130330136148,27.16815112856491,6.479249712060275,4896,1643,1030,0.08,1643,613,3253,793.5999999999985,24.93000000000029,2.070312500000004,130.48535900521307,63.02689038742355,0.2846603135567169,0.8919085414219646,-1.6304815441001754,17.095873733837458,0.2239568729869693,-0.24861643522741855,1.8894672393798828e-05,22,0.8934143781661987,1086.2423527560447,62.08659799998045,1024.1557547560642,10.293900986020363,rmse_cf
109d9d70,4215,34.409999999999854,9.371137061320914,1009.3009153017821,6.085401875616047,12.59950152332082,7.804460930449202,5851,1636,939,0.08,1636,697,4215,639.0799999999999,34.409999999999854,2.5599298992301436,122.49346120313913,47.85031857316757,0.4132858837485172,0.7319454734785164,1.2776457018274059,13.73864000254015,0.36268425712890884,-0.09317146330746917,0.00676727294921875,20,0.7727810144424438,1021.670197732016,88.91059685545147,932.7596008765646,6.085401875616047,rmse_md_last512
10a1281a,5609,9.940000000002328,3.5911852573850855,1691.3666546203638,17.14352566617151,12.74698497065608,2.5685469353392154,7353,1744,987,0.08,1744,757,5609,833.3500000000022,9.940000000002328,2.0927581448370978,564.2857142855821,269.63732798158895,0.04278837582456766,0.7699389248361782,3.291232581916819,12.897643935317639,0.4175910542596092,-0.10844536163085172,0.0054811835289001465,37,0.7720556855201721,1424.4485513595478,45.92715625117718,1378.5213951083706,3.5911852573850855,rmse_cf
10b89021,5414,18.860000000000582,14.721334704881999,1669.8233944424067,35.2920549494587,30.43573226801076,4.839122480056388,7166,1752,1042,0.08,1752,710,5414,850.1000000000004,18.860000000000582,2.0609340077637914,287.06256627782784,139.28760707350546,0.5733284078315478,0.7352697325378622,1.789246070645543,11.345662940761715,0.4569825329652716,-0.10198259906885376,0.0,4,0.7593293190002441,1635.7230191328522,138.44710633501407,1497.2759127978381,14.721334704881999,rmse_cf
10be2420,3271,21.859999999998763,13.259451874685324,970.7306906454205,33.50229388347641,62.30250124355717,6.462350560870166,5203,1932,1190,0.08,1932,742,3271,853.75,21.859999999998763,2.2629575402635433,149.63403476670564,66.12321800314437,0.5166615713848975,0.9367369328757617,1.4305265779752523,9.804485277551837,0.3836088775322969,-0.16771254132896674,5.364418029785156e-06,2,0.938825786113739,994.1011394097202,74.42982892262913,919.6713104870911,13.259451874685324,rmse_cf
113011eb,3272,20.55999999999949,5.177910618587731,515.737243822273,18.414984481670103,27.800603778897216,5.077892823267971,4561,1289,670,0.08,1289,619,3272,371.2000000000007,20.55999999999949,3.4725215517241312,159.14396887159927,45.82951221500215,0.5030562347188264,0.7216679861298922,0.1515726182304579,13.559871435100177,0.3879176386595925,-0.11174841652926698,0.0,21,0.7223742008209229,503.05236740746824,2.7724327390349,500.2799346684333,5.177910618587731,rmse_cf
1131525f,4159,23.01000000000022,14.670165574890584,856.5175470209192,172.1069858869487,42.93120849147729,7.059291849622169,5548,1389,774,0.08,1389,615,4159,525.8299999999999,23.01000000000022,2.6415381397029463,180.74750108648243,68.42509610965085,0.35393123346958405,0.6540570883138278,2.0148754183826956,20.378369242364947,0.1773848078158569,-0.35069799725739215,0.01122426986694336,6,0.6258640885353088,892.8673355553692,132.04542114481129,760.821914410558,14.670165574890584,rmse_cf
11d0f5ac,4883,28.76000000000022,22.169205194123972,938.4387863397442,26.184731991455315,22.8745912120945,11.030589581776827,6378,1495,770,0.08,1495,725,4883,522.8799999999992,28.76000000000022,2.859164626682991,169.7844228094563,59.38252775826646,0.4040548842924432,0.7691026213455523,2.6901629865885583,11.265026495348781,0.39105407706887535,-0.23558566523501662,0.00021392107009887695,2,0.7459638714790344,937.2086520490722,46.65706876237163,890.5515832867005,22.169205194123972,rmse_cf
12203f2a,3261,20.920000000000073,13.762320645487467,999.158013875441,28.357438315259003,58.7702580376442,6.4758076034158405,4991,1730,1033,0.08,1730,697,3261,807.9799999999996,20.920000000000073,2.141142107477909,155.87954110898607,72.80205296256561,0.291015026065624,0.820217821495055,-3.0003262893638767,15.002491827908209,0.3703043539385521,-0.11445936209512819,6.628036499023438e-05,2,0.8449921607971191,1046.51155448844,42.41441238471455,1004.0971421037254,13.762320645487467,rmse_cf
122bd617,4570,40.18000000000029,11.670160284769418,1600.4975698715439,169.5214653163516,256.32497524255706,10.349349821560017,6408,1838,1214,0.08,1838,624,4570,1017.8700000000008,40.18000000000029,1.8057315767239417,113.73817819810769,62.98731199265939,0.30459518599562363,0.9286177338868937,1.082702213221881,11.368417334486685,0.2936071082129807,-0.2656631543864724,9.387731552124023e-05,9,0.9171836972236633,1564.3889067943146,160.3691193303366,1404.019787463978,11.670160284769418,rmse_cf
125be846,6510,27.039999999999054,18.441379950265283,1372.3047024815141,45.41570063024018,17.49325953434661,7.203928138824822,8033,1523,776,0.08,1523,747,6510,576.2600000000002,27.039999999999054,2.642904244611806,240.7544378698309,91.09465027371557,0.27588325652841783,0.6966705459092292,1.2973630698092222,16.377872914555606,0.4153495743060463,-0.11987845771848954,0.03905206918716431,8,0.6599375605583191,1398.694274377533,93.4554138780765,1305.2388604994565,17.49325953434661,rmse_z_lateral
1285a37b,5597,10.730000000001382,5.549117512133954,1754.9119651028316,17.448743078496108,21.971285992962695,2.212314398635492,7403,1806,1104,0.08,1806,702,5597,879.4799999999996,10.730000000001382,2.0534861509073554,521.6216216215544,254.0175989943103,0.0418081114882973,0.8048130238636356,3.9193918799438165,14.104678815486027,0.4475161232563223,-0.1970122686283291,0.0002218484878540039,9,0.8263152837753296,1616.6873123781083,9.124447844290536,1607.562864533818,5.549117512133954,rmse_cf
1295a25b,5551,32.22999999999956,9.716800903498608,1005.9148570291766,51.16396246672253,82.9042527292484,8.138004765377481,7037,1486,799,0.08,1486,687,5551,555.3199999999997,32.22999999999956,2.6759345962688195,172.23084083152577,64.36287384290904,0.44550531435777335,0.7288265008319565,0.5429576846703908,14.1007517750779,0.38195955557120626,-0.07060668356998295,0.005649924278259277,11,0.710688054561615,1117.0962022747624,16.712645567119115,1100.3835567076433,9.716800903498608,rmse_cf
12f0cd90,5947,35.17000000000007,7.895034499573364,1196.7489181942615,41.80290681482083,23.955956944655902,7.889508459586996,7431,1484,1104,0.08,1484,380,5947,541.9300000000003,35.17000000000007,2.7383610429391236,169.09297696900734,61.74970148841927,0.2914074323188162,0.8149049777875849,-1.2295703129395734,13.882185057054185,0.3838755921132543,-0.12663917539514136,0.0012753605842590332,26,0.8289970755577087,1176.850358744103,120.69679840076348,1056.1535603433394,7.895034499573364,rmse_cf
137d1e44,4554,52.97999999999956,25.010172511867026,1423.4723813590385,11.202772939457041,51.47177441261648,18.817221023873685,6313,1759,1034,0.08,1759,725,4554,867.2099999999991,52.97999999999956,2.0283437690986057,85.95696489241294,42.377907631807474,0.4857268335529205,0.6186940692390819,-10.937189696621333,21.274077601678243,0.5572619740461539,-0.15510547063140412,0.00013369321823120117,7,0.6980171203613281,1415.1810689747786,41.05688024247956,1374.124188732299,11.202772939457041,rmse_md_last512
13ce113d,2966,14.380000000001019,3.381014512965784,961.0629054697328,17.4281316854112,15.581798773513936,3.3403345970903953,4875,1909,1417,0.08,1909,492,2966,906.5300000000007,14.380000000001019,2.1058321291076947,206.25869262863628,97.94640787251849,0.19116655428186108,0.7886757338482742,0.03446492250783147,14.372439445043774,0.40838159873610835,-0.34105588306541235,0.0007540583610534668,49,0.7865996956825256,1141.8829002156242,37.14091703173512,1104.741983183889,3.381014512965784,rmse_cf
13f598d9,7306,25.8700000000008,15.16858992587756,1643.318275082724,18.698450481231827,15.769250039208663,5.830645793213274,8934,1628,887,0.08,1628,741,7306,647.539999999999,25.8700000000008,2.5141304012107395,282.4120603014988,112.32991740026553,0.556118258965234,0.8155789950666146,0.9635366683505394,12.395313339917537,0.4900767850147597,-0.11514376892200318,0.0040149688720703125,11,0.8432307243347168,1703.7911227597094,18.44381419166243,1685.347308568047,15.16858992587756,rmse_cf
14a53cb3,6919,20.36999999999898,8.94761773897247,1792.3407885442211,121.38347386192784,62.61666497838013,4.611866486974306,8780,1861,1070,0.08,1861,791,6919,812.6599999999999,20.36999999999898,2.2900105825314405,339.66617574866694,148.3251554991465,0.13079924844630728,0.8268335224940574,-1.3834104065914903,18.03186425079286,0.47847536413182945,-0.25008190742311787,3.361701965332031e-05,19,0.8181511163711548,1828.412200064096,37.307280045759924,1791.104920018336,8.94761773897247,rmse_cf
14ab73fb,3649,30.329999999999927,14.81915286795364,930.2515517255517,44.98388546380222,23.396909101888284,7.071383073722067,5279,1630,953,0.08,1630,677,3649,660.3200000000015,30.329999999999927,2.4685001211533746,120.30992416749122,48.7380669486368,0.4097012880241162,0.7231511647558322,3.7268131138340155,19.09906137795489,0.3461959388522541,-0.4839535308046441,0.0001334547996520996,3,0.7093225717544556,889.1839308902418,14.178638323770747,875.005292566471,14.81915286795364,rmse_cf
14ad5efb,5842,25.219999999999345,6.298504340917485,1149.5141295868661,85.67826869774183,29.17091023784715,6.212399165853378,7352,1510,1373,0.08,1510,137,5842,554.1900000000005,25.219999999999345,2.7246973059780917,231.6415543219727,85.01551853622131,0.20386853817185896,0.8418950612509509,-0.02511873533802596,12.125160750526954,0.2586301562834504,-0.10190538806570681,0.0,25,0.8706961870193481,1167.6456307800263,37.40905899948058,1130.2365717805458,6.298504340917485,rmse_cf
14fee784,4910,52.19000000000051,21.419815878785553,1061.8177316902027,58.512163140803324,35.590231622489156,16.876426413261047,6406,1496,813,0.08,1496,683,4910,550.1599999999999,52.19000000000051,2.7192089573942133,94.07932554129052,34.59804929130774,0.6004073319755601,0.8420503694204745,-3.720032554966947,13.664729937873824,0.3043087641184752,-0.2972881103871621,0.0,25,0.8247710466384888,1045.127773865601,43.84487389472327,1001.2828999708778,21.419815878785553,rmse_cf
153552f5,4695,17.0,5.161441840641978,1301.727973426929,23.111950631636763,53.227152337353395,4.551976515660684,6498,1803,1026,0.08,1803,777,4695,765.460000000001,17.0,2.35544639824419,276.1764705882353,117.25016149554678,0.2078807241746539,0.9007494256857541,-0.23356887000728235,14.421026800754152,0.19944114575234534,-0.36936970592950796,0.0035376548767089844,34,0.8801948428153992,1368.101441639246,38.08742329909371,1330.0140183401525,5.161441840641978,rmse_cf
1550491d,4563,30.44999999999891,21.167156242041475,788.8331781234361,30.50790147338252,60.41579451373187,7.457116258761442,5929,1366,654,0.08,1366,712,4563,431.47000000000116,30.44999999999891,3.165921153266731,149.85221674877386,47.33289601800412,0.037256191102344946,0.8255143134993685,-2.9325777952956757,12.470495402379473,0.06714596765067293,-0.46023581372336986,0.0007858872413635254,13,0.8398405909538269,770.0654821541528,58.8100598241317,711.2554223300211,21.167156242041475,rmse_cf
155887bb,5585,35.159999999999854,11.793313793912793,2347.9278550414765,484.30268546871196,61.82006128019558,8.105597453079683,7062,1477,1234,0.08,1477,243,5585,985.5,35.159999999999854,1.4987316083206494,158.84527872582547,105.98647405842992,0.2712623097582811,0.8131336049424069,-1.326643837209964,13.823268564507236,0.25672451441069266,-0.19358397733864802,0.00728529691696167,13,0.7515460848808289,2404.972605471537,122.6194778652393,2282.3531276062977,11.793313793912793,rmse_cf
1590af81,3799,19.2400000000016,5.560887269871239,671.735434726096,25.030672929699712,40.33539208384333,5.159390600749478,5231,1432,694,0.08,1432,738,3799,462.3700000000008,19.2400000000016,3.0970867487077394,197.45322245320602,63.754501721849884,0.2082126875493551,0.8377673224037558,0.4875410799320134,9.98141479165777,0.21661757185733696,-0.292681559859719,0.0,20,0.8473156094551086,689.9559710145633,45.193519093872155,644.7624519206911,5.560887269871239,rmse_cf
15e154a1,6068,36.95999999999913,23.22648490243106,1532.7783854340496,36.09492141590124,12.551563546411007,7.303816368014165,7699,1631,1009,0.08,1631,622,6068,706.2800000000007,36.95999999999913,2.309282437560172,164.17748917749304,71.09459046982214,0.48599208965062624,0.9517901635088494,2.1007570507020397,10.379096617445988,0.08355696395297449,-0.4655950192306054,2.4974346160888672e-05,7,0.9582226276397705,1564.0389425992555,67.17545086430921,1496.8634917349464,12.551563546411007,rmse_z_lateral
1619e2ca,4443,29.05000000000109,7.812315673810556,1124.0541167418432,65.74910011958802,32.19619654783014,7.277631988483735,6002,1559,903,0.08,1559,656,4443,680.0200000000004,29.05000000000109,2.2925796300108807,152.94320137693057,66.71227440688928,0.3968039612874184,0.8416313394640833,-1.5258046882489757,12.627669561436486,0.2799181704802155,-0.30465874682643,0.00041306018829345703,13,0.8236396312713623,1140.0636475683468,22.34594604790283,1117.717701520444,7.812315673810556,rmse_cf
16e4a047,4131,14.6200000000008,10.715407020528387,1505.3712155664755,303.2353316429982,115.29625424746511,2.6759224399961887,5684,1553,1281,0.08,1553,272,4131,863.7399999999998,14.6200000000008,1.7979947669437566,282.55813953486825,157.151814193076,0.5727426773178407,0.74064248678461,1.6248132067306271,19.60997496307934,0.15600195797726601,-0.18499026849222516,0.0038886070251464844,22,0.7451773285865784,1462.9931831957206,109.21150877500462,1353.781674420716,10.715407020528387,rmse_cf
173ed841,4883,45.279999999998836,17.58051747694951,1328.1493032775595,13.842117391438348,42.43901168689565,10.801253321046527,6530,1647,923,0.08,1647,724,4883,754.8299999999999,45.279999999998836,2.181948253249076,107.8401060070699,49.42376880225657,0.38951464263772273,0.42498016211508427,3.670139828185037,23.35078645127421,0.3577648283764113,-0.264887245821786,0.0,7,0.43137580156326294,1388.2979603767808,50.207621340170036,1338.0903390366107,13.842117391438348,rmse_md_last512
1770d7c6,7240,29.43000000000029,12.332849608315879,1768.847728938259,23.660721478857432,23.722335029545523,8.631600019243358,9121,1881,1177,0.08,1881,704,7240,794.9799999999996,29.43000000000029,2.366097260308437,246.0074753652711,103.97183560121377,0.04599447513812155,0.6616515896504245,-1.5052973870009607,15.914252204150273,0.5848064624458418,-0.08952425097020567,0.0009365081787109375,2,0.70853191614151,1740.834593120477,10.801626009459648,1730.0329671110173,12.332849608315879,rmse_cf
177622d7,3154,19.520000000000437,9.800349606500166,733.271961582391,53.69961517401253,84.25264665161838,6.613502498688989,4699,1545,828,0.08,1545,717,3154,550.1900000000005,19.520000000000437,2.808120830985657,161.5778688524554,57.53950010610519,0.5630944831959417,0.8377740156457897,0.5094178487244864,12.534829325657833,0.3841145430947764,-0.3147682136099194,0.0035442113876342773,39,0.8309670686721802,753.6908904847171,48.737758012178816,704.9531324725383,9.800349606500166,rmse_cf
18d24f7b,4558,19.590000000000146,7.530076271970659,1072.4278070709559,7.494115044107774,11.82879845376628,5.847378297023881,6260,1702,983,0.08,1702,719,4558,653.0299999999988,19.590000000000146,2.6063121142979697,232.66972945380124,89.27162950952734,0.13097849934181657,0.827802839191385,-0.9592618101651711,11.005267817846244,0.4030831170604541,-0.1312425100444914,9.5367431640625e-07,36,0.8186521530151367,1124.0314950325326,22.766706839843973,1101.2647881926887,7.494115044107774,rmse_md_last512
19137a89,6267,40.98999999999796,18.119920942456794,1443.5313999644954,68.3384855050546,38.869880029952085,9.967886746663309,7958,1691,991,0.08,1691,700,6267,695.25,40.98999999999796,2.4322186263933836,152.89094901196174,62.86069325876192,0.057124621030796234,0.8420056741150149,-1.0381871353825254,11.956582804097838,0.3423831689677328,-0.13870741768831596,0.0,26,0.853066086769104,1473.697721419446,8.511685431067322,1465.1860359883788,18.119920942456794,rmse_cf
1944513c,4722,17.770000000000437,5.738736995920461,1434.130926589281,138.808501255069,49.42650070604617,4.104816723373866,6599,1877,1187,0.08,1877,690,4722,900.1800000000003,17.770000000000437,2.0851385278499848,265.72875633088825,127.43937766326003,0.03748411689961881,0.8280054975854734,-0.3568759944898954,14.198240410643239,0.37790062641173916,-0.15636951120407694,1.817941665649414e-05,11,0.825857400894165,1585.1677479406992,127.1589496685316,1458.0087982721675,5.738736995920461,rmse_cf
197f8a5a,6310,52.159999999999854,24.61555435098563,1827.7435509091272,28.60612770154645,30.136775173867523,13.71128561537789,8248,1938,1162,0.08,1938,776,6310,904.4200000000001,52.159999999999854,2.1428097565290463,120.97392638036844,56.45574741843799,0.5215530903328051,0.3563536516323201,-4.229412432278619,32.04366891853465,0.27416081539069903,-0.20944490640748792,0.0005331039428710938,209,0.34099894762039185,1882.6831092053792,34.52419512940915,1848.15891407597,24.61555435098563,rmse_cf
19871e7f,5293,17.349999999998545,5.353880109906093,1477.2752630443424,9.633707802196502,16.169430854026878,5.193879979355979,7152,1859,1126,0.08,1859,733,5293,830.0699999999997,17.349999999998545,2.23957015673377,305.0720461095357,136.2190173825402,0.14358586812771584,0.8077718679770866,-3.014689906632265,12.424967188539398,0.26991384694389275,-0.2070975519673971,0.0009800195693969727,10,0.7874053120613098,1365.7818334914562,6.985840568234023,1358.7959929232222,5.353880109906093,rmse_cf
198a5607,6251,23.899999999999636,9.944851115115334,1792.4694434098062,20.425228064258203,57.267368483392026,7.209764053561364,8094,1843,1158,0.08,1843,685,6251,851.6600000000017,23.899999999999636,2.164009111617308,261.5481171548157,120.86276150627823,0.26907694768836987,0.9012580232633499,4.000389961137096,16.546714177083533,0.4471043138699191,-0.14633816825766344,9.244680404663086e-05,11,0.8923894762992859,1906.4905443695727,67.67510735619295,1838.8154370133798,9.944851115115334,rmse_cf
19fb4f7b,5620,33.780000000002474,11.089880426882702,1842.6880572891225,90.70969954418129,62.09469666878714,10.246250297533052,7923,2303,1465,0.08,2303,838,5620,1125.4400000000005,33.780000000002474,2.04631077622974,166.37063351094105,81.30272070280226,0.04306049822064057,0.817588240474623,-4.981282576998923,13.896726807015645,0.6210519968116404,0.06672810433918819,0.004336059093475342,2,0.8491361141204834,1885.8099487229194,60.37005857573735,1825.439890147182,11.089880426882702,rmse_cf
1a518997,4606,14.720000000001164,10.76070073803029,1071.949482880535,99.45979853436393,51.56451940146155,2.3789232166013923,6544,1938,1139,0.08,1938,799,4606,771.3799999999992,14.720000000001164,2.512380409136874,312.9076086956274,124.54626996678681,0.4066435084672167,0.7050366710924592,-3.6336900661947786,14.543814941171679,0.3566528927195552,-0.11767883563459686,0.004345297813415527,22,0.7223104238510132,1101.6946690317939,6.517677868019244,1095.1769911637746,10.76070073803029,rmse_cf
1a68190b,4474,32.0,16.431826147748733,1121.9780977528615,18.71363286369049,30.64695429409126,9.19390601645914,6502,2028,1301,0.08,2028,727,4474,831.3200000000015,32.0,2.4394938170620173,139.8125,57.312094428007995,0.275592311130979,0.7362899020138527,-4.28412350232547,14.039439749301362,0.5047201812514687,-0.08185971129596636,0.013603150844573975,10,0.7681365609169006,1127.4644148821612,9.36416483166712,1118.1002500504942,16.431826147748733,rmse_cf
1a730ac2,4605,29.160000000001673,16.350400725581075,692.2012600166225,80.41811951559703,35.432448894862105,7.0955776309685685,6049,1444,800,0.08,1444,644,4605,418.78000000000065,29.160000000001673,3.448111180094555,157.92181069957942,45.79951238557477,0.2985884907709012,0.7944453280201575,1.8758919137537997,12.575891639407624,0.3042266213196687,-0.41277474202734765,0.0,9,0.789633572101593,673.1544868475445,60.12816249544656,613.026324352098,16.350400725581075,rmse_cf
1aaf1da0,4804,18.26000000000022,9.288199403984146,1434.7946451386977,60.08551221804221,55.704763374839295,5.62554294040916,6321,1517,1034,0.08,1517,483,4804,748.3000000000011,18.26000000000022,2.0272617933983668,263.0887185104021,129.77540412744506,0.2670691090757702,0.7962553468455779,3.725809485839522,19.250696885481,0.4034151909884263,-0.1183094166459519,0.0075446367263793945,21,0.7973573803901672,1526.1236873170724,57.634533341526264,1468.489153975546,9.288199403984146,rmse_cf
1b08ed48,5618,21.31000000000131,11.838490879530399,1191.970778560902,19.999867603870214,55.828469649723445,6.007737342592275,7175,1557,835,0.08,1557,722,5618,580.1900000000005,21.31000000000131,2.683603647081126,263.6320976067412,98.23809037280367,0.5802776788892845,0.859382904075806,-0.44033613932981874,10.674871102816475,0.360785619508614,-0.21702889782808998,0.0019311308860778809,4,0.8480591177940369,1207.6867661453725,58.80694582916474,1148.8798203162078,11.838490879530399,rmse_cf
1b1c5372,4261,46.100000000000364,17.833374900392585,891.5940215331224,33.99247164655042,39.31995399953887,14.29673082654302,5792,1531,902,0.08,1531,629,4261,543.0699999999997,46.100000000000364,2.81915775130278,92.42950108459797,32.7862110738162,0.30274583431119456,0.8619279995241106,1.6201248559289705,8.922715002282665,0.1488000334605468,-0.5429527752575897,0.007932305335998535,10,0.8481371402740479,838.0408235230005,20.946327574412788,817.0944959485878,17.833374900392585,rmse_cf
1b1eba53,4655,98.88000000000102,70.63937461968057,1228.0855188856717,25.00288735658728,115.71237693457843,25.35739405716547,6710,2055,1332,0.08,2055,723,4655,933.1299999999992,98.88000000000102,2.2022654935539547,47.0772653721678,21.376743862156157,0.16305048335123523,0.8261888502713337,-3.0233844534112575,14.247626098388507,0.3680478127340946,-0.18022412100314955,0.006577908992767334,5,0.7708337903022766,1268.881320328777,67.42984128036453,1201.4514790484125,25.00288735658728,rmse_md_last512
1b6ba517,6597,18.51000000000022,7.818279827064867,1944.6207973908863,6.97294846260982,18.36005681303068,3.76854893795841,8611,2014,1324,0.08,2014,690,6597,890.6400000000012,18.51000000000022,2.2612952483607263,356.40194489464733,157.6096465744633,0.42382901318781263,0.6518555284243465,-4.586961041486062,21.091399212857453,0.5376732291916773,-0.10657458016140575,0.00458371639251709,6,0.6192305684089661,1988.8817716226363,20.045971927313357,1968.835799695323,6.97294846260982,rmse_md_last512
1b82b665,3806,18.410000000001673,6.106594455886377,1133.5645827236694,31.277768435005655,20.045023419970097,5.825223116730375,5364,1558,949,0.08,1558,609,3806,720.5600000000013,18.410000000001673,2.1622071721993965,206.73546985332177,95.61316441431951,0.0651602732527588,0.6177823204554018,-0.7085351553468995,16.224455822507107,0.33737305945979146,-0.16181566842951145,0.011437594890594482,3,0.6014940738677979,1090.670005668334,62.580836359290345,1028.0891693090437,6.106594455886377,rmse_cf
1bcb2fcf,4524,22.44999999999891,6.2062031463179,1138.3165485144607,27.08282000298406,18.354116529286646,4.323903078184959,6202,1678,967,0.08,1678,711,4524,633.4800000000014,22.44999999999891,2.6488602639388716,201.51447661470914,76.0759181441515,0.06631299734748011,0.7053346698523757,-1.355016173275801,15.969614699133556,0.48426959256926544,-0.034019671312249866,0.0,9,0.6873069405555725,1222.5144038870392,11.695072607979661,1210.8193312790595,6.2062031463179,rmse_cf
1beca81d,5036,25.30999999999949,8.154769966888065,1248.8747517422769,132.87024790744465,56.385464569333195,7.261556674034322,6650,1614,976,0.08,1614,638,5036,609.6599999999999,25.30999999999949,2.647377226650921,198.9727380482063,75.15843833858081,0.47934868943606035,0.9068563346238614,0.5873808370368763,9.641922835302,0.5100603181047692,-0.08135615384524142,0.0,2,0.9185986518859863,1304.7270784377495,76.54451936577723,1228.1825590719723,8.154769966888065,rmse_cf
1d3fbf02,2694,15.229999999999563,5.906372283901897,473.0784271523725,6.519717779722792,6.651053665624323,4.744634072872756,4252,1558,756,0.08,1558,802,2694,474.35000000000036,15.229999999999563,3.284494571518918,176.88772160210618,53.855385585339626,0.3593170007423905,0.7737333190305843,4.305059091481315,12.801934419672675,0.27883956423122147,-0.15883405083969226,0.0,4,0.7980818748474121,463.52029003802977,9.03651631252196,454.48377372550783,5.906372283901897,rmse_cf
1d78281a,4949,26.80999999999949,11.881246003992382,1460.8663213421005,20.780494501844164,8.839298987557417,8.06329417866624,6810,1861,1183,0.08,1861,678,4949,865.130000000001,26.80999999999949,2.151121796724189,184.5953002611001,85.8135046291702,0.21479086684178622,0.8214398466674437,-2.493030088326238,11.162102006246663,0.4414619591221434,-0.18345318192351628,0.00016570091247558594,6,0.8255447149276733,1456.141324787049,24.51563318715208,1431.6256915998968,8.839298987557417,rmse_z_lateral
1e30dedf,4071,25.049999999999272,12.137059232129838,582.7891598770352,20.804983282426416,47.695739483417505,7.925009651504412,5474,1403,654,0.08,1403,749,4071,357.28000000000065,25.049999999999272,3.92689207344379,162.51497005988497,41.38513792088084,0.4750675509702776,0.9404156043678837,-3.493349655334271,7.409755692118385,0.19524165061721707,-0.3476854956327535,0.0019401907920837402,3,0.9440426826477051,579.7735905092876,48.16143311718774,531.6121573920999,12.137059232129838,rmse_cf
1e5e3573,5480,29.76000000000022,11.921759172625736,1422.7836954407942,80.22923140076053,30.775221122684872,8.010335072111289,7126,1646,1041,0.08,1646,605,5480,731.4399999999987,29.76000000000022,2.2503554631958917,184.1397849462352,81.82697709664279,0.5923357664233576,0.8077241963360284,1.3060205223040462,14.131169464111407,0.3654953572512576,-0.29645660946993047,0.0038431882858276367,9,0.8181036114692688,1487.568663631118,122.04551505660518,1365.5231485745128,11.921759172625736,rmse_cf
1f9afacb,5328,7.539999999999054,2.518404175433652,1516.6675799944537,4.860608229452715,5.78773728724698,1.993808474237502,7054,1726,1062,0.08,1726,664,5328,780.6999999999989,7.539999999999054,2.210836428845911,706.6312997348366,319.62170087079147,0.44069069069069067,0.872058613112279,1.5992729001556825,13.176424077989935,0.1781748590710295,-0.2689564560332589,0.0022935867309570312,13,0.8573050498962402,1423.2314230914349,8.313255193785428,1414.9181678976495,2.518404175433652,rmse_cf
1fdbba44,4911,17.770000000000437,5.835321753197851,854.2592109369069,38.0197215219447,7.253924099043339,4.6310021746226395,6333,1422,719,0.08,1422,703,4911,466.5,17.770000000000437,3.0482315112540195,276.36465953854133,90.66393366717969,0.19894115251476277,0.6553868312866393,-0.551111802526279,12.731631086456048,0.5595724932175786,-0.13472687346279866,0.0,11,0.6898403167724609,927.6512247447175,52.30247226303685,875.3487524816807,5.835321753197851,rmse_cf
1fee2b62,4641,25.770000000000437,8.271183690259376,1312.7574147963194,6.779754871027482,7.0734387585771845,7.888696984863068,6323,1682,1001,0.08,1682,681,4641,763.539999999999,25.770000000000437,2.202897032244548,180.09313154830895,81.7528594901282,0.5850032320620556,0.6626003204518289,6.039370168219704,18.995246073080352,0.5745705558150856,-0.01048316586642506,0.0006405115127563477,13,0.6918889880180359,1266.880752489841,6.532350255281761,1260.3484022345592,6.779754871027482,rmse_md_last512
20096916,5133,21.969999999999345,10.457150039432173,1389.036835717005,178.22693527454922,67.17182405600195,5.3167870750240676,6880,1747,1023,0.08,1747,724,5133,806.1900000000005,21.969999999999345,2.1669829692752316,233.63677742376663,107.81661911348972,0.5176310150009741,0.5845109251838476,1.3705857077705905,23.689990258198495,0.2612256133565438,-0.17041080226073974,0.00950402021408081,25,0.6299878358840942,1383.202320799363,118.66515186718773,1264.5371689321753,10.457150039432173,rmse_cf
200d233d,3926,19.420000000000073,12.776233899276743,827.9604653953959,90.45978410255564,84.20085833885558,5.038067519359531,5896,1970,1205,0.08,1970,765,3926,715.9499999999989,19.420000000000073,2.75158879810043,202.16271884654918,73.47126830364806,0.0781966377992868,0.7719997393396191,-1.538142820215152,13.892636378998658,0.2268445984429012,-0.14577181388866675,0.0008103251457214355,6,0.7946695685386658,835.7659236794699,44.77340162903752,790.9925220504324,12.776233899276743,rmse_cf
201661b5,5955,45.969999999999345,12.376074593108253,1805.317860277211,12.481344655418747,37.26043786197119,10.471628319151637,8136,2181,1439,0.08,2181,742,5955,1144.2900000000009,45.969999999999345,1.9059853708413061,129.54100500326484,67.9653721298423,0.06616288832913518,0.7704912511580744,7.246492216022435,16.816753361993534,0.49494480375487465,-0.22947687986088044,0.000773310661315918,4,0.7928360104560852,1884.2508265076126,35.839782376536235,1848.4110441310763,12.376074593108253,rmse_cf
203721ab,5730,28.969999999999345,10.037088673521446,1379.048166095377,14.27767826594017,18.043969952958307,7.742155712282106,7235,1505,863,0.08,1505,642,5730,580.4699999999993,28.969999999999345,2.592726583630509,197.79081808768137,76.28680144541946,0.2048865619546248,0.8033361381531743,1.4080349230171687,9.718422595204842,0.2723232136024093,-0.441179901820962,0.027725696563720703,24,0.790401041507721,1315.1876714206935,28.09982188295051,1287.087849537743,10.037088673521446,rmse_cf
20402d71,6372,25.3700000000008,11.661871660575386,1682.8089486745832,84.80948829923226,53.82602105169518,5.128056934200898,7930,1558,845,0.08,1558,713,6372,679.9399999999987,25.3700000000008,2.2913786510574505,251.1627906976665,109.61208466429464,0.013339610797237916,0.678215109163504,-6.280814520615316,18.83736011382619,0.4618510056513454,-0.19841029333050364,0.0025727152824401855,16,0.7031517624855042,1647.9096769288979,34.896505760351694,1613.0131711685463,11.661871660575386,rmse_cf
2043abc5,6958,32.61999999999898,18.043675019417094,1313.6409882728803,58.72670560010993,31.991700666334545,9.590884791190446,8513,1555,865,0.08,1555,690,6958,527.8299999999999,32.61999999999898,2.9460242881230703,213.3047210300496,72.40426424520325,0.6724633515377982,0.8162894789613138,0.06771785455987557,15.190040937814606,0.42400850115549127,-0.2500929477253153,0.0,4,0.8133963346481323,1363.406201125799,7.999811100611464,1355.4063900251876,18.043675019417094,rmse_cf
204cc64b,4805,26.210000000000946,6.09488008126444,1364.4780346664272,133.87918057942804,145.47035715880386,5.817683617044886,6454,1649,1041,0.08,1649,608,4805,771.1200000000008,26.210000000000946,2.1384479717813027,183.3269744372311,85.72898515951351,0.3573361082206035,0.7764133761385382,-1.3257127188849676,18.630294063280928,0.5271430396596315,-0.2608072730733091,0.00022917985916137695,3,0.8024911880493164,1400.0350331756356,153.05313980951905,1246.9818933661165,6.09488008126444,rmse_cf
206b6193,6535,70.06999999999971,36.50899923584182,1419.8325881326384,40.86387690457819,18.871382736445632,18.443479309216023,8568,2033,989,0.08,2033,1044,6535,752.6499999999978,70.06999999999971,2.7011226997940687,93.26387897816508,34.52782022278197,0.04100994644223412,0.8409626267420769,1.0627043413391948,12.094687634727563,0.3895460423222106,-0.1310388959092018,0.006914198398590088,19,0.8896660804748535,1405.6960680388856,33.112010515456696,1372.584057523429,18.871382736445632,rmse_z_lateral
2075c696,3188,32.11999999999898,21.898881254260402,1010.5991932092147,8.062149662521264,26.70072297561901,12.081568449211591,5580,2392,1620,0.08,2392,772,3188,1116.2900000000009,32.11999999999898,2.1428123516290554,99.25280199253116,46.31894244826199,0.0809284818067754,0.7376933468321741,-1.9928747347594715,16.193191472655315,0.30867955178562023,-0.10889362488724802,0.010403573513031006,28,0.7417993545532227,1095.546455930585,27.4783029017566,1068.0681530288282,8.062149662521264,rmse_md_last512
22c5f93f,5172,26.150000000001455,7.091232323797548,1600.7437294052202,11.26102398672985,7.570214043702784,6.7528212103085945,6919,1747,1095,0.08,1747,652,5172,830.4799999999977,26.150000000001455,2.103602735767273,197.78202676863145,94.0206168235905,0.5676720804331014,0.6734361575675002,5.935668423203899,26.5912429662016,0.4145352399485284,-0.17391551514175424,0.024148643016815186,18,0.6795415878295898,1568.222268933909,25.676234323879527,1542.5460346100294,7.091232323797548,rmse_cf
230eaaa3,4690,83.3700000000008,25.322864048616943,1566.5855123558965,29.062314586870762,26.594733753781096,22.83552261021077,6451,1761,1245,0.08,1761,516,4690,917.1299999999992,83.3700000000008,1.9201203755192846,56.25524769101541,29.29777133155078,0.18891257995735608,0.7472258691861111,2.0526827874104314,18.316545258991894,0.2677725798439855,-0.2275230607175895,0.014126300811767578,20,0.7329444885253906,1406.608115169126,12.51770845366781,1394.0904067154581,25.322864048616943,rmse_cf
2364716c,4316,33.47999999999956,19.668009235301668,1144.0095637485188,31.921030623792834,34.383813248605044,9.475180888125388,6093,1777,1137,0.08,1777,640,4316,763.5499999999993,33.47999999999956,2.3272870146028444,128.9127837514951,55.39187171269217,0.293790546802595,0.8945964131503118,-2.3712978445263984,12.998861832393322,0.2811200930561218,-0.33752715097798486,0.0004379749298095703,14,0.8568641543388367,1139.7001408977258,33.25048416346513,1106.4496567342605,19.668009235301668,rmse_cf
23b9beb0,7340,18.19000000000233,5.499363741994015,1366.6200682995186,30.112465873268953,27.477034280117365,4.696440158235289,8790,1450,829,0.08,1450,621,7340,500.1700000000001,18.19000000000233,2.899014335126057,403.5184167124277,139.1915906807276,0.2271117166212534,0.764964204020053,-3.6760422190161153,12.877440873143462,0.15764634652506174,-0.14392635784102323,0.005053460597991943,15,0.7894987463951111,1422.0717312677593,44.46616703660231,1377.6055642311571,5.499363741994015,rmse_cf
24d8997e,3442,18.909999999999854,5.6395027824068205,881.0002666534415,11.663821051644625,6.226688293961959,5.3643725388843935,5188,1746,947,0.08,1746,799,3442,710.039999999999,18.909999999999854,2.459016393442626,182.02009518773275,74.02150537634455,0.14875072632190586,0.8180783981994054,-0.3193464369319473,15.447485302225072,0.3668098806443989,-0.3793599023300597,0.0016192197799682617,12,0.8186444044113159,978.4822656760447,13.440291944874284,965.0419737311704,5.6395027824068205,rmse_cf
25050f63,6124,48.36000000000058,37.996607342363916,2396.5129876613787,1774.1324478830275,,8.055411828623958,7155,1031,1086,0.08,1031,0,6124,676.9899999999998,48.36000000000058,1.5229176206443231,126.63358147228962,83.15195763426317,0.04996734160679295,0.8527645750307054,4.158617235020349,15.588420345945645,0.3901474194790447,-0.15743983345479923,0.003731369972229004,9,0.8498325347900391,2408.1413415194024,,,37.996607342363916,rmse_cf
25939962,4319,34.73000000000138,11.099661933822553,1271.3471330182049,10.699076854620948,9.675371922249127,10.285379138319826,6071,1752,1101,0.08,1752,651,4319,809.2399999999998,34.73000000000138,2.1649943156541944,124.35934350704947,57.440956129934186,0.6225978235702709,0.7784230136491558,-2.9803459467995568,16.725953244887595,0.3528077036684377,-0.13868797069079575,0.0014113783836364746,12,0.7395021915435791,1348.8510255752367,11.259225238759907,1337.5918003364768,9.675371922249127,rmse_z_lateral
25fd32b3,2885,6.059999999999491,3.1781649872704114,542.3309196474514,26.401307018796917,48.35017189068042,1.2705134549057848,4546,1661,939,0.08,1661,722,2885,524.1900000000005,6.059999999999491,3.168698372727443,476.07260726076606,150.24232390127708,0.2558058925476603,0.8270173360921993,-2.1148689734631927,16.664939690156373,0.4496117457160047,-0.13073170953180835,0.00014495849609375,15,0.818659782409668,615.8617222965279,15.837501489306538,600.0242208072214,3.1781649872704114,rmse_cf
261785ee,3646,37.47999999999956,23.57894263400833,1374.0590322016803,52.022354237564755,72.12263684461189,10.585648867830768,5512,1866,1206,0.08,1866,660,3646,983.3600000000024,37.47999999999956,1.897575658965176,97.27854855923272,51.26464818392675,0.37602852441031265,0.9274762750944158,-3.7734646428996323,12.359309434758362,0.41895677610477733,-0.3057823895253693,3.17692756652832e-05,8,0.9371941089630127,1313.089300634184,29.304312079458146,1283.7849885547257,23.57894263400833,rmse_cf
264feceb,5665,18.8799999999992,10.863394363873287,1549.1192467131239,17.74765657880177,24.48748790509773,3.0116633328801696,7408,1743,955,0.08,1743,788,5665,773.5799999999999,18.8799999999992,2.253160629799116,300.0529661017076,133.1698069517837,0.04289496910856134,0.7882388536484739,-1.086835625907202,11.943538504042785,0.5686645775548433,-0.0967312617944327,0.0033777356147766113,45,0.7853107452392578,1491.0427106848454,35.26982302585381,1455.7728876589915,10.863394363873287,rmse_cf
26623a50,5735,34.600000000000364,21.675376849132046,1684.4073636101148,22.54850743458796,25.99418304308309,8.008529722476334,7479,1744,1036,0.08,1744,708,5735,811.8999999999996,34.600000000000364,2.1480477891365943,165.75144508670346,77.16376047356334,0.28055797733217086,0.8080233805002562,3.2122945777593412,15.589969064208526,0.28614047094626016,-0.3852130294593563,0.00279313325881958,16,0.7638803124427795,1684.7320759695197,24.97222363230926,1659.7598523372103,21.675376849132046,rmse_cf
26d3a96a,4721,38.38000000000102,9.063491001698889,1247.3389558057652,101.89243631402722,215.64121700198066,6.5349030032104825,6465,1744,1076,0.08,1744,668,4721,760.1400000000012,38.38000000000102,2.2943142052779715,123.00677436164342,53.61374395829116,0.31709383605168395,0.9056877578089289,0.9770769142837613,12.065287852705548,0.44207359755349585,-0.3850787781658426,0.00025147199630737305,12,0.9258290529251099,1319.8027734661741,149.18449283199215,1170.618280634182,9.063491001698889,rmse_cf
272abef3,4135,20.649999999999636,10.023016592838678,981.4373210351891,24.42426676926545,82.35999913396859,6.825942991727904,5682,1547,835,0.08,1547,712,4135,600.1000000000004,20.649999999999636,2.5779036827195454,200.24213075060885,77.67634302743403,0.046674727932285366,0.907892866766165,2.155014403624279,12.244591336921447,0.5855937892147154,-0.1434930635113003,0.000245511531829834,17,0.9094744920730591,921.2387139447995,54.95692315398592,866.2817907908136,10.023016592838678,rmse_cf
27300fd5,5467,27.6200000000008,17.389589831741016,1321.8586042608079,19.849034916584124,11.043498364808764,6.027491769598611,7386,1919,1170,0.08,1919,749,5467,766.7700000000004,27.6200000000008,2.5027061569962297,197.93627805937152,79.08890043125814,0.036948966526431315,0.872107589346064,-0.7174140280650823,15.272051289849555,0.30655672434632747,-0.055361090783867084,0.0015761256217956543,11,0.8811390995979309,1369.8889686352766,18.814725327165334,1351.0742433081111,11.043498364808764,rmse_z_lateral
276b012a,4837,48.13000000000102,27.08665184488836,740.453427176027,46.49587705768334,105.12330016387115,11.126266311045088,6291,1454,750,0.08,1454,704,4837,453.6899999999987,48.13000000000102,3.20483149286959,100.49864949095985,31.358481628303604,0.16001653917717593,0.7891263176192802,-3.871648147377273,21.90513248812604,0.41001850737177065,-0.11184310846299467,0.0,16,0.7913986444473267,791.0723585485164,47.152824020957475,743.9195345275589,27.08665184488836,rmse_cf
27c3155b,4958,24.76000000000022,18.11085336032788,1710.3691830284665,85.48712308925344,88.08930469105417,6.031465052362748,6941,1983,1263,0.08,1983,720,4958,1018.8600000000006,24.76000000000022,1.9462929156115647,200.24232633279306,102.8839619805495,0.03448971359419121,0.88395901206866,-2.599781913558046,14.309286101914195,0.3173965936044931,-0.23271458400062428,0.0009546875953674316,7,0.8689833283424377,1581.771991730412,8.610376976955465,1573.1616147534567,18.11085336032788,rmse_cf
27ebb9b9,5766,24.38000000000102,9.988233062217338,1532.4058648807206,8.518510394770674,53.14869848100854,7.114189366763087,7651,1885,1133,0.08,1885,752,5766,817.4500000000007,24.38000000000102,2.3059514343384895,236.50533223953073,102.56301529931277,0.21574748525841136,0.8633349401857641,-5.235445291306435,16.813420892572893,0.35951852465652573,-0.23947880910687075,0.008779704570770264,8,0.8563311696052551,1483.518964689621,42.470332338582324,1441.0486323510388,8.518510394770674,rmse_md_last512
283269ac,2626,3.6200000000008004,1.1159494538507433,898.4804707946155,1.137981226497216,3.6990115509999626,1.0074003361086006,4567,1941,1242,0.08,1941,699,2626,917.6599999999999,3.6200000000008004,2.1151624784778678,725.4143646407236,342.9591683957787,0.6770753998476771,0.844714104789911,0.8376688751303124,14.934454432234883,0.3620003317048004,-0.09269082790989891,0.022237420082092285,19,0.8642779588699341,899.2673679689387,14.104185186276082,885.1631827826627,1.1159494538507433,rmse_cf
28473855,4290,21.340000000000146,4.546502439117813,1406.155450847583,4.569410076230152,5.080124853882664,4.542466599126458,6620,2330,1558,0.08,2330,772,4290,1119.6499999999978,21.340000000000146,2.0810074576876745,201.03092783505016,96.60269457103583,0.03076923076923077,0.8298129131371851,-2.6391580935037986,17.22533602014998,0.2167272096863716,-0.17884897865029148,2.1159648895263672e-05,14,0.814116895198822,1396.8827890124248,9.826156470562326,1387.0566325418624,4.546502439117813,rmse_cf
28f4eda9,5266,22.8700000000008,12.159025419229918,652.6619508040484,148.9034224232787,52.640456901822574,7.517075205173388,6824,1558,715,0.08,1558,843,5266,408.4399999999987,22.8700000000008,3.8145137596709553,230.2579798863059,60.363651671862954,0.23129510064565134,0.7858670352591541,-0.30278081225096815,14.743298051551799,0.43796833639424604,-0.06166189538596045,0.0,11,0.8099056482315063,657.0570248554671,86.9088714319993,570.1481534234679,12.159025419229918,rmse_cf
29b24409,5587,20.590000000000146,13.756821410921399,1298.876912441235,29.864596382323786,35.793709063504025,5.272727849900804,7417,1830,1045,0.08,1830,785,5587,738.0,20.590000000000146,2.4796747967479673,271.3453132588616,109.4277820683278,0.5954895292643637,0.7437319502711061,-5.291752240881246,12.926505745283455,0.3465255417946359,-0.19246139639101478,0.01305854320526123,67,0.6639067530632019,1330.843983635415,8.323948599669743,1322.5200350357452,13.756821410921399,rmse_cf
29de15c8,3431,9.640000000001237,4.5857601721794286,856.1223861293662,19.398565482977865,2.058946556197692,2.6371295689985175,5164,1733,1047,0.08,1733,686,3431,644.3900000000012,9.640000000001237,2.6893651360201067,355.91286307049376,132.34084814425617,0.03993004954823667,0.8197711616143795,-1.8854549270733163,10.191268811204809,0.39062228386055264,-0.10846043688240775,0.0003121495246887207,14,0.837376058101654,954.8538541716559,6.690772512268314,948.1630816593877,2.058946556197692,rmse_z_lateral
2ab29395,1852,7.020000000000437,2.45945596628769,321.44450988145667,25.53571758525507,19.564718344712915,1.6212899115910135,3325,1473,861,0.08,1473,612,1852,362.64999999999964,7.020000000000437,4.061767544464364,263.81766381764743,64.95144316596723,0.35853131749460043,0.6452650168194768,2.3961345489844588,19.86813869192026,0.4285577512834623,-0.1215044448271595,0.0,11,0.6467702388763428,333.19406459006206,27.27495217676038,305.91911241330166,2.45945596628769,rmse_cf
2ac7cb6b,4990,65.81999999999971,19.596293256603055,1047.8301603362256,91.71632380764245,241.5316048834874,17.181553080031446,6451,1461,778,0.08,1461,683,4990,532.119999999999,65.81999999999971,2.7456212884311864,75.81282285019785,27.612265089012457,0.039679358717434866,0.9089150313119345,0.8268828831835656,9.060652890711497,0.3582138743417449,-0.17410495316790842,0.0006334781646728516,9,0.9119563102722168,1088.6712879913362,120.86268947045531,967.8085985208809,19.596293256603055,rmse_cf
2acc78d4,4266,33.02000000000044,13.626234402591441,1097.8926854071872,15.042569334155733,31.411467138371407,9.969196783620335,6109,1843,1122,0.08,1843,721,4266,780.8099999999995,33.02000000000044,2.360369360023567,129.19442761962276,54.73483506764926,0.6819034224097515,0.7950100963494993,2.550740132186577,18.95165390222119,0.3542395999831511,-0.24377423024679817,0.0340580940246582,17,0.7309273481369019,1096.5891142048938,17.45829502529889,1079.130819179595,13.626234402591441,rmse_cf
2b034622,5203,12.409999999999854,6.805621396093291,1220.7271675096188,13.419007285431084,30.892065483505668,2.9185284242064666,6761,1558,911,0.08,1558,647,5203,605.130000000001,12.409999999999854,2.574653380265393,419.2586623690621,162.84081794569383,0.3105900442052662,0.7820702500061496,-2.532861633806228,12.587743465916612,0.20397124055780075,-0.29435227793877977,0.0013296008110046387,7,0.7753997445106506,1337.0533769169544,25.815065834417517,1311.238311082537,6.805621396093291,rmse_cf
2b06ad65,4256,7.219999999999345,2.7463768040476424,823.3548954992586,37.70578781861401,3.3826827639715495,2.06192242801306,5706,1450,789,0.08,1450,661,4256,511.6800000000003,7.219999999999345,2.8338023764853015,589.4736842105798,208.01509981853079,0.03923872180451128,0.8314494835465283,1.0904973768080155,9.546152495008942,0.5538763981441228,-0.3237622090235702,0.0005862712860107422,13,0.8396769165992737,857.2077293369033,22.534291823277023,834.6734375136263,2.7463768040476424,rmse_cf
2b547943,3480,18.98999999999978,12.241457142013665,961.6850201574861,11.898374590724739,12.255744679052613,7.202869779275396,5131,1651,1021,0.08,1651,630,3480,731.1100000000024,18.98999999999978,2.2582101188603554,183.25434439178724,81.15026270640826,0.3563218390804598,0.8203553034452424,-2.276987914751778,14.703993534340706,0.32285235293826314,-0.1634138830637928,0.008010625839233398,7,0.8395334482192993,1001.6658826501262,11.049638137357203,990.616244512769,11.898374590724739,rmse_md_last512
2be5c96a,4210,14.81000000000131,3.6618588662445717,1001.0554756307789,12.741883967260415,7.865192658037523,3.5914516960300666,5753,1543,921,0.08,1543,622,4210,604.8299999999999,14.81000000000131,2.551130069606336,284.2673869007176,111.42802567670837,0.7743467933491687,0.8860975658660701,-0.1866437005642634,14.493613047525564,0.27394910056803345,-0.4472984797266334,0.002828657627105713,22,0.8782945275306702,1004.1383302184244,18.597134761695745,985.5411954567286,3.6618588662445717,rmse_cf
2bff06cf,7624,44.47999999999956,28.427941006681795,2580.5076997541582,170.5333072053461,25.035587312544397,8.805863873017971,9174,1550,1170,0.08,1550,380,7624,844.1299999999992,44.47999999999956,1.836210062431144,171.40287769784342,93.34600719424543,0.5001311647429171,0.7815213660416552,1.1187481821710639,14.652299948839012,0.3493516350959802,-0.06708687227502647,0.02126544713973999,17,0.7400089502334595,2662.6055280648216,89.37136445503734,2573.2341636097844,25.035587312544397,rmse_z_lateral
2c0c4a4e,4790,20.0,8.04594018660484,1142.8514152363666,89.6108184940796,208.68677344653048,5.472777289733833,6719,1929,1122,0.08,1929,807,4790,770.2199999999993,20.0,2.504479239697751,239.5,95.62866251944004,0.04676409185803758,0.9027313902354732,0.6863568155446734,11.965375846918414,0.17959174492839097,-0.18709290235628734,0.0009176731109619141,13,0.9165021777153015,1103.1518269995859,84.30670896266466,1018.8451180369212,8.04594018660484,rmse_cf
2cee0cba,5500,35.43000000000029,10.665140786694133,1427.2979044506064,92.37194195644662,30.677816456214227,7.101016442642393,7335,1835,1210,0.08,1835,625,5500,783.0700000000015,35.43000000000029,2.343340952916082,155.23567598080595,66.24545002195639,0.46963636363636363,0.942096304461502,-0.7331919684510457,6.301847471511829,0.3464648787514474,-0.1436697996519738,0.30187004804611206,1,0.9531382322311401,1379.1932647972355,39.07951866130593,1340.1137461359297,10.665140786694133,rmse_cf
2d0c268a,4550,27.19999999999891,14.874791132341558,1326.1772833603438,14.728715982461797,15.938993829488519,8.54415367336536,6289,1739,1046,0.08,1739,693,4550,794.0900000000001,27.19999999999891,2.1899280937928944,167.2794117647126,76.3858010858198,0.28285714285714286,0.9429057738635189,1.840244186926255,9.128770383946296,0.6157913343193573,-0.08691932747049991,0.00013053417205810547,9,0.9473515748977661,1369.416680195321,25.433695138452578,1343.9829850568685,14.728715982461797,rmse_md_last512
2d179ded,7008,24.850000000002183,7.749754286132607,1992.6440622205823,102.0688577871737,61.76356319649031,7.49463967422224,9225,2217,1382,0.08,2217,835,7008,995.7800000000007,24.850000000002183,2.2263953885396357,282.0120724345829,126.66756043703614,0.4634703196347032,0.8319061318658356,-3.475884243394182,12.884342368695078,0.5768304418842609,-0.017979349216851848,0.0,1,0.832122266292572,2073.7286636962567,31.170307642264756,2042.558356053992,7.749754286132607,rmse_cf
2d196986,6474,31.549999999999272,11.991317360702503,1639.0430430237468,6.76934099188366,4.350024746131354,8.12817689176595,8316,1842,1052,0.08,1842,790,6474,779.6299999999992,31.549999999999272,2.362659210138145,205.19809825674008,86.85048498583176,0.01282051282051282,0.8029595517048831,-12.399063208228407,20.046827869829226,0.19671972829769133,-0.3379068611158149,0.0075296759605407715,21,0.8206694722175598,1650.492621447883,3.565344681953056,1646.92727676593,4.350024746131354,rmse_z_lateral
2d2d0c6b,5045,13.590000000000146,3.045945300727323,1233.123985868217,46.56282029482957,18.175323330621453,2.9554585124818726,6967,1922,1211,0.08,1922,711,5045,789.0500000000011,13.590000000000146,2.4358405677713675,371.2288447387745,152.4027679194227,0.6251734390485629,0.6964598072528636,-7.592348645037108,23.8549253278658,0.6068556675707115,-0.08033856935488703,0.004850327968597412,17,0.7105590105056763,1345.4226767992318,5.392643772874659,1340.0300330263572,3.045945300727323,rmse_cf
2d35f86d,4896,30.779999999998836,11.216196779664774,1169.2680888220177,22.01890188110457,14.70043437737486,11.203404204122997,6628,1732,939,0.08,1732,793,4896,694.0100000000002,30.779999999998836,2.495641273180501,159.06432748538614,63.73685561093122,0.2534722222222222,0.6308851064968758,6.402342483929478,25.969399016490993,0.3797634800396142,-0.20249800407610435,0.03198599815368652,8,0.6137059926986694,1239.1182068116257,38.13515903410859,1200.9830477775172,11.216196779664774,rmse_cf
2d9f6cb9,7338,19.520000000000437,9.908706063856238,887.505754824365,47.66196668226345,49.57259149234049,5.823389258707244,8627,1289,627,0.08,1289,662,7338,329.15999999999985,19.520000000000437,3.9160286790618564,375.9221311475326,95.9957553828718,0.036249659307713275,0.7898337923643101,-1.0197878131579425,12.016610873969054,0.46404739119283195,-0.25658763859322636,0.0,16,0.8157839179039001,904.0982825756495,20.817627288048175,883.2806552876013,9.908706063856238,rmse_cf
2ddad940,5331,24.710000000000946,7.645816438023014,1245.2412307895136,19.75551337609938,19.0359196653893,7.06263693105332,6812,1481,859,0.08,1481,622,5331,592.6100000000006,24.710000000000946,2.499114088523647,215.74261432617547,86.32763718827479,0.1637591446257738,0.7388273256602851,13.441754285757689,25.270035396699253,0.2524173710715653,-0.06530140853540106,0.0011025071144104004,16,0.7335007190704346,1227.9610325900812,15.42885758210849,1212.5321750079727,7.645816438023014,rmse_cf
2e29e833,5428,17.649999999999636,4.3076518266215045,1528.7229416101923,27.69454064140175,70.15914295010484,4.2984892299253525,7254,1826,1113,0.08,1826,713,5428,807.7099999999991,17.649999999999636,2.260712384395392,307.53541076487886,136.03473528417308,0.04476787030213707,0.8394885163903678,-3.5018284638206487,12.668425532390131,0.28734986755037706,-0.37565824268797166,0.010275602340698242,13,0.8192524909973145,1559.925566146633,77.67110716353959,1482.2544589830934,4.3076518266215045,rmse_cf
2e43c2ea,5698,21.889999999999418,7.487396669090343,1519.7287974758738,89.71471908648044,63.916321276392146,6.0539564290629135,7349,1651,944,0.08,1651,707,5698,757.369999999999,21.889999999999418,2.179912064116617,260.3015075376954,119.40917793084438,0.3508248508248508,0.7590838516232821,-1.2978870519563603,19.819899361470753,0.49575794395751915,-0.20108728751070903,0.0017489790916442871,22,0.719574511051178,1638.1757007046942,69.56597108209935,1568.6097296225948,7.487396669090343,rmse_cf
2e63d9de,4699,41.669999999998254,13.77390817425645,1287.662255435864,39.41317622123306,18.008053491355145,13.217836916981824,6505,1806,1125,0.08,1806,681,4699,790.3799999999992,41.669999999998254,2.284976846580128,112.7669786417134,49.35147540356442,0.15556501383273036,0.8831001641168944,3.8476913624153077,11.860461816208815,0.30399330801356417,-0.20710590503178117,0.0020018815994262695,4,0.8949918746948242,1322.3456443677965,26.10745530262721,1296.2381890651693,13.77390817425645,rmse_cf
2ee0235b,5556,19.05999999999949,6.80295371229703,1467.777227703726,6.061256964710424,11.634496001886186,4.725711609534052,7256,1700,963,0.08,1700,737,5556,736.5900000000001,19.05999999999949,2.307932499762418,291.50052465897943,126.30374791679866,0.11753059755219583,0.8323123508666087,-1.700979778321089,10.274164568084728,0.20879682879791994,-0.09549127196400026,7.337331771850586e-05,34,0.8371322751045227,1434.1597469955914,27.8569051267368,1406.3028418688546,6.061256964710424,rmse_md_last512
2f19d536,3088,12.290000000000873,6.535598394413745,653.8367514427813,8.658801922214723,42.30067417476413,2.824668082151059,4744,1656,838,0.08,1656,818,3088,549.3600000000006,12.290000000000873,3.0144167758846625,251.26118795767132,83.35316800508845,0.37338082901554404,0.6179747097123421,4.746430766338507,18.001797966098074,0.27001025271209933,-0.2424442839787142,0.01169973611831665,14,0.6347023248672485,586.8077968671357,9.603734759277577,577.2040621078581,6.535598394413745,rmse_cf
2f8e53c3,2594,11.200000000000728,3.293055138227308,552.4492358201737,17.334693540393545,14.63389660693858,2.8236854212921743,4133,1539,1040,0.08,1539,499,2594,543.6499999999996,11.200000000000728,2.830865446518902,231.6071428571278,81.81495985333167,0.42058596761757905,0.7882857698863797,-1.2230736190652634,16.196647162270786,0.3116050612482565,-0.31444687811325966,0.002739250659942627,11,0.7695589661598206,567.8991768391697,7.94091827364895,559.9582585655207,3.293055138227308,rmse_cf
2fa01aa6,2174,34.2400000000016,18.77741961251621,723.321492648213,6.0509353354713005,80.04502472564326,11.130038644799916,3860,1686,959,0.08,1686,727,2174,787.8600000000024,34.2400000000016,2.1399741070748544,63.492990654202636,29.66998079289457,0.3969641214351426,0.7949448956709834,1.6178263871113374,14.078357723723373,0.4810948945491377,-0.08551973860798168,0.0,7,0.7806299924850464,609.7411586507485,53.76611701732272,555.9750416334258,6.0509353354713005,rmse_md_last512
2fd68f7b,4730,75.98999999999978,60.74015262396321,1253.6804470291654,59.82003543546445,56.00415303025466,23.476677833802395,6381,1651,1024,0.08,1651,627,4730,734.7199999999993,75.98999999999978,2.2471145470383296,62.24503224108453,27.699981882598173,0.6139534883720931,0.8879432147664003,1.355027686942366,10.258843489724732,0.34538305534859504,-0.1972114330803555,0.00012129545211791992,6,0.9079965353012085,1231.546993130909,30.44502698337654,1201.1019661475325,56.00415303025466,rmse_z_lateral
2fe023be,4221,34.919999999998254,12.90931147808348,1266.8938999676839,47.22420907682098,18.72089872782238,7.629819389680817,6060,1839,1053,0.08,1839,786,4221,878.1500000000015,34.919999999998254,2.094175254797013,120.87628865979985,57.72023539238902,0.4482350153991945,0.8046336512766195,-0.8465812044933393,14.036915730113828,0.47714794881991013,-0.0843110801272054,0.002682983875274658,14,0.825059711933136,1224.630947635765,10.455401549838554,1214.1755460859265,12.90931147808348,rmse_cf
30d75030,3404,53.39000000000124,17.599318669377997,724.388708374151,47.65374063999984,12.5841475624531,13.90115264100757,5009,1605,826,0.08,1605,779,3404,575.6200000000008,53.39000000000124,2.7882978353775023,63.757257913465466,22.866014205700335,0.19829612220916568,0.8061563756542884,-0.41335354152930254,14.45719157148374,0.36649139729793206,-0.13225952205103308,0.0013720989227294922,13,0.8406707048416138,714.082767602106,28.104677728791167,685.9780898733147,12.5841475624531,rmse_z_lateral
310c71a5,5245,34.38999999999942,8.843313479056066,1420.9004610881311,108.75163901463073,132.63695064404482,6.155563868581255,6988,1743,1008,0.08,1743,735,5245,781.0,34.38999999999942,2.2317541613316263,152.51526606571937,68.3387394132684,0.16244041944709248,0.8685895110385532,-0.3120566281069226,9.906221581724958,0.18187552906263796,-0.29403051928921975,9.953975677490234e-06,36,0.8770970106124878,1440.7371856246014,103.16542911780627,1337.571756506795,8.843313479056066,rmse_cf
32fe84c9,6408,38.55000000000109,22.250821979444407,1480.4678647524356,114.88586104207569,66.69481727878866,9.424256587342402,8163,1755,1053,0.08,1755,702,6408,702.0799999999999,38.55000000000109,2.4997151321786695,166.22568093384743,66.49784961255588,0.1518414481897628,0.7641567882517931,2.7835341500960764,12.883395434547484,0.25620396660600764,-0.15844771894288656,0.005574703216552734,8,0.7729319930076599,1538.7843552858837,22.431415448914898,1516.3529398369687,22.250821979444407,rmse_cf
33c40295,4169,22.839999999998327,8.700789781165115,1170.5706811208388,48.58206857188304,41.755405630032904,8.146426260814804,5989,1820,1065,0.08,1820,755,4169,801.260000000002,22.839999999998327,2.271422509547457,182.53064798600286,80.3596192336621,0.053250179899256414,0.8750492879401887,-6.418667699451295,13.966160673567172,0.674636503516556,-0.06752007984482078,0.0009331703186035156,15,0.8625922203063965,1232.3642852152373,24.19962914386404,1208.1646560713732,8.700789781165115,rmse_cf
3407f5bf,3638,68.90999999999985,21.29388267466182,849.4589436474483,22.791700932793365,65.03515707587529,16.03071148462386,5309,1671,981,0.08,1671,690,3638,631.6499999999996,68.90999999999985,2.6454523866065083,52.79349876650715,19.956321661199414,0.4601429356789445,0.8746608304060113,-2.7974077819199397,9.418410698018324,0.3026668967822831,-0.41857666620951706,1.239776611328125e-05,9,0.8937997221946716,838.839958966079,26.97627864124603,811.863680324833,21.29388267466182,rmse_cf
3417285d,5449,45.7400000000016,34.42198868150785,1808.9437485526935,17.911228151771347,21.4291086279113,10.72326409837008,7458,2009,1279,0.08,2009,730,5449,1027.0,45.7400000000016,1.9561830574488803,119.129864451242,60.899139269002255,0.09818315287208662,0.854765840515775,-0.11628113629799174,8.67263394302616,0.3806505198471687,-0.11023620847436005,0.0,1,0.8655021786689758,1786.20965373327,46.26692531279896,1739.942728420471,17.911228151771347,rmse_md_last512
347242c8,3595,10.340000000000146,2.242023016039388,978.1824512172994,62.2744327446476,48.75817631837585,2.232466406584018,5437,1842,1221,0.08,1842,621,3595,794.3299999999999,10.340000000000146,2.318935455037579,347.6789168278481,149.93039848201119,0.05702364394993046,0.7653978157770343,-0.04448751814895674,13.544488987295553,0.33548507172296393,-0.15108488985832463,0.0005748867988586426,12,0.7739822268486023,1014.6888268076234,4.595244445672996,1010.0935823619504,2.242023016039388,rmse_cf
353e5502,6062,19.590000000000146,5.639360585146688,1708.806082928573,117.87413687560186,263.10700052058195,5.535777507067093,7901,1839,1149,0.08,1839,690,6062,836.7399999999998,19.590000000000146,2.1978153309271704,309.44359367023765,140.79599378337932,0.19844935664797098,0.8352962269881334,-0.9051198805842307,14.689997368762413,0.6310913477792632,-0.07462258219458195,0.28884994983673096,1,0.8450446128845215,1819.384420998556,149.63610497693654,1669.7483160216193,5.639360585146688,rmse_cf
357c12f9,4079,16.400000000001455,5.624420852755269,1492.5985356693593,95.57791881376181,113.93116829185219,4.3510926143848785,5770,1691,1011,0.08,1691,680,4079,976.0900000000001,16.400000000001455,1.732422215164585,248.7195121950999,143.56749181461566,0.10983084089237559,0.9194724978622434,-3.1859399587865895,9.415895373030505,0.7533984898053673,0.048994249552645086,6.008148193359375e-05,5,0.9296270608901978,1310.0887245348406,78.64227124080665,1231.446453294034,5.624420852755269,rmse_cf
3584a6eb,4494,13.610000000000582,9.108318362664079,1311.52630833228,83.43262564336872,239.896645430448,4.1601779680068836,6150,1656,1019,0.08,1656,637,4494,760.5500000000011,13.610000000000582,2.177371638945497,330.1983835414995,151.64998828652645,0.20004450378282154,0.8087118637964062,-1.4153750037583832,15.470782289649803,0.43413113183293484,-0.21621952513226128,0.001515507698059082,14,0.7721744179725647,1369.6536804308223,82.00155132319156,1287.6521291076308,9.108318362664079,rmse_cf
35b30c7f,9579,34.51000000000022,19.15158789297762,2462.9779562151716,10.857166319316274,50.46258814669599,7.506901685334991,11270,1691,1072,0.08,1691,619,9579,648.7400000000016,34.51000000000022,2.6065912384005854,277.57171834250767,106.48839536222287,0.44388767094686293,0.8409056056334521,2.0680609680834965,12.872606397397849,0.1910940961749566,-0.19901128927655942,0.0,4,0.8214961290359497,2640.71945252795,28.703926365556793,2612.015526162393,10.857166319316274,rmse_md_last512
35b3ef6a,3904,37.11999999999898,26.045383636758544,843.3996243052119,8.156470954470269,8.105437554205755,10.34924287457364,5736,1832,919,0.08,1832,913,3904,653.8500000000004,37.11999999999898,2.8018658713772258,105.17241379310633,37.536562641169546,0.38473360655737704,0.8918815369291527,-0.7161011560087763,8.065050956665994,0.3579954232815548,-0.15181853799238693,0.0,5,0.8811161518096924,841.089095775271,5.743786975849715,835.3453087994212,8.105437554205755,rmse_z_lateral
367456ce,5569,23.329999999999927,12.622377103894497,1313.055707082752,132.94867440367344,1081.2464602640664,6.506119446155693,7312,1743,1007,0.08,1743,736,5569,721.8900000000012,23.329999999999927,2.4144952832148903,238.70552936133808,98.86353103307896,0.3462021906985096,0.8955258751824904,-3.0174027229906173,12.583493850843253,0.5174822813752434,-0.23908340546216422,0.0005395412445068359,21,0.9050800800323486,1250.1963028609548,146.18960290172163,1104.0066999592332,12.622377103894497,rmse_cf
368131f9,4991,43.05999999999949,20.875783169531438,762.6515426601729,50.48232616633793,62.123253782493286,12.138645810973964,6568,1577,680,0.08,1577,897,4991,502.75,43.05999999999949,3.1367478866235703,115.90803529958335,36.95165805127808,0.6359447004608295,0.8324349273634739,1.5961440130882176,20.152346126215612,0.5094934442988432,-0.16072700704686604,0.0,4,0.7959029674530029,808.7611714509087,75.37480743047846,733.3863640204303,20.875783169531438,rmse_cf
368fe682,4936,28.6399999999976,13.878502686940966,987.1600933044745,60.92836119039321,24.76185178883903,8.117120349276089,6416,1480,742,0.08,1480,738,4936,535.8500000000004,28.6399999999976,2.7619669683680117,172.34636871509824,62.39986599728746,0.03606158833063209,0.6244012911642514,-0.23898314747470223,24.327992511751493,0.257742892383438,-0.3594539735771312,0.012036681175231934,5,0.6491045951843262,1021.0306292793167,16.20883365056515,1004.8217956287516,13.878502686940966,rmse_cf
3690a146,4073,23.18000000000029,7.130156510792888,1243.446602498205,55.116047303325054,67.97339570561982,6.799228106001769,5761,1688,1061,0.08,1688,627,4073,812.010000000002,23.18000000000029,2.0787921331018038,175.71182053494172,84.52592144110095,0.17677387674932482,0.9023964042717879,-1.0258092679112318,9.289090790793036,0.692800379308779,-0.01177683503797955,6.693601608276367e-05,13,0.9227944612503052,1244.892206065156,24.882846243650047,1220.009359821506,7.130156510792888,rmse_cf
37344c2a,5197,40.07999999999993,13.239300394199656,1368.6094018716938,11.628962789354304,9.340653882440717,11.813393616433059,6943,1746,1104,0.08,1746,642,5197,704.7399999999998,40.07999999999993,2.477509436104096,129.66566866267488,52.33710385643383,0.14354435251106407,0.8486047944847432,-2.904354016479816,9.992827068690657,0.25443930936929976,-0.09988698459198614,0.003978312015533447,9,0.8499991297721863,1549.6369429025553,9.472748427854206,1540.1641944747012,9.340653882440717,rmse_z_lateral
373ef48b,3509,14.30999999999949,5.207191387759596,797.0178790633413,24.305734564200293,14.56718210257554,4.01827247920792,4992,1483,905,0.08,1483,578,3509,554.9499999999989,14.30999999999949,2.672312820974868,245.21313766597657,91.76064109759503,0.4579652322599031,0.7807203324141074,0.9078078588940292,11.696817558352905,0.27764839550368475,-0.31074911215114825,0.0035979747772216797,8,0.7910628914833069,735.6750184093524,48.433521430804056,687.2414969785484,5.207191387759596,rmse_cf
374be387,9965,23.910000000001673,6.712762639770746,2641.6109808784686,39.2820343037549,34.15111943075973,6.379763943105561,11802,1837,1135,0.08,1837,702,9965,834.4099999999999,23.910000000001673,2.2015555901774913,416.77122542866175,189.30760925962414,0.6087305569493227,0.8534222825793057,-5.057231009312838,11.143826131102713,0.28632523775485674,-0.28844967269622346,0.016132116317749023,3,0.8457852005958557,2611.081788375544,16.007383008482737,2595.0744053670614,6.712762639770746,rmse_cf
37d36812,4367,33.92000000000007,21.856313079076383,1143.245082038245,108.42002818147967,59.551439633140355,9.149660322286918,6017,1650,979,0.08,1650,671,4367,722.9700000000012,33.92000000000007,2.282252375617242,128.74410377358464,56.41098466981129,0.2518891687657431,0.8093289546467591,-2.5904087888820615,14.406303549408197,0.3935052262998435,-0.09682307282773661,0.0031177401542663574,8,0.8062291145324707,1232.3724952719974,31.790439683364877,1200.5820555886326,21.856313079076383,rmse_cf
38991fd4,4798,28.31999999999971,14.86604108751415,1460.9023986603809,61.68715146211645,103.32213896644623,7.570648948821099,6545,1747,1054,0.08,1747,693,4798,828.6999999999989,28.31999999999971,2.108121153614097,169.420903954804,80.36582891090205,0.27032096706961234,0.9031342760592729,0.09448462671519124,9.650201088083085,0.49148906674192017,-0.09710379739734232,0.0028649568557739258,13,0.8981974720954895,1434.1904019368665,31.264905027409462,1402.925496909457,14.86604108751415,rmse_cf
389ae58f,6463,68.5,49.76304894845995,1681.0564878101509,34.81377248953083,45.36193179240073,13.797139601453026,8201,1738,1033,0.08,1738,705,6463,808.8500000000004,68.5,2.148729677937812,94.35036496350365,43.90983469547179,0.1954200835525298,0.7230296788220141,-2.6224499240993,17.162236263090637,0.6634432757629256,-0.057654276069004196,0.016228199005126953,10,0.6996911764144897,1579.0471347422522,18.773098067632546,1560.2740366746195,34.81377248953083,rmse_md_last512
3932faa6,5452,52.1299999999992,13.157974615537267,1542.3423253380222,108.19300088681163,57.920607646949165,13.051997957132635,7388,1936,1117,0.08,1936,819,5452,974.2800000000007,52.1299999999992,1.9871084287884373,104.58469211586579,52.63159805508564,0.30502567865003666,0.7377118424663219,-2.6655914135308123,17.756522567645607,0.3668552733629422,-0.15076764272139598,0.0004259347915649414,10,0.8333116769790649,1426.308483564938,105.58509448541542,1320.7233890795223,13.157974615537267,rmse_cf
398dce4b,3166,24.31000000000131,4.559718484677409,953.5387652323561,27.62227620674501,21.814653307483134,4.345200790577911,5005,1839,1119,0.08,1839,720,3166,824.539999999999,24.31000000000131,2.230334489533561,130.234471410935,58.392349677635785,0.4990524320909665,0.9331129708634011,1.6045931754317637,9.951702992586261,0.32278163561513107,-0.2506199033005957,7.808208465576172e-06,3,0.9393356442451477,976.6104093964927,20.00677099586184,956.6036384006309,4.559718484677409,rmse_cf
39b51819,4231,10.319999999999709,3.160351282946552,831.7526657540957,3.9616105141452422,28.528752805856236,2.276945616511935,6382,2151,1062,0.08,2151,1089,4231,725.0800000000017,10.319999999999709,2.9665692061565547,409.9806201550503,138.20025479406073,0.5582604585204444,0.7429046662382652,-1.5046595498042175,13.599162616662358,0.4140626857322457,-0.24132901168549248,0.05289328098297119,19,0.7106334567070007,913.7431159508488,8.047840068878592,905.6952758819702,3.160351282946552,rmse_cf
3a0af893,2927,27.18000000000029,18.6897660134781,472.62760896544836,22.82623238666992,22.726896109351824,9.856326285981135,4580,1653,861,0.08,1653,792,2927,475.5599999999995,27.18000000000029,3.4759020943729535,107.68947755702607,30.981734995171966,0.5175948069695935,0.5057251500995524,0.6680239984601553,20.278968360344013,0.18591095191408516,-0.44276678333181985,0.0019999146461486816,5,0.5412219762802124,481.64703637503663,5.491317695951339,476.1557186790853,18.6897660134781,rmse_cf
3a223519,4583,18.5,9.401162306681243,1430.7569833891473,8.163163480772125,6.46771663085094,6.007226459821154,6581,1998,1340,0.08,1998,658,4583,945.2700000000004,18.5,2.113681805198514,247.72972972972974,117.20294375456544,0.0914248308967925,0.7654667314449627,-2.683209769090271,13.197700790093585,0.4474058788167278,-0.12819917692884286,0.0026369094848632812,9,0.8064919114112854,1424.818678417666,20.619490310520263,1404.1991881071458,6.46771663085094,rmse_z_lateral
3a7dd95d,3072,27.649999999999636,13.010388611275376,659.8216776272318,37.81755575711339,27.300557625310574,8.927696572780595,4320,1248,773,0.08,1248,475,3072,443.8000000000011,27.649999999999636,2.812077512392963,111.10307414105029,39.50925024342807,0.4736328125,0.8342319890117929,-1.9869723499086611,12.017119304908952,0.5182012229902718,-0.2558150682158331,0.5063174366950989,1,0.8123522996902466,576.4587383015557,10.614406717169416,565.8443315843863,13.010388611275376,rmse_cf
3a824aa7,4201,17.610000000000582,5.690131490731758,831.4281742016007,10.92676286924039,18.03638264913858,5.029570091071696,5678,1477,796,0.08,1477,681,4201,541.5699999999997,17.610000000000582,2.7272559410602524,238.55763770584107,87.4716722087693,0.47179243037372054,0.7977984045799416,0.8396657999330445,16.739184643405366,0.2491630554150775,-0.22168791875244853,0.00534290075302124,13,0.8179232478141785,932.4245310149341,29.18251121277703,903.2420198021571,5.690131490731758,rmse_cf
3a86fe8d,5118,18.539999999999054,11.634711217695367,1155.335706974153,147.44639359019703,142.45545972192994,4.898071434337011,6572,1454,800,0.08,1454,654,5118,582.2000000000007,18.539999999999054,2.4974235657849504,276.0517799352892,110.534626051118,0.47811645173896056,0.877912395851756,-2.007430079976034,11.273811544795326,0.3578996623588718,-0.025782064741986355,0.0,15,0.8971437215805054,1129.0276323544388,178.91456138513817,950.1130709693006,11.634711217695367,rmse_cf
3aaa2b30,4711,33.38000000000102,17.520232328990414,858.2886470059653,65.082881694726,155.01779778860003,9.64384801032097,6396,1685,978,0.08,1685,707,4711,568.5300000000007,33.38000000000102,2.9637837932914675,141.13241461952833,47.618998031834145,0.3122479303757164,0.8600239738850677,-1.3788027321188165,12.98118998962767,0.504040621129997,-0.20224165713658482,0.0,5,0.8690651655197144,854.2952999065928,79.6279024345357,774.6673974720571,17.520232328990414,rmse_cf
3ac16ad0,5649,29.81999999999971,8.880546118495223,1525.501343997392,57.685177177064304,106.7359325179823,8.290564723049728,7412,1763,1002,0.08,1763,761,5649,788.0700000000015,29.81999999999971,2.2371109165429424,189.4366197183117,84.67913607567226,0.2526110816073641,0.8148210250032756,1.1131937865492383,15.902084438786446,0.29710737800808473,-0.37695178263843265,0.0010502338409423828,9,0.8389341235160828,1449.406310222283,48.08744047178301,1401.3188697505,8.880546118495223,rmse_cf
3b21ea64,7376,28.409999999999854,8.368949948322665,1799.156253413584,105.646961740719,67.26343994177451,7.0212862868893,9103,1727,1007,0.08,1727,720,7376,721.1800000000003,28.409999999999854,2.3946864860367723,259.62689193945926,108.41790499646746,0.06033080260303687,0.879035575318588,-2.704405556915814,14.481148665603637,0.5213170126834088,-0.07843022439466318,0.00018715858459472656,8,0.8659932017326355,1805.0254772723001,52.05874869300821,1752.9667285792918,8.368949948322665,rmse_cf
3bbe1f5d,6918,21.6200000000008,10.572803005133604,2589.3091957388324,570.9584670493637,32.533874003964264,5.258261530498162,8184,1266,1007,0.08,1266,259,6918,739.7700000000004,21.6200000000008,1.7113427146275184,319.9814986123841,186.9768666891655,0.45952587453021104,0.7667897456441605,-5.16056437208571,14.438426384999993,0.1881153582594731,-0.09400068419456595,2.491474151611328e-05,39,0.7415626645088196,2539.8953724855046,44.211971341367104,2495.6834011441374,10.572803005133604,rmse_cf
3bfee975,3603,25.399999999999636,7.840543276658913,632.41417632339,13.857463619827737,27.28179122465163,7.82851396059016,5088,1485,821,0.08,1485,664,3603,478.89999999999964,25.399999999999636,3.1008561286281084,141.85039370078943,45.74555794162155,0.6072717180127671,0.749046789140385,1.2078067709696239,17.55024759167822,0.3209860670939921,-0.2050418523079432,0.00537419319152832,9,0.7496634721755981,698.7149881346148,18.55922115125925,680.1557669833555,7.840543276658913,rmse_cf
3c3dbcbc,5069,29.0,8.29349171896155,1418.8160686490266,8.735980155696835,9.06600707655503,8.28263247009279,6911,1842,1173,0.08,1842,669,5069,808.8199999999979,29.0,2.2773917558913044,174.79310344827587,76.75144295930191,0.5642138488853817,0.8419958888922098,7.946720568044878,21.012989350181975,0.2081194184196459,-0.1437426463790384,0.0035509467124938965,21,0.8442028760910034,1442.703049666359,14.195329097891962,1428.507720568467,8.29349171896155,rmse_cf
3d96d897,5659,11.840000000000146,3.6092906343486293,1238.2304434401099,3.8445436016371497,6.159578240514995,3.198551521372218,7147,1488,852,0.08,1488,636,5659,567.5100000000002,11.840000000000146,2.621980229423269,477.9560810810752,182.28820939134482,0.07227425340166108,0.8142941056221054,2.684479418359103,9.90463743705945,0.28867708130824127,-0.10300887390729241,0.005173146724700928,52,0.805761456489563,1187.4290304543745,40.29318987420562,1147.1358405801689,3.6092906343486293,rmse_cf
3df4b19e,4988,17.600000000000364,8.67249047497302,1310.639416736537,60.76200040497672,64.32316678583679,5.5773048017750595,6658,1670,961,0.08,1670,709,4988,749.25,17.600000000000364,2.2288955622288955,283.409090909085,127.15225231355207,0.2947072975140337,0.8352840663047854,-1.0017919550498906,14.711805037824199,0.2994805361973532,-0.36916517509940056,0.00012171268463134766,21,0.8472355604171753,1310.0086915302109,10.074250803416753,1299.934440726794,8.67249047497302,rmse_cf
3e011332,2723,40.970000000001164,17.42146062278745,1042.581158895174,23.175146064730683,26.43160969629804,14.527282572226065,4842,2119,1460,0.08,2119,659,2723,1077.430000000002,40.970000000001164,1.9667170953101323,66.46326580424513,33.794014382004704,0.017994858611825194,0.8628622975574106,1.212875978905024,12.375965128077873,0.28871971544153824,-0.306530079238076,0.0004188418388366699,12,0.8607451915740967,1069.2771198003543,20.55992054849731,1048.717199251857,17.42146062278745,rmse_cf
3e678ea7,6858,27.469999999999345,10.229911981746914,1385.0370808440653,33.00733899185073,32.145840719822594,6.213103295724229,8737,1879,1126,0.08,1879,753,6858,678.5900000000001,27.469999999999345,2.7689768490546567,249.65416818347884,90.16116124940231,0.39282589676290464,0.7589327543834123,-4.651976999745233,15.692867316059486,0.3536426656209335,-0.14545240506989265,0.00946342945098877,10,0.7868977189064026,1481.9677345395223,28.1560513668165,1453.811683172706,10.229911981746914,rmse_cf
3ef6372a,4727,21.109999999998763,6.229379944022544,1352.733262947545,7.676788809787415,8.041375985032632,6.20383678508052,6666,1939,1276,0.08,1939,663,4727,868.8999999999996,21.109999999998763,2.231557141213029,223.92231170062894,100.34352585697597,0.03469430928707425,0.754008099004481,-0.26795625854597044,16.84054699209492,0.41329565750189917,-0.16210213460116013,0.02617734670639038,22,0.8232786655426025,1338.5186284470917,62.032941425949396,1276.4856870211422,6.229379944022544,rmse_cf
3ef98781,3892,19.590000000001965,12.433878700657393,726.5533640319813,8.806266033015351,7.4090462612622074,4.458343504373686,5343,1451,706,0.08,1451,745,3892,475.9400000000005,19.590000000001965,3.048703618103119,198.67279224091934,65.16631891050534,0.03802672147995889,0.6120144961764674,-6.42781471548885,14.057980796753425,0.2918549595074583,-0.28240494373669134,0.0007398724555969238,10,0.6415532231330872,751.8955880536514,23.832826882090103,728.0627611715613,7.4090462612622074,rmse_z_lateral
3f603129,5051,44.030000000000655,29.712176284154232,819.0225776454478,21.62639606254197,24.047185068545623,11.476658415313763,6599,1548,887,0.08,1548,661,5051,517.8599999999988,44.030000000000655,2.989224887035113,114.71723824664831,38.37691795762865,0.30291031478915065,0.8377832581604782,-4.659180805276511,17.08945721749888,0.3599300341991569,-0.16477836617910235,0.0,20,0.8236871957778931,889.4610517026105,17.49588905812599,871.9651626444845,21.62639606254197,rmse_md_last512
404c4384,911,8.880000000001019,3.6011694039210935,359.3975795585054,1.8359426767870195,17.45006138501726,2.066554670293302,2612,1701,1016,0.08,1701,685,911,734.3199999999997,8.880000000001019,2.3164288048807067,102.59009009007832,44.28803936210834,0.33150384193194293,0.8220498597494523,0.3925967502571363,13.905240601552395,0.2871332544503765,-0.2339095670452428,0.0,12,0.8202273845672607,374.48775830635543,7.8635003888601895,366.62425791749524,1.8359426767870195,rmse_md_last512
4121c517,3723,28.290000000000873,11.223238561279205,1187.8585782214934,76.36774221754966,120.48294736579322,8.101643958857354,5471,1748,1111,0.08,1748,637,3723,868.5300000000007,28.290000000000873,2.01259599553268,131.6012725344604,65.38881763979118,0.38651625033575077,0.8887647433505841,-0.5457786624623148,20.463202676676932,0.5651487511796606,-0.03384490272323315,0.0002544522285461426,9,0.8831196427345276,1181.5376422186334,96.75804897010217,1084.7795932485312,11.223238561279205,rmse_cf
41fb0192,2973,8.350000000000364,3.5577103110362645,533.7271992989794,22.19295326129771,13.93477517926454,1.9037264369141123,4381,1408,739,0.08,1408,669,2973,457.0199999999986,8.350000000000364,3.0808279725176235,356.0479041916013,115.5689014017366,0.062226707029936094,0.666007474155643,-6.9832207132585715,14.059813729845992,0.21611419810390575,-0.34698116390605194,0.0063474178314208984,10,0.713013768196106,548.7899848776462,25.895088598204964,522.8948962794412,3.5577103110362645,rmse_cf
42669188,4282,37.75,23.030677799344762,1287.6079503286203,87.12419595847372,258.66685692126543,9.123431146937682,6080,1798,1162,0.08,1798,636,4282,817.1599999999999,37.75,2.200303490136571,113.43046357615894,51.55218999771637,0.0751985053713218,0.956098207176177,-2.288518351538244,9.55295767021495,0.3675434208341751,-0.16640473815769952,0.002005279064178467,4,0.9493306279182434,1407.9997069894737,120.04455716847619,1287.9551498209976,23.030677799344762,rmse_cf
42c538a1,3279,42.38999999999942,26.18883109705342,557.3381707136546,60.51661999418705,28.843422573811424,14.010259087648917,4762,1483,737,0.08,1483,746,3279,456.09999999999854,42.38999999999942,3.251479938609964,77.35314932767268,23.790135811430478,0.24306190911863373,0.847924031019836,-0.7394097315456287,14.909184722619086,0.39419782384988145,-0.22865496996630852,0.0,3,0.8396130204200745,597.1504767753102,15.778191298980122,581.37228547633,26.18883109705342,rmse_cf
43b06c70,4846,17.220000000001164,8.769342298126745,1289.0324079675822,15.751536077238754,10.652920149670233,5.275423791968075,6590,1744,1020,0.08,1744,724,4846,782.6100000000006,17.220000000001164,2.2284407303765588,281.4169570266941,126.28424583638832,0.1648782501031779,0.8192501666950404,-1.6094593679241989,16.005412939643374,0.3163720096379323,-0.22395374062726814,0.0117073655128479,22,0.8557161092758179,1394.9861792132388,40.40422044883431,1354.5819587644044,8.769342298126745,rmse_cf
43c7f85a,5978,24.270000000000437,11.180370167514397,1232.5784991660087,62.59936212051665,67.52812091745795,6.907906098620113,7484,1506,863,0.08,1506,643,5978,557.9399999999987,24.270000000000437,2.6992149693515497,246.31231973629554,91.25331718039071,0.5043492806958849,0.680737254056471,2.6787647260351597,17.374018514958816,0.3705556112861206,-0.08528170450634104,0.002142608165740967,19,0.735130786895752,1145.902954140912,52.08323812461469,1093.8197160162974,11.180370167514397,rmse_cf
43e16325,3720,84.47999999999956,45.776662453735184,1165.3088402917351,12.513602377108159,59.36910286539256,26.247430445459585,5845,2125,1252,0.08,2125,873,3720,1003.0,84.47999999999956,2.1186440677966103,44.034090909091134,20.784090909091013,0.16048387096774194,0.9046126765936922,0.4135163395622764,9.967767664444322,0.28380134434183346,-0.3428899246128859,0.0018235445022583008,2,0.9082185626029968,1042.0820052844795,39.6603318890064,1002.421673395473,12.513602377108159,rmse_md_last512
44441e54,4357,13.350000000000364,3.668929750345109,880.6422523659322,96.3057239403474,11.50599412069418,3.647394098315144,5568,1211,911,0.08,1211,300,4357,422.7399999999998,13.350000000000364,2.8646449354213006,326.367041198493,113.9293170902154,0.40945604773927013,0.5984109971879789,-2.303133647741718,18.314225125843326,0.36821870471318574,-0.16011496602887043,0.0,4,0.6197165250778198,866.8746608270752,5.977336853374026,860.8973239737012,3.668929750345109,rmse_cf
445af6c2,6041,39.06000000000131,29.954468486977532,1733.9166515462473,200.6402439314337,98.85079923866486,13.705271967541568,7998,1957,1336,0.08,1957,621,6041,913.2199999999993,39.06000000000131,2.142966645496158,154.65949820788012,72.17074448308645,0.1607349776527065,0.8845592728597729,-1.348737869733372,9.931491003056268,0.46992409259935586,-0.18073515256200878,9.703636169433594e-05,48,0.8835487961769104,1669.0006586953596,116.18320212353238,1552.8174565718273,29.954468486977532,rmse_cf
4463446c,3256,32.3700000000008,18.86029305975226,458.4849856416374,79.71375393797958,184.16707196286814,11.53201189737889,4729,1473,759,0.08,1473,714,3256,404.03000000000065,32.3700000000008,3.645768878548617,100.58696323756315,27.59005482476083,0.1977886977886978,0.6926381000762886,1.7216015987695807,14.826371883079785,0.23915933199789857,-0.23368361286496947,0.0,1,0.6712920069694519,452.35218341204904,72.60815342334091,379.7440299887081,18.86029305975226,rmse_cf
44a94013,4903,60.07999999999993,23.26260921867206,950.660155528919,61.1256270105069,30.917478757686816,10.856123440402616,6492,1589,810,0.08,1589,779,4903,530.4200000000001,60.07999999999993,2.9957392255193995,81.60785619174445,27.241308421161165,0.2502549459514583,0.7892360184168608,1.9522242353689365,11.169283285867044,0.2454258404869199,-0.1357577570459959,0.0,6,0.8064897656440735,938.2904132249289,56.650363937151646,881.6400492877773,23.26260921867206,rmse_cf
45fb3e21,3649,40.0099999999984,25.15963005414619,1240.3388174380493,21.256583993830272,5.263757979911454,15.54271169354388,5626,1977,1289,0.08,1977,688,3649,960.8599999999988,40.0099999999984,2.0575317944341553,91.20219945014111,44.326021934073076,0.5661825157577418,0.7720888827679159,-2.803652600944556,16.012626209809,0.6046651185341599,-0.08428432845586997,9.304285049438477e-05,15,0.7756192684173584,1256.1860105358319,13.963062881119084,1242.2229476547127,5.263757979911454,rmse_z_lateral
460f859e,3336,61.020000000002256,20.01206991533264,823.5670394107381,70.79578564969886,25.601971371263662,20.009461632116732,4982,1646,1009,0.08,1646,637,3336,653.9800000000014,61.020000000002256,2.516896541178624,54.67059980334115,21.721433085898614,0.6205035971223022,0.7455779640101515,-2.752563081962218,19.836566820197042,0.44424125154229066,-0.201366363130419,0.003365814685821533,29,0.7307262420654297,928.2268551781029,53.48850694702743,874.7383482310755,20.01206991533264,rmse_cf
4630ab92,3373,24.340000000000146,10.880550178687447,1131.3305334072263,32.879952158792506,39.696458141398004,7.115421053842031,5307,1934,1279,0.08,1934,655,3373,962.0799999999999,24.340000000000146,2.010227839680692,138.57847165160146,68.93669907268496,0.27334716869255854,0.8503369807734652,0.17601630575851843,13.890436361346742,0.4290255979228881,-0.22119226797102598,0.0008311271667480469,18,0.8419960737228394,1114.1706408300622,33.77661891638646,1080.3940219136757,10.880550178687447,rmse_cf
463c38f2,4460,19.889999999999418,6.316346789980795,683.4525394078689,12.313149162186257,37.46702551981558,6.312426437431289,6048,1588,750,0.08,1588,838,4460,464.53000000000065,19.889999999999418,3.4185090306331083,224.23328305681903,65.59388348764753,0.22780269058295965,0.8875591625536885,-1.2403984666634895,10.291157131408808,0.49413918232394016,-0.06445988130378322,0.0,14,0.8929658532142639,618.3365463832544,101.32048235780319,517.0160640254512,6.316346789980795,rmse_cf
4654e7de,5373,22.31000000000131,5.262206132576318,1128.2970228550814,10.554144844570738,8.87831272553887,5.03597005298606,7010,1637,917,0.08,1637,720,5373,599.9400000000005,22.31000000000131,2.7286061939527264,240.8337068578971,88.26253762512334,0.05025125628140704,0.8387355956629821,-1.0608294965843252,8.618541032220191,0.3719562679530635,-0.20738784637407098,0.0,29,0.878803551197052,1102.0635651342398,15.380355121421019,1086.6832100128188,5.262206132576318,rmse_cf
466fc788,6197,37.9900000000016,16.96677982284487,2215.3459253438155,9.730852521055146,55.91148231293347,11.011530493389728,7767,1570,1172,0.08,1570,398,6197,867.619999999999,37.9900000000016,1.8095479587838015,163.12187417740824,90.14509584318648,0.4797482652896563,0.8753011232604112,2.1321316979859817,13.228347805674881,0.14934126101085804,-0.3083618825768348,0.00028645992279052734,5,0.9014997482299805,2089.8813549281294,168.38845546471234,1921.4928994634172,9.730852521055146,rmse_md_last512
46a301e9,8226,18.44000000000051,10.714122960128444,1883.1240871971258,135.90853186568398,71.96840865476223,4.615924398397128,9962,1736,1109,0.08,1736,627,8226,715.9300000000003,18.44000000000051,2.4248180688056085,446.0954446854541,183.97068647100073,0.4564794553853635,0.929648487141793,-2.2305482145270217,16.89564569996698,0.4404258854624668,-0.21944778079654642,0.0009621381759643555,10,0.9298062324523926,2004.3872067424027,119.1286419291844,1885.2585648132183,10.714122960128444,rmse_cf
46a7190b,4215,27.76000000000022,13.31037471543342,855.958570392505,45.666111986442594,44.01818799059343,8.118150630889554,5646,1431,780,0.08,1431,651,4215,527.0,27.76000000000022,2.715370018975332,151.837175792506,55.91767410387887,0.4099644128113879,0.642559481963718,3.6358931130077696,18.056710928478342,0.2555077630511812,-0.36231369224041937,0.0,11,0.5860474705696106,876.9846565012949,33.57326194410271,843.4113945571922,13.31037471543342,rmse_cf
46d24a09,4449,40.73999999999978,21.034427197140683,877.6992421882359,115.19197751660256,86.674679235014,9.809985776409215,6123,1674,928,0.08,1674,746,4449,594.3099999999995,40.73999999999978,2.8167118170651704,109.20471281296082,38.770282480209495,0.21038435603506406,0.7504136577843404,-0.13478238595800965,13.674393716238209,0.302175985235849,-0.20259048744525288,0.010722041130065918,6,0.7679365277290344,946.9883123168298,19.748500128040206,927.2398121887896,21.034427197140683,rmse_cf
46d41ff6,7901,24.86999999999898,7.152719312990992,1025.9927453881332,13.187792052072973,58.432733377009754,6.441866531219534,9226,1325,616,0.08,1325,709,7901,388.41999999999825,24.86999999999898,3.4112558570619584,317.6919983916495,93.1305102002143,0.3350208834324769,0.7794798435283545,-1.0411585508370687,13.226226721647256,0.14984391398084163,-0.5985213589195465,0.0,3,0.7813497185707092,1118.6187027743986,23.004938442792508,1095.613764331606,7.152719312990992,rmse_cf
46dfcfca,3606,43.29999999999927,23.306915931867923,718.8643183137988,22.712980296374518,9.628952121576296,6.654309116123556,4921,1315,698,0.08,1315,617,3606,452.75,43.29999999999927,2.9044726670347876,83.27944572748407,28.672828177276358,0.5268996117581808,0.6092508840111106,0.9034156483338313,19.048850308109856,0.3469415270630448,-0.11875936556868,0.0,12,0.6456441283226013,743.4198907395935,28.077273995287175,715.3426167443063,9.628952121576296,rmse_z_lateral
47222616,4406,30.81999999999971,12.72802806095558,727.0410635588621,73.51245695583252,42.304127453754404,9.060580146703758,5835,1429,730,0.08,1429,699,4406,438.9400000000005,30.81999999999971,3.255570237390072,142.9591174561986,43.91215886369762,0.18883340898774398,0.8269531768129059,-1.5466332999423582,13.818914357536013,0.23566040073493352,-0.35092431054706463,0.004676461219787598,16,0.8186222910881042,773.7024126930536,10.518101437451449,763.1843112556021,12.72802806095558,rmse_cf
47ee27ab,6397,28.429999999998472,7.811133847911845,1831.7113478460305,62.48493511621919,43.85568806094018,7.700419370800842,8274,1877,1073,0.08,1877,804,6397,871.2399999999998,28.429999999998472,2.154400624397411,225.0087935279755,104.44148176521756,0.16726590589338752,0.891803359569016,-0.7053327053011831,13.292997190954505,0.48018693148097547,-0.12199603924063707,0.01277858018875122,9,0.8717371225357056,1871.0746590235908,60.273922962502404,1810.8007360610884,7.811133847911845,rmse_cf
481de5fc,5952,24.31000000000131,13.661013098019078,1698.2355935534624,14.44431582017731,19.11393104470143,6.355415752622699,7694,1742,964,0.08,1742,778,5952,794.8999999999996,24.31000000000131,2.1914706252358798,244.83751542573754,111.72292825024034,0.37163978494623656,0.7227663171555491,-1.0911441393141559,16.460287506099895,0.3785396205320381,-0.32449505883863067,0.004714250564575195,14,0.7736701965332031,1600.8167539387043,12.811376696799039,1588.0053772419053,13.661013098019078,rmse_cf
48c1f673,2917,28.639999999999418,18.480143096264484,1007.428612040675,24.55165194391798,64.57313612694212,9.177301955578466,4666,1749,1105,0.08,1749,644,2917,879.4399999999987,28.639999999999418,1.9887655780951545,101.85055865921994,51.21295329174628,0.03599588618443606,0.8674627137144448,-0.9020161626317055,11.11925464760302,0.31112482485254334,-0.1604041067972205,0.004938006401062012,2,0.8669706583023071,1050.8807570817612,44.29652157544261,1006.5842355063186,18.480143096264484,rmse_cf
4936af16,3991,17.890000000001237,5.12683088404085,847.8749112982009,11.802194655362147,4.709578646444647,4.758615994499243,5559,1568,833,0.08,1568,735,3991,576.8999999999996,17.890000000001237,2.7179753856820956,223.08552263833002,82.0778303635539,0.5590077674768229,0.87411905471208,0.6831553248930335,13.039488703139009,0.5452181271852086,-0.15753685852122545,0.0021108388900756836,18,0.8660339713096619,823.5416131760286,36.77501638110109,786.7665967949275,4.709578646444647,rmse_z_lateral
493b5b31,4671,49.1399999999976,20.806259253075513,1428.8025359730511,75.33336650214082,58.1170750704119,15.845693474485412,6884,2213,1402,0.08,2213,811,4671,1029.3799999999992,49.1399999999976,2.1498377664225083,95.0549450549497,44.21493869889925,0.047099122243630914,0.9284023214351006,0.8008923212100555,14.272452448060362,0.4009191443408033,-0.11302686027608372,0.00023376941680908203,4,0.920872688293457,1304.066447612064,90.02133243082487,1214.045115181239,20.806259253075513,rmse_cf
49dbc14c,3872,17.110000000000582,5.472416193779096,766.5571773282742,57.46127632714275,31.83116146469322,3.7343867954737098,5198,1326,853,0.08,1326,473,3872,471.14999999999964,17.110000000000582,2.8143903215536477,226.30040911746747,80.40832409931728,0.6738119834710744,0.5813848632204385,-3.822819658674645,23.425220234777008,0.44911304309328304,-0.14807315940335086,0.0,9,0.5269758701324463,833.2318947810893,58.05112427241422,775.1807705086751,5.472416193779096,rmse_cf
4a035ec2,2588,28.840000000000146,18.37817503927824,777.5578033665016,14.197998304521143,12.485944366194108,10.377608929186247,4522,1934,1307,0.08,1934,627,2588,819.8900000000012,28.840000000000146,2.358853016868113,89.73647711511744,38.04241996996574,0.08693972179289026,0.7389771026089247,-3.7421980072615093,13.266249833858152,0.3641670998664828,-0.07627791661632322,0.00028145313262939453,15,0.7381079792976379,744.0393140685824,6.639922991918558,737.3993910766638,12.485944366194108,rmse_z_lateral
4a335117,5015,47.29000000000087,25.01473417971471,1643.6790108086157,80.17005867780999,33.74010999383752,10.951010366268072,6727,1712,1019,0.08,1712,693,5015,1045.6800000000003,47.29000000000087,1.6372121490322082,106.04779023049075,64.7733956122778,0.2875373878364905,0.7034458538563638,0.6141671239732125,22.974395422437528,0.45795944845234443,-0.08664333168546373,0.00047534704208374023,4,0.7673345804214478,1312.9227884467832,44.63321979418942,1268.2895686525937,25.01473417971471,rmse_cf
4a8ecc0b,5809,39.219999999999345,11.211904800768597,2026.2730703193386,89.61975512891243,46.92430474863606,10.551826952076588,7374,1565,1106,0.08,1565,459,5809,853.1100000000006,39.219999999999345,1.8344644887529145,148.1132075471723,80.7392067032385,0.01996901359958685,0.800857239941347,12.921598640691247,22.90311512666968,-0.02745334928625425,-0.5509037174048642,0.000759422779083252,21,0.7795534729957581,1938.009788460397,34.47847212666254,1903.5313163337344,11.211904800768597,rmse_cf
4b462989,3106,18.55000000000109,6.605024585467642,835.9698444738779,62.03513733010969,88.91143389604306,5.530172742538946,4738,1632,886,0.08,1632,746,3106,691.3400000000001,18.55000000000109,2.3606329736453837,167.43935309972062,70.92985439458387,0.3966516419832582,0.9271713568859534,-1.339811610302325,7.426178591826729,0.6763515028695767,-0.00596443013483372,0.0003871321678161621,15,0.9426425099372864,853.3550896426133,54.113653127353345,799.2414365152599,6.605024585467642,rmse_cf
4b831d20,7312,31.019999999998618,16.40332593479727,2711.461005203913,116.71303225700628,68.66064786031829,9.64875638011954,9433,2121,1405,0.08,2121,716,7312,1185.0599999999995,31.019999999998618,1.7897827958078079,235.7188910380505,131.702512500496,0.038840262582056896,0.6639154174382731,3.112836211637252,15.976013044558238,0.46199835151427426,-0.09634408008143047,0.00938558578491211,1,0.5978839993476868,2459.504166700628,23.071541840340892,2436.432624860287,16.40332593479727,rmse_cf
4c2208f5,5384,49.77000000000044,37.38188510729996,1264.067443688316,31.90314529309282,54.95830754939584,12.04868990511504,7248,1864,1085,0.08,1864,779,5384,763.3100000000013,49.77000000000044,2.4419960435471784,108.17761703837559,44.29885024761943,0.037704309063893014,0.8360129844854877,-1.920801481708856,16.82338517526701,0.34925596035467465,-0.32109263161909907,0.0031002163887023926,6,0.8322467803955078,1292.0639119030452,85.01269871268823,1207.051213190357,31.90314529309282,rmse_md_last512
4c3168cf,4334,16.01000000000022,4.398564145674671,1012.9663221955093,109.58409506140426,131.9336995805675,3.0032321994201365,5959,1625,901,0.08,1625,724,4334,667.0,16.01000000000022,2.4362818590704647,270.7058088694529,111.11432277903081,0.23534840793724043,0.8411293076452553,2.336717310545842,13.332946392858501,0.2953691354313778,-0.2707944852566447,0.0009512901306152344,13,0.821707546710968,1040.4780081269869,66.39836007660078,974.0796480503861,4.398564145674671,rmse_cf
4c3df468,5392,36.04999999999927,20.730613836474724,881.3222507301238,43.42356785476826,81.83854632801426,8.807560649555956,6903,1511,778,0.08,1511,733,5392,483.8299999999999,36.04999999999927,3.122997747142592,149.5700416088796,47.89309942529729,0.5070474777448071,0.7290776773518461,0.8956132210949178,14.899455936786497,0.17325756847386845,-0.45681392836441514,0.004999697208404541,9,0.6915985345840454,843.017733516256,71.7042154339398,771.3135180823163,20.730613836474724,rmse_cf
4caa7289,5396,22.159999999999854,9.679853283039389,1038.7585852815612,55.14581991365396,24.00315066679554,6.720619366512904,6854,1458,701,0.08,1458,757,5396,508.6900000000005,22.159999999999854,2.8661856926615394,243.50180505415324,84.95674431618473,0.6123054114158636,0.7737312066432614,-2.6173216775061006,11.430882562698844,0.4372342243515322,-0.20666034499392788,0.007812678813934326,4,0.7897752523422241,1009.9178746625196,54.47192436313957,955.44595029938,9.679853283039389,rmse_cf
4cd1ac61,4489,16.520000000000437,14.744577751415134,1240.9380877012181,117.11776193424174,158.3731120237513,2.540338185047962,6709,2220,1367,0.08,2220,853,4489,973.539999999999,16.520000000000437,2.2803377365080038,271.7312348668209,119.16271459110116,0.11940298507462686,0.8188386935771828,5.928490349476557,20.7969800230486,0.3399671570993066,-0.38089168738963486,0.01371091604232788,15,0.8335508704185486,1352.4921337815329,78.0391659841154,1274.4529677974174,14.744577751415134,rmse_cf
4cecf7b3,6019,30.23999999999978,8.796914734080126,1087.2725295184296,69.02720459733956,70.16039727575648,8.373837646804676,7676,1657,843,0.08,1657,814,6019,564.4699999999993,30.23999999999978,2.935497014898935,199.04100529100674,67.80487402330382,0.48297059312178103,0.7163649732486989,1.1370451633225043,15.6658610557125,0.22731632990582407,-0.2962616114149146,0.00027370452880859375,26,0.768498957157135,1109.0904854745943,74.3601275494533,1034.730357925141,8.796914734080126,rmse_cf
4ddde4c1,4472,18.360000000000582,4.584881244279585,1360.3933768486238,38.33399035025774,68.10299965914676,3.50741195496382,6417,1945,1172,0.08,1945,773,4472,917.4000000000015,18.360000000000582,2.1201220841508577,243.5729847494476,114.8863013928759,0.07535778175313058,0.9555055825968723,-0.988355462350982,12.983899706715254,0.46946134406152995,-0.1991431954894135,0.0,3,0.9505937099456787,1364.0188089683772,22.489809031439634,1341.5289999369377,4.584881244279585,rmse_cf
4e050c92,3705,20.0,6.760683545123174,756.7176346688998,82.3964722873998,40.14924552529616,5.357483273627314,5236,1531,827,0.08,1531,704,3705,544.2199999999993,20.0,2.813200543897692,185.25,65.8502645329849,0.19406207827260458,0.7821326560556978,1.0747855608755164,13.678615118176891,0.5213924719863194,-0.023715948801102282,3.737211227416992e-05,15,0.767932116985321,772.6444057150092,18.517845700426907,754.1265600145822,6.760683545123174,rmse_cf
4ed93db6,4657,14.460000000000946,9.134304566059011,1449.9098954149185,48.78353688321194,13.375284605725707,5.020930140163941,6496,1839,1105,0.08,1839,734,4657,887.75,14.460000000000946,2.071529146719234,322.0608575380149,155.47010673157843,0.037363109297831223,0.7997567359630631,1.9091243206870154,15.513402494022497,0.7116379445612094,-0.03212532234273657,0.0003781318664550781,14,0.8218791484832764,1404.5905691356136,9.78131896649675,1394.809250169117,9.134304566059011,rmse_cf
4f3eb9e9,4697,61.32000000000153,33.07892812639342,404.6411909981451,54.09800073215083,36.02704807155729,23.79027622046272,5911,1214,528,0.08,1214,686,4697,216.90000000000146,61.32000000000153,5.597049331489128,76.59817351597982,13.685456207262055,0.049819033425590804,0.8392285506870224,-2.015295377492203,11.720679812385523,0.30816052998634297,0.0014771321858926822,0.0,17,0.8452776074409485,403.4927037593682,26.658072666362013,376.83463109300624,33.07892812639342,rmse_cf
4f4ac5ce,5162,25.3799999999992,8.250612102027123,1121.583539236359,13.232163525018544,12.163212278128027,7.805111986288971,6899,1737,1001,0.08,1737,736,5162,642.1599999999999,25.3799999999992,2.7049333499439396,203.388494877863,75.19168443912982,0.5984114684230918,0.8777221307554458,-0.19131467535702923,9.948116657331122,0.28920582920054994,-0.31472948846359006,0.35030436515808105,1,0.9055128693580627,1157.5120562762322,6.517427405724432,1150.9946288705078,8.250612102027123,rmse_cf
4f4afcc6,5645,32.38000000000102,8.324204115356522,1187.1798089911117,7.746503685946036,8.425278462537777,8.320381253484278,7184,1539,879,0.08,1539,660,5645,560.6900000000005,32.38000000000102,2.7448322602507598,174.3360098826381,63.51426730415624,0.07263064658990256,0.8529005168928528,0.2966953989523496,7.8303631710322525,0.38016630791659145,-0.13867175407107746,2.396106719970703e-05,28,0.8663960695266724,1127.604427323321,17.017681649766498,1110.5867456735546,7.746503685946036,rmse_md_last512
4f69febf,5460,23.479999999999563,14.941245790403045,1897.4595447586976,81.39687998044188,51.440716744328576,5.915694385564128,7599,2139,1412,0.08,2139,727,5460,1129.1599999999999,23.479999999999563,1.8943285274009,232.53833049404182,122.75501695215158,0.02857142857142857,0.8948429874745942,-0.23644956261321867,13.21611980390455,0.46907872462471234,-0.11878689432647416,0.0012819766998291016,10,0.9040696024894714,1896.7876497150785,62.36324994213876,1834.4243997729398,14.941245790403045,rmse_cf
4fbe9c06,6287,24.730000000001382,12.700621635010842,1678.6035995023199,103.52470277390579,76.91807456842356,9.133715445809697,7938,1651,936,0.08,1651,715,6287,735.4699999999993,24.730000000001382,2.244823038329234,254.22563687827127,113.24974509682737,0.6146015587720693,0.7307265967262931,-0.2364503474052805,12.1740603178425,0.31212497513781046,-0.24867323706751165,0.0,2,0.7135016918182373,1633.5827660583154,7.334357966208622,1626.2484080921067,12.700621635010842,rmse_cf
504c8b08,6367,30.390000000001237,20.6567768266876,1988.0361946803498,82.18311777420588,15.841361815853734,6.079405923430826,8012,1645,982,0.08,1645,663,6367,839.0999999999985,30.390000000001237,1.9604337981170334,209.50970714049822,106.86905487026854,0.18595885032197268,0.7788940349294493,-4.461789279221501,19.682229556792947,0.27299493446531237,-0.11207747981099175,0.0008965134620666504,23,0.7683287858963013,1909.278888332675,31.684781823340323,1877.5941065093348,15.841361815853734,rmse_z_lateral
511e1db0,3821,10.760000000002037,2.646655635093415,1020.5684983300682,90.5142662384878,321.28135394462436,2.42813413899268,5645,1824,1146,0.08,1824,678,3821,715.1599999999999,10.760000000002037,2.55047821466525,355.11152416350154,139.2333100991062,0.05679141585972258,0.8786246898591092,4.705361516162188,11.376326448307468,0.36680821740561176,-0.22935979318372435,0.014770209789276123,6,0.8768102526664734,1035.1271025251299,93.61077480940106,941.5163277157288,2.646655635093415,rmse_cf
512943b2,5029,16.51000000000022,4.032978673574936,1355.8526945264134,2.9536564075381335,8.925100708380914,3.3862555245226256,6681,1652,942,0.08,1652,710,5029,753.1099999999988,16.51000000000022,2.193570660328508,304.603270744999,138.86184578133523,0.7713263074169815,0.8873992057905868,0.6122658482839057,14.127312581669935,0.33331843668952854,-0.22287651334863678,0.004349827766418457,18,0.8714265823364258,1294.7489695630356,10.575602943104434,1284.1733666199311,2.9536564075381335,rmse_md_last512
5138a660,3559,13.989999999999782,5.4780109058052355,721.2903894777833,225.87069343545247,84.49973887113873,4.29703767797798,4829,1270,1055,0.08,1270,215,3559,429.4400000000005,13.989999999999782,2.957339791356181,254.39599714081885,86.02190315917589,0.38746838999719024,0.6862207930593098,-4.07504720014403,17.854880910829444,0.09434700422263358,-0.33728505337456277,0.0,20,0.7228045463562012,692.7865931632825,17.022616702885827,675.7639764603967,5.4780109058052355,rmse_cf
516088b7,6645,28.68999999999869,6.371603205164532,1762.8484257909347,35.63831030857825,24.325556698842874,6.353683005833513,8300,1655,984,0.08,1655,671,6645,732.1099999999988,28.68999999999869,2.2605892557129432,231.6138027187279,102.45726955190791,0.5921745673438675,0.7930715930462339,0.6837979655205619,15.776526992690977,0.35737006772356994,-0.18840599703540029,0.013551592826843262,11,0.8042888045310974,1822.0995815536448,55.693339132213396,1766.4062424214314,6.371603205164532,rmse_cf
521a7819,5200,42.14000000000124,25.361861575542044,1400.0029747620076,194.03983029187486,116.23241376505885,10.506440105331736,7224,2024,1242,0.08,2024,782,5200,890.0200000000004,42.14000000000124,2.274106199860676,123.39819648789386,54.26228401094632,0.15788461538461537,0.8329278898951518,-0.8024512274238088,12.11851849467858,0.20466017247015206,-0.1479625496828179,1.9073486328125e-06,49,0.8296797275543213,1495.2187091683923,77.61072907601167,1417.6079800923806,25.361861575542044,rmse_cf
5254b6db,3274,10.25,7.293881229520888,974.7693625977445,26.53507582354986,14.588684289407755,2.1965938412437627,5115,1841,1104,0.08,1841,737,3274,809.8500000000004,10.25,2.2732604803358636,319.4146341463415,140.509473907341,0.21991447770311545,0.7023912461797027,-1.1287836316421775,18.527432474096273,0.5574271829087717,-0.08889541100516418,0.0011000633239746094,17,0.7378919124603271,915.0726561287121,6.41286558375947,908.6597905449526,7.293881229520888,rmse_cf
529e88ca,3417,36.2599999999984,15.265625031718603,1039.8244143248971,22.95784148618908,15.897286382011355,11.759602686495095,5253,1836,1079,0.08,1836,757,3417,848.539999999999,36.2599999999984,2.163716501284562,94.23607280750554,43.55287430287618,0.549897570968686,0.9258121073505353,-3.500789531086159,15.889720414402134,0.40912846534862424,-0.19033840548687198,0.0,3,0.9303823709487915,1127.371150055564,43.484692660946784,1083.886457394617,15.265625031718603,rmse_cf
52f1e77a,4442,22.950000000000728,14.174880875648114,671.2747278702674,30.553032658834454,11.061548880295739,7.757425830231637,6053,1611,875,0.08,1611,736,4442,493.96999999999935,22.950000000000728,3.2613316598174023,193.55119825707447,59.34729075297762,0.062359297613687525,0.733324451486875,0.6889287932624151,12.122480570961068,0.42055329350484705,-0.21684652316232234,0.0,6,0.7826130390167236,700.4514343692197,11.55159093487161,688.8998434343481,11.061548880295739,rmse_z_lateral
5305524b,4898,33.0099999999984,16.63490369332069,955.9933318986641,203.97820022181398,66.46791430089684,7.944967716391793,6457,1559,835,0.08,1559,724,4898,520.539999999999,33.0099999999984,2.9949667652822125,148.3792790063689,49.54287998330669,0.35443037974683544,0.4718230183952417,-3.1810616382671593,16.56533177876145,0.17831507429638915,-0.2198126817061158,0.0,3,0.5046089291572571,953.107982721129,90.58585598498897,862.5221267361401,16.63490369332069,rmse_cf
53134831,5126,22.31000000000131,17.343954276390388,1396.5618106950214,109.62032015183064,81.7185854144832,5.195816813969694,7214,2088,1288,0.08,2088,800,5126,922.0599999999995,22.31000000000131,2.264494718348048,229.76243836843116,101.46300475191356,0.5793991416309013,0.7533144958464548,-5.181585132616434,16.89371361982282,0.3602652320759787,-0.1333099707676445,0.020753860473632812,12,0.7579026222229004,1383.4086698668575,31.63377081732901,1351.7748990495286,17.343954276390388,rmse_cf
5397ceb1,5255,32.3799999999992,9.25091584943266,1035.0595324948588,148.47421209970258,592.7205309309306,9.12673406521734,6811,1556,830,0.08,1556,726,5255,590.6100000000024,32.3799999999992,2.634564264065955,162.29153798641536,61.60090311706759,0.08544243577545195,0.8050022225769804,-3.0986755761024845,13.63913540676393,0.4800119884005932,-0.07898583273351834,0.002112090587615967,10,0.7975970506668091,1042.145296897031,126.40699596528415,915.7383009317467,9.25091584943266,rmse_cf
53f23031,8550,25.269999999998618,10.66798407051043,2090.71887662649,51.40323842684131,48.09917792930788,6.909011953041515,10200,1650,1029,0.08,1650,621,8550,700.5500000000011,25.269999999998618,2.355292270359,338.34586466167264,143.6534518113546,0.04105263157894737,0.8704657198763993,-3.5646244941073864,11.319820356843708,0.26842384300231265,-0.007579996180110127,0.008058369159698486,10,0.8638566732406616,2150.9735602029946,52.72226313192704,2098.2512970710677,10.66798407051043,rmse_cf
543198e8,6503,90.29999999999927,20.51495618405221,1803.5347491244008,84.4290094557815,180.0597695291893,19.331591307538922,8311,1808,1092,0.08,1808,716,6503,825.7299999999996,90.29999999999927,2.189577706998657,72.01550387596957,32.89013385813292,0.2755651237890204,0.7705575526940305,0.07217706457942316,13.295678237568026,0.29806479159060595,-0.18480903049237296,0.04324418306350708,14,0.7484731078147888,1875.208880845458,119.07359262660545,1756.1352882188526,20.51495618405221,rmse_cf
54753541,4026,70.35000000000036,16.22277834812335,697.3331777144629,16.693944620936755,15.078272513785864,16.222752801154268,5679,1653,881,0.08,1653,772,4026,508.85000000000036,70.35000000000036,3.2485015230421515,57.22814498933872,17.616782563717504,0.2985593641331346,0.8270350991392317,-2.466406400155771,10.44740080166675,0.7009888585580832,-0.15842928204613793,0.0014434456825256348,18,0.8104047775268555,696.5407754914855,9.95789153823046,686.5828839532551,15.078272513785864,rmse_z_lateral
54a7e3c2,6155,19.05999999999767,11.037762426443331,1295.380650645529,68.45996835969493,155.26015578274854,5.3090754784611605,7893,1738,978,0.08,1738,760,6155,639.2000000000007,19.05999999999767,2.719023779724653,322.9275970619492,118.76600692865256,0.3445978878960195,0.865087432457077,1.523869128002971,18.24200067360777,0.2778038674018113,-0.4517063740979467,0.0002570152282714844,8,0.8434720039367676,1375.7271108042087,71.61685649332901,1304.1102543108796,11.037762426443331,rmse_cf
5542c301,3591,20.980000000001382,5.501114137426537,1215.8031024436684,39.12627696092142,26.837478639521358,5.443244787365863,5433,1842,1100,0.08,1842,742,3591,905.5699999999997,20.980000000001382,2.034077984032157,171.16301239274372,84.14771396986802,0.48120300751879697,0.8669565877416799,-0.4723525724526664,9.929690314961613,0.40674548631784185,-0.15706763685477027,5.519390106201172e-05,11,0.8764499425888062,1226.7148744648136,25.343973670219412,1201.3709007945943,5.501114137426537,rmse_cf
5567d551,6889,38.79000000000087,10.289492216812466,1326.025179579155,95.7126879104477,60.06632454768763,7.528673716452508,8390,1501,757,0.08,1501,744,6889,547.9699999999993,38.79000000000087,2.7392010511524387,177.59731889661884,64.83544492723524,0.6619248076643925,0.8461454518142512,-1.398886833270905,12.871815672873296,0.4061279663483832,-0.10182286735170132,0.0001506209373474121,15,0.8702243566513062,1367.4297922628386,84.87509981889404,1282.5546924439445,10.289492216812466,rmse_cf
55efee7f,4801,61.539999999999054,25.83515609352923,1446.0935457093271,94.00963402305285,180.53951836155846,18.508722241211952,6577,1776,1066,0.08,1776,710,4801,824.6100000000006,61.539999999999054,2.1537454069196333,78.01429964251014,36.22261916002834,0.011039366798583628,0.7228643604832394,5.1872380044556925,24.309971453646586,0.38787583837420775,-0.18602294964755323,0.03342175483703613,9,0.7061070203781128,1405.0371963048863,84.2378707624261,1320.79932554246,25.83515609352923,rmse_cf
5663b2b7,4972,43.43000000000029,16.28409405856329,1600.8540674532985,45.98740221060259,39.28760594966445,14.688194944720626,6907,1935,1267,0.08,1935,668,4972,934.7099999999991,43.43000000000029,2.0701607985364463,114.48307621459743,55.30153807160014,0.1566773934030571,0.8556913210785028,-2.1519067275360206,14.820061568045984,0.8339228998839348,-0.08335133413755558,0.0034109950065612793,10,0.8437236547470093,1620.932657203244,34.56948463121727,1586.3631725720268,16.28409405856329,rmse_cf
5693dde2,3488,13.179999999998472,6.95783505375875,753.6997633180423,6.609191807170598,9.793637739600651,3.5454434832630857,4846,1358,703,0.08,1358,655,3488,494.1899999999987,13.179999999998472,2.747930957728816,264.64339908956026,96.30642223569178,0.5874426605504587,0.4276083292995433,2.585497378758491,19.030487357565242,0.260354390113957,-0.2665417523661182,0.0,2,0.39008012413978577,696.1422133344638,11.76828635497373,684.3739269794901,6.609191807170598,rmse_md_last512
56b00794,6065,43.01000000000022,29.944728017238926,973.4077882618982,67.85484326685638,7.737921538226008,10.727088994366389,7293,1228,610,0.08,1228,618,6065,403.6800000000003,43.01000000000022,3.042013476020608,141.01371774005975,46.35538890660209,0.4314921681780709,0.6079622012441167,-4.955830528223949,15.37919785211709,0.3662850787178947,-0.1663833519946783,0.0,5,0.5632984638214111,1045.1966848865372,120.4086707862849,924.7880141002523,7.737921538226008,rmse_z_lateral
57796579,5890,29.269999999998618,12.813078334954168,1721.4284043817356,92.40662678025855,35.486435289639005,8.333137203903009,7622,1732,995,0.08,1732,737,5890,864.840000000002,29.269999999998618,2.0026825771240877,201.22992825419468,100.48019119593425,0.06723259762308999,0.8982909108136763,-0.8617006796959632,10.879592162202552,0.17883969984437897,-0.3614326158181679,0.00038939714431762695,9,0.8945785760879517,1596.4444752471718,80.82323780899333,1515.6212374381785,12.813078334954168,rmse_cf
577eec7c,4539,34.10999999999876,18.875287599886814,1133.4287461875417,31.970090656771397,102.71291867813636,10.841665579920742,6085,1546,1133,0.08,1546,413,4539,644.9900000000016,34.10999999999876,2.3969363866106392,133.06948109059408,55.51648422291235,0.34236615994712494,0.8946469657880621,1.374020400001366,9.479128160291662,0.3178322825170881,-0.23161177005011563,0.0018469691276550293,6,0.9010179042816162,1155.924724786242,37.87155707843328,1118.0531677078088,18.875287599886814,rmse_cf
57f05c51,4771,63.82999999999993,36.3244551404309,1608.6891665095063,155.51236874613738,71.69474849416946,18.13480713108835,6478,1707,1060,0.08,1707,647,4771,887.7300000000014,63.82999999999993,1.9228819573518945,74.74541751527504,38.87155799111612,0.05805910710542863,0.8975919474712972,-2.388412784675822,16.52077975240064,0.11247390217678452,-0.33413591024560685,0.0,4,0.905332624912262,1430.4217438617118,135.9479168919415,1294.4738269697702,36.3244551404309,rmse_cf
58850d2c,4995,21.109999999998763,14.887955622671049,1383.6676192332125,59.554007359162796,24.326379492744834,4.91786836563303,6918,1923,1238,0.08,1923,685,4995,809.7799999999988,21.109999999998763,2.374719059497645,236.6177167219466,99.64029882844392,0.022022022022022022,0.6038721001198499,12.751126418155888,24.192118202678007,0.38781565096973003,-0.31240781938274087,0.000549614429473877,9,0.5499992370605469,1414.3329416069557,27.328280510731904,1387.0046610962238,14.887955622671049,rmse_cf
58fa8486,4475,28.360000000000582,11.865701003853058,1391.0066314981525,25.591230757715596,7.408124335173513,9.234593064491705,6126,1651,914,0.08,1651,737,4475,785.7099999999991,28.360000000000582,2.1012841888228504,157.79266572637195,75.09344360258484,0.28268156424581004,0.8157576757215493,-4.015769584848425,16.569764516415837,0.542467124459197,-0.27834253382988594,0.0014636516571044922,6,0.7938703894615173,1233.6279647189003,19.813677778038553,1213.8142869408618,7.408124335173513,rmse_z_lateral
591cc951,4609,30.340000000000146,15.021994805073081,1258.5755292679032,36.02672894679661,18.61062130038109,8.473419010639986,6669,2060,1143,0.08,2060,917,4609,875.6299999999992,30.340000000000146,2.3525918481550447,151.91166776532557,64.57204545890869,0.009112605771316989,0.8821552776428248,-2.313191339445986,10.641388314114941,0.5563105333166921,-0.20090948903415706,0.0012763738632202148,15,0.9014054536819458,1222.85051178589,22.68605938576119,1200.1644524001288,15.021994805073081,rmse_cf
593876b6,4842,28.850000000000364,12.278386863654298,973.0204851522593,18.613288439163274,20.128170762589324,6.599585487266422,6366,1524,876,0.08,1524,648,4842,528.9400000000005,28.850000000000364,2.881234166446097,167.83362218370672,58.25060112719811,0.03593556381660471,0.8488989374205616,-2.5288926440487822,12.720502316534263,0.27228325107840545,-0.27120848364180916,0.0012704133987426758,10,0.832906186580658,969.5348810218946,8.626634283741847,960.9082467381528,12.278386863654298,rmse_cf
59f8b2e8,3747,22.729999999999563,6.235385931133263,853.9192402907221,7.159531809511928,10.149265240912753,5.830346562628269,5668,1921,1130,0.08,1921,791,3747,711.8799999999992,22.729999999999563,2.698488509299323,164.84821821381752,61.08909400419172,0.337336535895383,0.7746839923297719,1.2981314558579473,12.310228160670874,0.3802995197559057,-0.09036487991546016,0.005170583724975586,5,0.7751317024230957,772.5123100433342,6.073453721392329,766.4388563219419,6.235385931133263,rmse_cf
5a1a8fd8,5260,32.97999999999956,13.165282167987698,1358.2810023698407,94.78194110511461,35.20569059207158,7.5593353783662245,6814,1554,900,0.08,1554,654,5260,671.6200000000008,32.97999999999956,2.313808403561535,159.490600363859,68.92990798994536,0.5304182509505704,0.7468895591336995,0.20882857776295433,17.358143142095752,0.5330178230795589,-0.062167637638973816,0.002998173236846924,26,0.7769490480422974,1344.791122103272,57.009241411117706,1287.7818806921543,13.165282167987698,rmse_cf
5a5269a9,6513,22.600000000000364,5.863105043604518,1316.154367053712,11.8457798495739,6.627261468913594,5.8228063288644165,8053,1540,921,0.08,1540,619,6513,568.4300000000003,22.600000000000364,2.7092166141829237,288.18584070796,106.37238794391284,0.46338093044679873,0.7841802642128237,0.5419995027239212,14.59265701506826,0.4551413751813752,-0.09641018781586985,0.00922173261642456,37,0.8015080094337463,1342.5802814861609,16.5451308146884,1326.0351506714724,5.863105043604518,rmse_cf
5a5d1982,3894,23.31999999999971,7.106652935637849,1103.2903694842728,14.58368277675845,13.00953672760223,6.725463187039832,5446,1552,911,0.08,1552,641,3894,693.4100000000017,23.31999999999971,2.2382140436394,166.9811320754738,74.60463066524134,0.2840267077555213,0.8727589219317191,-1.3847067087512361,9.457457923712013,0.49305675774789975,-0.19760310998525493,0.0,39,0.8570246696472168,1081.8475795321683,8.315945062465907,1073.5316344697023,7.106652935637849,rmse_cf
5a63b5d1,6217,31.579999999999927,19.44924550712061,1531.43465355271,26.23120839083187,32.688440027618334,8.935279375091584,8052,1835,1063,0.08,1835,772,6217,756.0799999999999,31.579999999999927,2.4269918527139986,196.86510449651723,81.11486005870667,0.546244169213447,0.7323347402390579,2.121623321411943,14.145366186885594,0.1859642476678119,-0.352710269380664,0.005012333393096924,6,0.6436256170272827,1510.1720973795234,16.390298212954896,1493.7817991665686,19.44924550712061,rmse_cf
5aa03df7,4871,40.840000000000146,6.58601427636249,1594.5217653584357,11.514352497750158,14.429714667315828,6.38754841579679,6752,1881,1227,0.08,1881,654,4871,944.7700000000004,40.840000000000146,1.9909607629370103,119.2703232125363,59.905913482992005,0.3319646889755697,0.8713633461204866,5.286205559331003,12.701968476359667,0.44099127248493253,-0.000557629351501665,0.0020856261253356934,3,0.8725401759147644,1501.048601057071,12.303401566697175,1488.7451994903738,6.58601427636249,rmse_cf
5aa403d0,3118,30.329999999999927,25.684478606280763,767.987426000901,43.50761220467756,139.8561327763623,8.053060697358404,4702,1584,866,0.08,1584,718,3118,653.6299999999992,30.329999999999927,2.423389379312458,102.80250576986506,42.4209607615889,0.5792174470814625,0.9307435511988619,-0.7382233935156561,7.9963671576133155,0.1799233517867464,-0.5297364058718639,0.00042068958282470703,12,0.9275259971618652,804.3813051859462,67.18505199324618,737.1962531927,25.684478606280763,rmse_cf
5aef5c6c,3121,42.31999999999971,10.926258823623487,908.7855810037166,66.68220622361942,39.16894129908657,9.533964258639527,4853,1732,1061,0.08,1732,671,3121,769.3199999999997,42.31999999999971,2.251338844694016,73.7476370510402,32.75723564440314,0.6507529637936559,0.7947062771196939,-1.1775964281272664,13.417460340747077,0.42627375721571986,-0.11952631059368773,0.03381127119064331,1,0.783024251461029,912.3630417265088,68.69648447285117,843.6665572536576,10.926258823623487,rmse_cf
5b7b6324,6564,40.73999999999796,17.673226229685234,1034.5940134691018,61.938624836140804,59.98736412227885,10.88250623162171,8197,1633,823,0.08,1633,810,6564,499.8700000000008,40.73999999999796,3.266849380839013,161.11929307806403,49.31947399322229,0.5402193784277879,0.8150284445089734,1.2635010021096014,12.299215507410974,0.45939155022323247,-0.05807066763978447,0.0003619194030761719,5,0.8852958679199219,1065.1951061304273,34.21849292324399,1030.9766132071834,17.673226229685234,rmse_cf
5bd25f59,4210,12.709999999999127,4.338412715856817,1436.3922510914679,11.976653208628095,36.98614927253681,3.121471499993961,6120,1910,1238,0.08,1910,672,4210,967.0200000000004,12.709999999999127,1.9751401211970787,331.2352478363721,167.70215149881082,0.021852731591448932,0.9569643080121644,0.7279875301176342,7.083007103431348,0.42110181205035224,-0.1973443974027308,0.0,1,0.9528315663337708,1462.4220431478764,64.7885377928228,1397.6335053550536,4.338412715856817,rmse_cf
5beded95,3057,25.68000000000029,16.64432832796459,907.9841150026059,21.978145754885894,20.931823191784225,6.676108676272902,4779,1722,1077,0.08,1722,645,3057,758.1500000000015,25.68000000000029,2.271318340697747,119.042056074765,52.41099582641304,0.6234870788354596,0.697674021404485,-1.0243054519005417,21.0655080691484,0.48060742040387444,-0.13869250359523205,0.03645139932632446,32,0.674307107925415,857.7243005499204,11.271847007312262,846.452453542608,16.64432832796459,rmse_cf
5cb483ac,3852,20.219999999999345,6.114075023717169,728.040579325064,13.928122747346926,20.49044998971784,5.826659004668555,5206,1354,728,0.08,1354,626,3852,476.90999999999804,20.219999999999345,2.8391101046319127,190.50445103858183,67.10005741861868,0.11941848390446522,0.8722350478009188,3.348127839711751,12.825438937408844,0.5699844636378892,0.013698431457282667,0.0,11,0.8786925673484802,757.8070103146719,7.071358386937353,750.7356519277345,6.114075023717169,rmse_cf
5cdd8dbc,4010,48.44999999999891,17.231660513857207,1059.547252128581,45.808113261763125,34.741685561372414,14.186022497803119,5751,1741,1026,0.08,1741,715,4010,717.5100000000002,48.44999999999891,2.426447018160025,82.76573787409887,34.109847548561,0.41970074812967584,0.6795720675770099,5.1420129989343835,24.89997054585184,0.28017996070856477,-0.3346387994730017,0.006704270839691162,17,0.7077916264533997,1208.6159205031204,40.50586432208659,1168.1100561810338,17.231660513857207,rmse_cf
5d11dfb5,5895,46.04999999999927,9.758377072411292,1781.7289167971146,15.850825315024428,18.12493385414702,9.756504173658602,7643,1748,1087,0.08,1748,661,5895,827.1399999999976,46.04999999999927,2.113306090867332,128.01302931596294,60.574769489934376,0.495843935538592,0.8320501165351825,-0.9053608306077779,13.076028735572939,0.5997244886454226,-0.020179574792604793,0.0,4,0.8369526267051697,1748.3961712300238,26.856761873572076,1721.5394093564516,9.758377072411292,rmse_cf
5d7198fd,3368,34.470000000001164,13.36645546990557,308.60709456746787,18.272428401036734,33.97089893264583,12.432942170761132,4797,1429,542,0.08,1429,887,3368,257.0400000000009,34.470000000001164,5.559446000622453,97.7081520162427,17.575159828030166,0.041270783847980996,0.8181095773083615,0.4177866412906522,12.231373768915608,0.1594550563120415,-0.47969710238585006,0.0,5,0.8341035842895508,315.82504327864484,22.113354626946524,293.7116886516983,13.36645546990557,rmse_cf
5def1ce5,6443,27.350000000000364,8.052417616706911,1274.9014766220168,74.73638922957642,56.129555123993406,7.6892586859608905,7997,1554,852,0.08,1554,702,6443,562.25,27.350000000000364,2.763895064473099,235.5758683729402,85.23328957058277,0.027161260282477107,0.7205810394627639,-0.7812490928686929,10.859918938565334,0.09138728565321477,-0.3811940868750614,3.141164779663086e-05,57,0.7490177750587463,1347.5871005740744,16.318760757469665,1331.2683398166048,8.052417616706911,rmse_cf
5eae34a8,4904,25.80999999999949,7.397484649492449,1203.170550864226,14.62450514340931,7.720889222797338,7.287374798674476,6652,1748,1072,0.08,1748,676,4904,714.8299999999999,25.80999999999949,2.445336653470056,190.0038744672645,77.70049747450496,0.4641109298531811,0.8985745417014043,-1.7696240240757741,7.725365850539232,0.5798987283898246,-0.12815493438655212,0.43612807989120483,1,0.918634295463562,1193.1581531487998,5.840480510963424,1187.3176726378363,7.397484649492449,rmse_cf
5f4d2a52,5225,93.91000000000167,56.914917258531396,1318.6058311583504,118.45687195429328,84.1670980092186,31.853164273938177,7112,1887,1121,0.08,1887,766,5225,809.4700000000012,93.91000000000167,2.3311549532410063,55.63837716962951,23.86730109565451,0.21511961722488038,0.8236838947676637,2.8595964182557227,16.962877444024794,0.562239015935994,-0.0032041040253609765,0.004962801933288574,19,0.8157823085784912,1286.8791449515102,67.42518242313652,1219.4539625283737,56.914917258531396,rmse_cf
5f6756c5,5931,21.339999999998327,8.573813859683462,1558.0535858200003,185.67661490169544,82.40064731845297,5.4129188738094465,8064,2133,1235,0.08,2133,898,5931,985.9899999999998,21.339999999998327,2.1633079442996386,277.92877225869097,128.47397569589623,0.03237228123419322,0.792933260535367,0.5053314640502519,14.471918914541394,0.4761872800741124,-0.2235567424533912,0.009779036045074463,2,0.781283974647522,1618.071686425296,158.19963925492857,1459.8720471703675,8.573813859683462,rmse_cf
5f75f796,5562,21.950000000000728,9.239915906257119,1688.2469747879034,57.72016105389377,130.52371933979117,5.329158587450406,7324,1762,1080,0.08,1762,682,5562,856.9099999999999,21.950000000000728,2.056225274532915,253.39407744873876,123.23264410136134,0.5016181229773463,0.7604362230789482,-4.569542994556343,15.615801286832212,0.5194998229538557,-0.09886857809231953,0.0010352134704589844,7,0.794552743434906,1690.0708052677628,64.90352824181913,1625.1672770259436,9.239915906257119,rmse_cf
5fb1c15f,2860,23.92000000000189,18.291082508578185,753.2367128108133,20.67208649702709,15.125749211385132,6.905297594346309,4857,1997,1142,0.08,1997,855,2860,802.9000000000015,23.92000000000189,2.4872337775563538,119.5652173912949,48.071563867536725,0.5237762237762238,0.8639458195292672,-1.5724398093818532,9.768849543285324,0.4446827435989612,-0.12765340438398975,7.319450378417969e-05,11,0.8424419164657593,788.1492852548369,12.358505460118018,775.7907797947188,15.125749211385132,rmse_z_lateral
5fffa282,4201,10.530000000000655,5.318148657346763,1238.841801434633,8.64022446426604,7.2630932654469245,2.575626795557289,6223,2022,1290,0.08,2022,732,4201,909.8499999999985,10.530000000000655,2.2223443424740377,398.9553656220075,179.5200491647789,0.07998095691502023,0.8847631815225522,-2.3439126038319986,11.730526947069016,0.44787837205207914,-0.14815379283110752,0.00037223100662231445,17,0.923265814781189,1204.1062325049354,37.93204172588462,1166.1741907790508,5.318148657346763,rmse_cf
60e37807,2699,46.93000000000029,20.874268055180604,910.5209461942076,13.165312143726696,26.45458641647662,16.73300211306027,4641,1942,1194,0.08,1942,748,2699,922.2000000000007,46.93000000000029,2.105833875515071,57.511186874067405,27.31041016234037,0.025935531678399407,0.8087418336990203,2.25444361725708,13.99303755660141,0.5026904623067959,-0.101072982816929,0.002825021743774414,11,0.7918816804885864,912.7019329618788,31.60721933839837,881.0947136234804,13.165312143726696,rmse_md_last512
61f27424,6220,10.8799999999992,2.8150009994687166,2156.890469202571,17.79317027787466,60.48398757796727,2.8042006480896373,8341,2121,1434,0.08,2121,687,6220,1114.7800000000007,10.8799999999992,1.902617556827355,571.6911764706302,300.4761384752143,0.07652733118971061,0.9052270051942858,-1.5043305576252646,10.70319993213933,0.1971282859193764,-0.2119926157911298,0.0005543231964111328,4,0.9243820309638977,2161.183992306493,37.23835941178985,2123.945632894703,2.8150009994687166,rmse_cf
62569ae3,3588,21.659999999999854,8.163464251076302,846.9991270658279,79.73945154854736,42.852067023986876,7.209272606050207,5242,1654,1005,0.08,1654,649,3588,669.3900000000012,21.659999999999854,2.470906347570171,165.65096952908698,67.04056982652705,0.3124303232998885,0.8891568567568392,-1.1591501724578863,11.72382734542898,0.3337150383586436,-0.2396267029856759,0.00017535686492919922,5,0.8968555331230164,861.1505519166632,36.107358322424574,825.0431935942386,8.163464251076302,rmse_cf
62a6f539,3693,20.139999999999418,7.864940463331049,961.3172123138647,56.770232982829114,94.26133702164762,5.84396293040198,5253,1560,860,0.08,1560,700,3693,651.380000000001,20.139999999999418,2.3949154103595407,183.3664349553181,76.56489000076621,0.6999729217438397,0.7662473370796815,-2.1903652949831565,21.033864513630654,0.28889128066127245,-0.2580180670033978,0.007467865943908691,6,0.7615723013877869,1057.8845144042775,75.132786874718,982.7517275295595,7.864940463331049,rmse_cf
633774dc,6233,42.76000000000022,14.212429924790966,1599.8932028154065,47.91926514153736,57.408566090787794,9.343696579072757,7972,1739,1016,0.08,1739,723,6233,775.5300000000007,42.76000000000022,2.242337498227017,145.7670720299338,65.00674949475253,0.3641905984277234,0.8779459966020579,-6.930297267172692,18.073042941086424,0.38778605774754393,-0.19564640938091205,0.00023853778839111328,13,0.8756534457206726,1665.8816801455894,31.33393530253552,1634.5477448430538,14.212429924790966,rmse_cf
63559d57,4069,19.94000000000051,5.894220519880757,905.3693375183087,66.16246108773159,70.24092964286446,3.7213467150710127,5810,1741,1097,0.08,1741,644,4069,660.659999999998,19.94000000000051,2.635243544334461,204.06218655967382,77.43579791643522,0.6586384861145245,0.8601029383030614,-1.588935437293647,12.494269194782476,0.26779613659567575,-0.3862199140362305,0.009609818458557129,11,0.8722344040870667,916.1873418880045,45.93525335478004,870.2520885332245,5.894220519880757,rmse_cf
647f2a41,3881,21.150000000001455,6.546227092935274,1114.9493306202633,5.057290030541377,5.178071704035291,5.5463513929476855,5836,1955,1237,0.08,1955,718,3881,875.909999999998,21.150000000001455,2.231964471235634,183.49881796689044,82.21404073932412,0.43442411749549087,0.767949038867535,0.8375755087674054,16.29564888141043,0.2221633649484705,-0.21310909118078308,0.024830102920532227,16,0.7540441751480103,1044.4726226757389,5.775934634816814,1038.696688040922,5.057290030541377,rmse_md_last512
65156b96,3221,31.790000000000873,6.076781706471203,937.1553115625783,27.214495879114523,55.61949764033809,6.051778591631053,5046,1825,1184,0.08,1825,641,3221,819.5199999999986,31.790000000000873,2.2269133151112883,101.32117017929889,45.49847966319939,0.050294939459795095,0.8617618632690401,-2.251586296406565,9.64113932983168,0.4329557575152513,-0.13695434162288123,0.003057718276977539,18,0.8639260530471802,880.0343625196635,37.25687847463205,842.7774840450315,6.076781706471203,rmse_cf
653612bc,4605,6.130000000001019,2.8332405605306503,773.0176700391959,6.283487672780952,4.199755330442173,1.9818348039190774,5946,1341,704,0.08,1341,637,4605,424.5400000000009,6.130000000001019,3.1587129599095425,751.2234910276077,237.82581721167878,0.035613463626492946,0.7752937507169996,-0.36969790673803604,9.29247215844216,0.21217618674618607,-0.24602588045446735,0.00024050474166870117,12,0.7631326913833618,780.1060065037067,13.45102832472075,766.654978178986,2.8332405605306503,rmse_cf
656a067b,3051,39.61000000000058,14.667037832749068,924.6745677802171,16.17723313740054,32.45632397245213,13.952138401412894,4896,1845,1085,0.08,1845,760,3051,855.1099999999988,39.61000000000058,2.1576171486709343,77.02600353445986,35.699569583930554,0.20419534578826615,0.904643902376476,-3.9891335933024594,17.02813846325118,0.3650409594692764,-0.3369643217939585,0.0,2,0.918664813041687,929.7211611682633,24.390769618363244,905.3303915499,14.667037832749068,rmse_cf
65a5466a,4683,36.23999999999978,11.991020361693243,947.9398562443704,62.48331787314726,26.245186730213582,10.117355068190614,6117,1434,815,0.08,1434,619,4683,517.6399999999994,36.23999999999978,2.770265049068854,129.22185430463654,46.64602556642397,0.2746102925475123,0.8522899342391697,0.2215082683826583,9.505559308998754,0.49356093196679973,-0.05730009508782663,0.010947644710540771,12,0.8620848059654236,956.217217754087,97.0769480992365,859.1402696548505,11.991020361693243,rmse_cf
660d9546,4732,22.350000000000364,9.433757519583331,804.7795886426221,43.696731359508036,26.427737168237652,7.008655602079589,6140,1408,758,0.08,1408,650,4732,446.2000000000007,22.350000000000364,3.1555356342447283,211.72259507829634,67.09561216188635,0.2081572273879966,0.7705969103574076,-2.7474452328450725,11.68909460626256,0.5619592960977192,-0.05873052657225841,0.0,7,0.7829828262329102,874.8309456646446,11.26440334797081,863.5665423166738,9.433757519583331,rmse_cf
6767c111,6783,40.17000000000189,17.475154063370617,1727.7078954964854,58.27641907675085,72.46365224996212,8.12935314164989,8354,1571,851,0.08,1571,720,6783,684.7700000000004,40.17000000000189,2.2942009725893353,168.85735623598907,73.60181529581051,0.4820875718708536,0.8529365095430999,-8.947944648618735,19.71460312210689,0.5841958553778892,-0.07319022929903074,0.00032842159271240234,7,0.8543255925178528,1867.722651092756,74.20808513210629,1793.5145659606496,17.475154063370617,rmse_cf
67847288,7429,24.639999999999418,11.461290028070946,1931.579133856911,222.87089553303633,64.97610746151092,5.889464575497104,9174,1745,1048,0.08,1745,697,7429,773.6299999999992,24.639999999999418,2.2556002223285057,301.5016233766305,133.6680234343051,0.4664153991115897,0.7365755827456918,-2.5396710019177253,14.749603318871891,0.45797320693430643,-0.1358345596961057,0.0007323622703552246,19,0.7136637568473816,1962.2260485593217,149.70815307363821,1812.5178954856835,11.461290028070946,rmse_cf
67a8da4a,4911,27.789999999999054,14.48691836331104,1249.8026295944462,170.7295430028056,93.01715188338551,7.958317926865776,6645,1734,957,0.08,1734,777,4911,750.7599999999984,27.789999999999054,2.3096595449944104,176.71824397265806,76.51268099475922,0.187945428629607,0.8146790420153021,0.3492974994072997,12.335696033487636,0.4410412039094696,-0.12059523042543313,9.822845458984375e-05,9,0.8102909326553345,1297.748109109428,70.15235212878308,1227.5957569806449,14.48691836331104,rmse_cf
684a6fc1,9818,37.979999999997744,24.030978453294004,2399.0526986880545,71.96948165847868,18.673874318272695,8.906115470875514,11449,1631,1009,0.08,1631,622,9818,706.2600000000002,37.979999999997744,2.3093478322430827,258.5044760400364,111.93830242062303,0.5022407822367081,0.9361452022009705,1.4741410271047009,11.682766621853121,0.08355696395297436,-0.4423480005120625,0.00017815828323364258,6,0.933000922203064,2471.2923862624884,135.70139978440326,2335.590986478085,18.673874318272695,rmse_z_lateral
698930d1,4741,30.23999999999978,10.389172214568049,1451.8890959844755,47.04104522161463,67.33043862731219,8.96008100093923,6498,1757,1033,0.08,1757,724,4741,847.0500000000011,30.23999999999978,2.0742577179623374,156.77910052910167,75.58323113441988,0.1489137312803206,0.9261680709574637,-6.377308181119434,16.829473442695612,0.40152154068926116,-0.09966455265181917,0.0,14,0.9391324520111084,1449.7760523347283,53.85015521637002,1395.9258971183583,10.389172214568049,rmse_cf
699ea575,4120,24.80000000000109,10.392889600471305,804.7455545575946,8.704400037702248,20.809547851693015,7.9817398095646865,5474,1354,694,0.08,1354,660,4120,455.4200000000001,24.80000000000109,2.973079794475429,166.1290322580572,55.87775765950105,0.4507281553398058,0.8437488888803713,2.5409223559491263,13.704816079115831,0.18151877720781726,-0.13116890675231038,0.0009241104125976562,7,0.8728563189506531,752.9286698739047,19.305023307621322,733.6236465662834,8.704400037702248,rmse_md_last512
69c1bdad,2714,33.32000000000153,9.789958199101882,729.1769888271581,71.18295640123918,19.648172708159947,9.788819641403798,4645,1931,1121,0.08,1931,810,2714,755.9800000000014,33.32000000000153,2.554300378316882,81.45258103240923,31.888411294086403,0.4086219602063375,0.8151812729542558,-0.45486043397491355,15.757235022976896,0.4289509775891166,-0.2810380449615547,0.01844698190689087,8,0.8066036105155945,711.641712606216,29.034345350204532,682.6073672560115,9.789958199101882,rmse_cf
69e41fa6,5772,16.679999999998472,5.861732687565972,1050.021371021889,94.71317276730238,53.72904635474364,3.9960329840035187,7167,1395,731,0.08,1395,664,5772,489.369999999999,16.679999999998472,2.8506038375871077,346.0431654676576,121.39293468452134,0.4442134442134442,0.6274504720347468,3.5795805151625335,14.92636303441004,0.18410612216246022,-0.19884436567001715,0.01727128028869629,16,0.6963386535644531,1051.3321320689397,20.19380763930669,1031.138324429633,5.861732687565972,rmse_cf
6a0ff78e,6465,43.75,11.350827388917207,1254.4270384945976,144.42529102823696,88.73884912196361,11.224903657944985,7890,1425,803,0.08,1425,622,6465,504.6700000000001,43.75,2.823627320823508,147.77142857142857,52.33389954887219,0.04021655065738593,0.7942843312365988,-1.9349908837465963,9.801571008814957,0.4312424770963963,-0.0803156059018626,2.9325485229492188e-05,63,0.7473451495170593,1295.8080397871029,85.14916646991799,1210.6588733171848,11.350827388917207,rmse_cf
6a8fa194,3017,15.770000000000437,8.348329338921092,850.6329572251993,31.482082054345206,14.888724343218184,4.458706339286934,4657,1640,982,0.08,1640,658,3017,678.8999999999996,15.770000000000437,2.4156724112534995,191.3126188966339,79.19642498105163,0.05601590984421611,0.7856235894388319,2.5699528525240423,16.545373944008315,0.5964897519243689,-0.13498353436543342,0.009617984294891357,20,0.8175519704818726,838.0903542966183,39.73414294501144,798.3562113516069,8.348329338921092,rmse_cf
6ae68655,4204,15.849999999998545,5.259877371830794,1128.8895100017241,5.677717856613766,31.686755387465997,5.210372529454781,5948,1744,997,0.08,1744,747,4204,742.25,15.849999999998545,2.349612664196699,265.23659305996125,112.88524151304831,0.1988582302568982,0.7082877736810114,-3.595730810151095,11.198856064228142,0.28321801458234386,-0.15167960288857274,0.0,2,0.6899946331977844,1170.8537821089953,11.678384790291055,1159.1753973187042,5.259877371830794,rmse_cf
6d1d74e1,5830,39.97999999999956,11.887571200184345,883.3317932634071,14.254395327949185,18.62856906817186,11.595581307582764,7316,1486,777,0.08,1486,709,5830,435.75,39.97999999999956,3.4102122776821573,145.82291145572947,42.76065522667168,0.307032590051458,0.7631896528922203,-1.3132657723474745,15.203816549213013,0.50972692336659,-0.11170270332846233,0.0016230940818786621,29,0.7429380416870117,869.6198629952285,22.17595219765102,847.4439107975775,11.887571200184345,rmse_cf
6d590e26,6096,31.899999999997817,8.629685403348205,1702.8419091559997,78.26564999266807,41.22170905927186,8.619366759827134,7842,1746,1015,0.08,1746,731,6096,795.619999999999,31.899999999997817,2.194514969457784,191.09717868339865,87.07946008252317,0.33218503937007876,0.8506390311838665,-0.17370917590279855,14.335520431686932,0.32683594866746757,-0.28793207647459473,0.0010558366775512695,32,0.8745483756065369,1773.9395188181315,46.9586175475149,1726.9809012706166,8.629685403348205,rmse_cf
6d6d93af,3595,51.70999999999913,32.195372520142506,766.2658163284405,37.02935769246085,59.92770671425441,15.127502859890681,5305,1710,901,0.08,1710,809,3595,600.7999999999993,51.70999999999913,2.84620505992011,69.52233610520327,24.426327211699455,0.4356050069541029,0.6477673388008485,1.308725789029456,11.70120104047612,0.3864621072683938,-0.2147107541018225,0.0005055665969848633,5,0.6771430969238281,708.7387150117826,50.69840649707647,658.0403085147061,32.195372520142506,rmse_cf
6dbe4b60,4648,21.94000000000051,8.699464045404161,1078.2557949654424,41.50601537638007,38.711105392356195,6.6735362902680935,6673,2025,1189,0.08,2025,836,4648,789.7599999999984,21.94000000000051,2.5640700972447377,211.85050136736064,82.62274170858588,0.5,0.8545232205490546,-1.0783563901001947,12.249975228451571,0.39413702826691366,-0.11186490396698445,5.716085433959961e-05,22,0.8606153726577759,1052.318304667137,63.092083196192554,989.2262214709444,8.699464045404161,rmse_cf
6e6d122c,5632,29.780000000000655,9.11700946941914,1089.0529596416654,50.36792178662671,66.39800213806794,8.121486339968111,7083,1451,841,0.08,1451,610,5632,535.2900000000009,29.780000000000655,2.710680192045429,189.12021490933097,69.76854571937695,0.2872869318181818,0.674302661550997,-5.872504071970768,17.550633029520025,0.38776374059825786,-0.2380170772474403,0.003948092460632324,19,0.7183448672294617,1094.7366974679742,39.13327555803005,1055.6034219099442,9.11700946941914,rmse_cf
6e9ccd38,8282,44.719999999999345,12.23949279951463,979.5653380234035,44.60144414658077,58.09296973815689,11.265010658873974,9619,1337,647,0.08,1337,690,8282,318.89000000000124,44.719999999999345,4.19266831822884,185.19677996422453,44.171579029762,0.03887949770586815,0.8756182616479757,-3.0115935123255464,7.9267674168732665,0.33225578254720284,-0.013389246486917306,0.0,7,0.8721106648445129,1045.5632438891128,32.93030495833134,1012.6329389307814,12.23949279951463,rmse_cf
6ea22614,5971,24.399999999999636,6.4753183432909225,1819.2288787860507,9.272553896821774,40.307383559042904,6.4731765682239075,7894,1923,1347,0.08,1923,576,5971,925.869999999999,24.399999999999636,2.0769654487131044,244.713114754102,117.82242930700998,0.44615642270976386,0.9554369132916366,2.3163384253448416,9.15350818071001,0.27017439815412647,-0.15656594199099166,0.0002256631851196289,4,0.9554601907730103,1772.8351626875706,6.047133077670646,1766.7880296099,6.4753183432909225,rmse_cf
6ede926a,4938,23.18999999999869,7.686767373145472,1170.3317439833386,127.67833025167236,58.67058121675221,5.964971188309381,6621,1683,891,0.08,1683,792,4938,679.9300000000003,23.18999999999869,2.475254805641756,212.93661060803274,86.02613764154472,0.35905224787363305,0.7398543551289596,-1.9141314198975183,11.272535045869095,0.3900144034281914,-0.1850059272653508,0.0018998384475708008,40,0.7152801752090454,1181.7932499459641,122.7162605249727,1059.0769894209914,7.686767373145472,rmse_cf
708caea9,6548,50.63000000000102,34.916458237909005,1858.9727288247288,151.69924793457085,117.96661493805715,11.428669955421286,8482,1934,1199,0.08,1934,735,6548,902.1099999999988,50.63000000000102,2.1438627218410202,129.33043650009614,60.325894555895324,0.21701282834453267,0.8936171033700893,-6.733001276598185,18.089681091856637,0.4297485911319865,-0.16644253495282135,0.00023293495178222656,10,0.9167712330818176,2017.4087676595977,72.01566701590416,1945.3931006436935,34.916458237909005,rmse_cf
70925e23,5947,26.81999999999971,14.784803005082047,1789.3501410618474,11.286858432028154,14.110394249100581,6.095852729244792,8072,2125,1386,0.08,2125,739,5947,986.6299999999992,26.81999999999971,2.1537962559419457,221.73750932140433,102.95194297495387,0.11804271061039179,0.49414741480150537,3.782728952910536,20.726727451523903,0.5545736654759911,-0.22080846046905178,0.0021725893020629883,9,0.5058229565620422,1884.640987554269,30.541452239791333,1854.0995353144776,11.286858432028154,rmse_md_last512
70e1788b,9285,25.55999999999949,7.159206283115686,2546.355667065892,51.8486378330131,257.98600634195026,5.585597137792499,11338,2053,1282,0.08,2053,771,9285,945.7800000000007,25.55999999999949,2.170695087652518,363.2629107981293,167.3486584387019,0.03963381798599892,0.8421667305036077,-2.3037642974236525,13.215677273679171,0.5122025407465798,-0.07481617233151583,0.003702521324157715,4,0.8568407297134399,2534.307956483795,206.83362747959208,2327.474329004203,7.159206283115686,rmse_cf
71642c7d,4648,24.94999999999891,11.901230993511438,1502.8955225080465,11.206979727804955,19.082787512763154,7.513549677025677,6657,2009,1369,0.08,2009,640,4648,983.8200000000015,24.94999999999891,2.0420402106076283,186.29258517034884,91.22865661637276,0.2689328743545611,0.7349085489229215,1.325090489101875,13.34394241345515,0.3380222175212573,-0.2424195571026263,0.0047678351402282715,9,0.7417466640472412,1535.9563693032635,49.01731377103807,1486.9390555322254,11.206979727804955,rmse_md_last512
71ccf778,2698,12.510000000000218,5.388651839136806,884.6655942397653,13.824723266580582,12.210118113970223,3.4466990429867215,4623,1925,1218,0.08,1925,707,2698,878.9300000000003,12.510000000000218,2.1901630391498745,215.6674660271745,98.47096411182575,0.04595997034840623,0.8546008125265278,-1.1666127187307695,13.771876450437118,0.40364149097438307,0.005071977886176859,0.0024886131286621094,10,0.8266828656196594,870.3582826669043,9.35593584632135,861.0023468205829,5.388651839136806,rmse_cf
7224331b,6063,17.079999999999927,4.338260107312621,1238.1135825665035,46.338398650406866,22.301495184215664,4.336982072692705,7566,1503,831,0.08,1503,672,6063,537.9599999999991,17.079999999999927,2.793888021414236,354.97658079625444,127.05469155366116,0.7085601187530925,0.7966271951089513,-2.0603859284631536,14.929828713270183,0.5900978976848567,-0.1753501923571401,0.0,5,0.8229548335075378,1197.0878540083136,80.44652119231898,1116.6413328159947,4.338260107312621,rmse_cf
722cf0d8,5143,33.340000000000146,11.127293106426961,1609.0046311147714,17.213628982987323,54.15999835183859,11.088474682584021,7275,2132,1402,0.08,2132,730,5143,1023.0499999999993,33.340000000000146,2.0839646156101868,154.25914817036525,74.02196132068107,0.03772117441182189,0.8862542735736583,1.57485931294648,13.152153891236193,0.2594144053596933,-0.398209972033552,0.000974118709564209,9,0.904419481754303,1622.9895867314656,63.465438446988934,1559.5241482844767,11.127293106426961,rmse_cf
7256229b,5415,24.88000000000102,6.6453924693055635,1547.9670719970757,50.81141473496748,35.41920552121272,6.144500965805126,6972,1557,951,0.08,1557,606,5415,741.0300000000007,24.88000000000102,2.1011295089267623,217.64469453375315,103.58461656412796,0.6642659279778393,0.8292985154430117,-2.3631294484922907,15.730703415705033,0.26176314244676047,-0.2531497950613816,0.00010341405868530273,12,0.8222060799598694,1444.351745345421,45.92733585793063,1398.4244094874905,6.6453924693055635,rmse_cf
726f3dc2,6723,22.55000000000109,6.931383638655225,1850.6774374696429,8.507275352977446,18.12946268929467,5.685576940730209,8619,1896,1138,0.08,1896,758,6723,851.9099999999999,22.55000000000109,2.225587209916541,298.1374722837993,133.95901582979505,0.36635430611334224,0.8609833233938845,5.085943950374037,14.862744843291752,0.49793403484865467,-0.06509820912455694,0.007396876811981201,12,0.8544332981109619,1896.3529321919316,47.3947055254294,1848.9582266665022,6.931383638655225,rmse_cf
7271dd80,4340,12.80999999999949,8.313957865645467,1785.985738934539,578.9331896072748,133.7183053776812,2.4380495496684444,5765,1425,1225,0.08,1425,200,4340,892.4799999999996,12.80999999999949,1.5966744352814637,338.79781420766375,212.1896654203899,0.04216589861751152,0.9579500110628143,-7.777205460624014,12.162365119749277,0.16795412650501862,-0.25326762331197267,0.0001900196075439453,9,0.9628692269325256,1701.5826352612944,226.67466893520086,1474.9079663260936,8.313957865645467,rmse_cf
727a3a10,4397,18.51000000000022,12.36395803493887,1192.4740136361218,70.95925009955812,19.924711334931192,4.352074993882641,6342,1945,1213,0.08,1945,732,4397,852.1900000000005,18.51000000000022,2.282354873913093,237.5472717449999,104.07990206085942,0.3297702979304071,0.5003112450637189,-2.022302970809488,23.81535379193174,0.26854279067825937,-0.15225226418056148,0.0,15,0.5138148069381714,1224.199076685955,16.540426576075603,1207.6586501098795,12.36395803493887,rmse_cf
729665c0,4263,25.81999999999971,8.662513145164612,979.5417073122087,56.30000393525944,21.28151297762794,7.650786680567989,5775,1512,878,0.08,1512,634,4263,578.9099999999999,25.81999999999971,2.6118049437736444,165.104570100699,63.21473986573785,0.555008210180624,0.7680926993741681,3.6034546307155217,17.688006356607687,0.27313483246857145,-0.212459923549901,0.014946401119232178,18,0.7691228985786438,948.0704102469651,49.362226016829766,898.7081842301354,8.662513145164612,rmse_cf
729e9750,5919,27.43999999999869,8.825983755646552,1210.771346346413,99.12278016762407,69.82071645807059,7.33647767332632,7427,1508,882,0.08,1508,626,5919,557.539999999999,27.43999999999869,2.704738673458411,215.7069970845584,79.75151137567937,0.5720560905558372,0.7194311646675047,-0.28075599915619315,16.20068762249841,0.24263255445435875,-0.21720555902212377,0.0006022453308105469,21,0.7001475691795349,1143.5091221173834,48.88598518920187,1094.6231369281816,8.825983755646552,rmse_cf
729f4217,6195,20.909999999999854,16.25171177822061,1156.942017606277,26.572656176315824,29.70705227070889,5.5701543355665875,7592,1397,756,0.08,1397,641,6195,478.9400000000005,20.909999999999854,2.9168580615525923,296.26972740315847,101.57152701679948,0.5301049233252623,0.7154149884174423,-5.200001821018813,13.373180144470114,0.6293315683128613,-0.10824466729995819,0.0,41,0.7059005498886108,1105.9300881270503,14.965070929717443,1090.9650171973328,16.25171177822061,rmse_cf
72dd8501,5193,18.029999999998836,6.0720820352358595,1464.7284795310359,49.56316673791044,25.414627492665165,5.563165171383749,6928,1735,1060,0.08,1735,675,5193,770.8200000000015,18.029999999998836,2.2508497444280073,288.01996672214835,127.96054798199818,0.5470826112073945,0.8463208176517628,-0.5165751597574025,14.796216206471092,0.37000805811375426,-0.30556371345700806,0.00043457746505737305,21,0.8908135294914246,1445.4096224022787,1.6162679885852542,1443.7933544136936,6.0720820352358595,rmse_cf
73348914,4221,21.299999999999272,10.691729206195715,528.8640798590742,12.62190717528334,36.10935763806111,4.319753591771672,5686,1465,740,0.08,1465,725,4221,354.6800000000003,21.299999999999272,4.130483816397876,198.1690140845138,47.97719175119141,0.22506515043828476,0.6832843709802847,0.9592581339007561,12.489742203503466,0.5863809886995687,-0.086439888024047,0.0,8,0.7035506367683411,577.5591882031396,20.34579252041426,557.2133956827253,10.691729206195715,rmse_cf
739a914f,5505,33.26999999999862,13.540022100878758,1799.0852536870407,29.34221850426448,21.114040889498906,10.751630772860072,7319,1814,1343,0.08,1814,471,5505,908.4200000000001,33.26999999999862,1.9968736927852753,165.46438232642708,82.86171675467085,0.42397820163487737,0.849196714308232,-4.268250642759815,13.84275655730193,0.5161196799716605,-0.007751674028330768,0.0,37,0.8598873019218445,1730.5237925898011,10.668889570233148,1719.854903019568,13.540022100878758,rmse_cf
73b1447d,5670,52.210000000000946,13.404843871674935,1680.4933634248532,16.062945385809304,119.1370255298129,12.945574826338689,7522,1852,1102,0.08,1852,750,5670,901.7800000000007,52.210000000000946,2.053715983942867,108.59988507948472,52.87969998216944,0.3843033509700176,0.7523491680881266,3.030240336949784,16.21889621020869,0.34555688001229945,-0.2838021451300652,0.0021776556968688965,27,0.7372840046882629,1646.3183539293595,99.6212073342487,1546.6971465951108,13.404843871674935,rmse_cf
74b6186b,3405,11.069999999999709,9.007196786463387,990.1001681318911,29.94104869409602,29.331388621291982,2.2228931394560054,5148,1743,1029,0.08,1743,714,3405,805.9099999999999,11.069999999999709,2.1627725180231048,307.5880758807669,142.2193380568381,0.6405286343612335,0.8233554817500214,-0.7740242019047643,15.686049848444071,0.3770451014554998,-0.26543062340836726,0.0003597736358642578,9,0.8397781252861023,1000.021072411109,19.546337840203506,980.4747345709055,9.007196786463387,rmse_cf
75c20ec7,5361,32.710000000000946,11.054465755153933,1552.434701058716,182.09787351264805,86.93684849820069,8.269314926084164,7205,1844,1056,0.08,1844,788,5361,879.1299999999992,32.710000000000946,2.0975282381445313,163.8948333842814,78.13712845614056,0.6590188397686999,0.8121513021115515,-1.049669714858088,14.558513194237158,0.23937398426590203,-0.1258194253132199,0.005211889743804932,30,0.8036843538284302,1604.4136266438836,118.9091455622608,1485.5044810816228,11.054465755153933,rmse_cf
75cd5f11,4946,20.049999999999272,5.260066074409697,1136.3730433663977,46.69578084879145,42.718219132728805,5.172336603819365,6410,1464,831,0.08,1464,633,4946,589.9900000000016,20.049999999999272,2.4813979897964304,246.6832917705825,99.41302958451256,0.27739587545491307,0.7854470890512592,-0.540882611130527,12.810169619719764,0.5579066318540302,-0.2351774781760939,0.007773339748382568,65,0.7960941195487976,1182.2035688523083,28.903815980313794,1153.2997528719945,5.260066074409697,rmse_cf
75d20a82,5067,43.840000000000146,17.230705080539593,1713.4307892317,49.22701275486876,38.927659910438955,16.076239440719057,7002,1935,1267,0.08,1935,668,5067,1000.1599999999999,43.840000000000146,1.934690449528076,115.57937956204341,59.74050246138156,0.15117426485099664,0.8449498991960189,-1.8675849544944687,14.846446422789723,0.8339228998839349,-0.011234990145482016,0.0034151673316955566,9,0.8468666076660156,1647.0354515393278,35.2517660210153,1611.7836855183125,17.230705080539593,rmse_cf
76201745,4448,29.30999999999767,7.881811891978768,827.5454187693509,39.63727180566951,23.187168562461217,7.782047415476356,5858,1410,785,0.08,1410,625,4448,439.3299999999999,29.30999999999767,3.209432545011723,151.75707949506494,47.284707613167996,0.49303057553956836,0.9673287416865923,-2.9370365557603026,9.090354535460039,0.41010039463568176,-0.10752637435082885,0.003685891628265381,11,0.9650840163230896,893.4675389686436,37.572982059804346,855.8945569088393,7.881811891978768,rmse_cf
764072a5,2949,14.579999999998108,6.358306065218297,828.9262849562365,19.816192217808112,14.15894573638929,4.866136523539144,4594,1645,984,0.08,1645,661,2949,712.75,14.579999999998108,2.307962118554893,202.26337448562296,87.6372159055488,0.6398779247202442,0.8452147816764706,-0.1991067159733154,11.325099234120753,0.4476795220773024,-0.0976161037397873,7.671117782592773e-05,32,0.8548904061317444,849.7897677587016,7.267752426874606,842.522015331827,6.358306065218297,rmse_cf
77b0d905,4174,19.529999999998836,13.048365351893997,1059.5808792939106,69.02075174189669,42.65376998987651,2.8574304790619163,5923,1749,996,0.08,1749,753,4174,735.6800000000003,19.529999999998836,2.377392344497607,213.72247823862,89.89785751320069,0.25563009103977,0.8750287509793945,-1.114745772398291,12.191284116107502,0.3528580059598436,-0.19780662517160996,0.005713284015655518,21,0.8870440125465393,1141.9170776500105,19.16387628749885,1122.7532013625116,13.048365351893997,rmse_cf
77e4821c,5393,40.23999999999978,19.218605395377665,1335.7751688349997,393.8786395874434,5.750193521084927,10.202391522886284,6540,1147,884,0.08,1147,263,5393,497.6399999999994,40.23999999999978,2.3048790290169627,134.0208747514918,58.14659817901682,0.632857407750788,0.7984072391807623,-3.3603761442696496,16.89043053842317,0.4368028852289655,-0.2176686126791899,0.004445672035217285,21,0.812855064868927,1479.3914021741255,42.44052962608048,1436.950872548045,5.750193521084927,rmse_z_lateral
7850c72e,5497,45.25,12.350659981673207,1721.6356550580406,13.350220754684907,101.67181307035248,12.250405218330346,7712,2215,1479,0.08,2215,736,5497,1059.5499999999993,45.25,2.0905101222216995,121.48066298342542,58.11053564970126,0.04748044387847917,0.7981254580623505,-2.6976480276814363,15.724111456614093,0.491402202996093,-0.18961405721824337,0.0,2,0.8025444746017456,1562.6733374648315,83.25244531945869,1479.4208921453728,12.350659981673207,rmse_cf
78a4a386,5119,18.980000000001382,5.866186376682608,225.66339825237702,53.587266690406075,30.477670602708486,5.734710168601972,6246,1127,323,0.08,1127,804,5119,158.92999999999847,18.980000000001382,7.0911722141824125,269.7049525816453,38.03390249671737,0.223481148661848,0.7315376148834479,-3.0857012080057813,11.131600341080231,0.3642345804663346,-0.17999093275393752,0.0,6,0.7711665034294128,230.6377335134866,49.428703174791536,181.20903033869507,5.866186376682608,rmse_cf
79507629,5302,22.44999999999891,12.57032003546627,1836.1470984106004,17.199631442872448,12.648266985877179,6.482851100477918,7320,2018,1287,0.08,2018,731,5302,1043.6900000000005,22.44999999999891,1.9335243223562544,236.16926503341907,122.14445006081726,0.1050546963410034,0.7431959651483613,0.5447736074119044,12.82995856113769,0.3800814165657145,-0.00803538405788251,0.0,2,0.7542023062705994,1796.9391854548116,11.730853799347358,1785.2083316554642,12.57032003546627,rmse_cf
796dbd4c,6248,18.950000000000728,4.867507118040292,1834.9704757880222,77.09619123604348,42.715609703764954,4.766019846340979,8069,1821,1189,0.08,1821,632,6248,902.3199999999997,18.950000000000728,2.018131039985815,329.70976253296885,163.37381270112485,0.4007682458386684,0.8689648045718816,1.2477148012008443,13.95031535871324,0.26326851122779793,-0.20672348613492797,0.0036697983741760254,22,0.8648752570152283,1737.732592219257,61.15913857596092,1676.573453643296,4.867507118040292,rmse_cf
7987f2f2,3705,42.52000000000044,12.030471815010397,1137.3699384753004,25.55791605653281,24.267954974850277,10.820067051693428,5714,2009,1397,0.08,2009,612,3705,883.4499999999989,42.52000000000044,2.274039277831233,87.13546566321641,38.31748488808782,0.46180836707152495,0.7788280661252021,-0.9131576760163752,14.68052482287761,0.5975614305389438,-0.06892568831416213,0.009564220905303955,11,0.8133923411369324,1105.0277245986588,35.971930078732136,1069.0557945199266,12.030471815010397,rmse_cf
7993a768,5487,19.1299999999992,8.94458476658435,1564.1007153890953,8.441675925257375,3.926554120550217,4.666742921191677,7047,1560,930,0.08,1560,630,5487,718.8099999999995,19.1299999999992,2.170253613611387,286.8269733403152,132.1628825043281,0.19938035356296702,0.7444844417800863,0.9305436038987352,10.952140476663851,0.33999288537654504,-0.13203673987406844,0.0,1,0.7399559020996094,1575.1888237228895,5.537945612992876,1569.6508781098967,3.926554120550217,rmse_z_lateral
7a5660b0,4998,30.670000000000073,13.453411559639392,1546.0132036406337,62.91419644653282,135.13523957701486,4.714554274353522,6936,1938,1224,0.08,1938,714,4998,895.3299999999999,30.670000000000073,2.164565020718618,162.96054776654674,75.28558680692583,0.034013605442176874,0.7967511117967305,-9.082561823478216,16.04187311354766,0.31792845851461304,-0.1694358962111367,0.0,4,0.8312910795211792,1524.5945284494155,100.72686018085966,1423.867668268556,13.453411559639392,rmse_cf
7acda2df,3091,37.19999999999891,13.841227690699123,517.2764842821459,39.00535939764843,49.51613223058223,11.996374494995099,4552,1461,751,0.08,1461,710,3091,455.64999999999964,37.19999999999891,3.206408427521126,83.0913978494648,25.91416524990322,0.11355548366224523,0.647443431359237,-3.731972947856778,21.937329564900867,0.41793051347930504,-0.35755998388610893,0.0,7,0.6346354484558105,526.3401795395822,22.96554106137242,503.3746384782098,13.841227690699123,rmse_cf
7b2c7b3c,2584,19.75,6.17273385674935,505.2948648017279,16.550716890833105,29.47730113738464,4.635337738670725,4231,1647,826,0.08,1647,821,2584,541.4499999999989,19.75,3.0418321174623757,130.83544303797467,43.01205260043184,0.04024767801857585,0.7760285005087806,1.2020044851910148,14.110513873202983,0.33343485913494986,-0.1165191700658702,0.0,11,0.7792685627937317,540.1150159531861,10.221349837975355,529.8936661152107,6.17273385674935,rmse_cf
7b38844c,3749,29.789999999999054,7.388349907150671,707.8163991084981,7.615068700570898,10.472014486003658,7.387187556831417,5197,1448,801,0.08,1448,647,3749,485.65999999999985,29.789999999999054,2.9815096981427347,125.84759986573074,42.20935452402677,0.15017337956788476,0.8251674561395191,-2.444538783685906,11.644685730826769,0.21373951278883677,-0.2117230330482481,0.0,4,0.8613608479499817,717.8266060826681,23.943623312250036,693.8829827704182,7.388349907150671,rmse_cf
7bb17b96,3922,31.090000000000146,17.009046194531738,714.4719337252851,73.4381056118787,129.97753599588208,8.843688856306777,5295,1373,695,0.08,1373,678,3922,474.3600000000006,31.090000000000146,2.894426174213674,126.14988742360829,43.583729496185654,0.4474757776644569,0.8411695498544843,-0.49148531696830094,13.452011076295777,0.32374236098291453,-0.3128221496516409,0.0,15,0.8468778133392334,695.5302475513075,68.18747792783621,627.3427696234713,17.009046194531738,rmse_cf
7c607683,5328,27.020000000000437,16.864753655466934,1795.2443772171146,260.89878669551075,44.59487542497093,7.220451010782708,7001,1673,1376,0.08,1673,297,5328,878.5299999999988,27.020000000000437,1.9043174393589317,197.18726868985618,103.54747827979624,0.36373873873873874,0.8207259906457495,-3.734203997161289,12.949425698522585,0.2767140281022047,-0.1280773284483242,1.0132789611816406e-06,41,0.8316254019737244,1867.2859894110425,124.58044385225047,1742.705545558792,16.864753655466934,rmse_cf
7cbbd047,5121,30.899999999999636,12.532698729088267,1354.00860372326,12.233599882961682,6.539637623660733,8.104569532230332,6790,1669,1020,0.08,1669,649,5121,736.9700000000012,30.899999999999636,2.2646783451158083,165.72815533980778,73.17955580633813,0.16637375512595196,0.8669508823832622,-1.9482136992449632,12.766718922440523,0.2294911524222356,-0.40501791851346336,0.0006766915321350098,11,0.8888683319091797,1262.7188674555482,5.849074297392059,1256.8697931581562,6.539637623660733,rmse_z_lateral
7cd4bb31,6439,26.929999999998472,5.9143797077311655,1251.4402070535923,29.214623943949313,6.447410155269267,5.518300176922693,7959,1520,808,0.08,1520,712,6439,523.2199999999993,26.929999999998472,2.905087726004361,239.10137393243093,82.30435583481997,0.3393384065848734,0.7999047846424445,-2.1876274988002025,10.083572899577007,0.3889998105330792,-0.1144027732992079,0.0,52,0.8359370231628418,1180.6431877597267,40.68427626371999,1139.9589114960067,5.9143797077311655,rmse_cf
7d50373e,5122,18.650000000001455,14.288140886490114,1167.7035431872555,6.570729855081528,21.48039887156464,3.788280925161128,6494,1372,740,0.08,1372,632,5122,536.1700000000001,18.650000000001455,2.5588899043213904,274.6380697050724,107.32703632198883,0.2844591956267083,0.6467854610950488,0.0635769087284697,13.456390236618002,0.1965025785298717,-0.07619679164116885,0.0,17,0.6620621085166931,1082.2991085932788,18.214836148122586,1064.084272445156,6.570729855081528,rmse_md_last512
7d57c75d,4405,42.73999999999978,14.198113996829493,1106.368776100662,55.851754404459214,66.51527714253898,10.86748126936816,6147,1742,1078,0.08,1742,664,4405,727.2900000000009,42.73999999999978,2.395193114163536,103.06504445484376,43.0299518837907,0.10102156640181612,0.9655245398972591,-4.045993427495595,19.585972264772288,0.5083973945584132,-0.21307958218681322,0.0001150965690612793,9,0.9630188941955566,1088.204529054699,83.31753574322879,1004.8869933114702,14.198113996829493,rmse_cf
7e208414,4226,11.25,6.381931414565357,790.8619353680482,55.37845124255733,38.783692085548914,3.3864873094324843,5732,1506,798,0.08,1506,708,4226,506.3199999999997,11.25,2.9744035392637085,375.64444444444445,126.29236063154781,0.09252247988641742,0.8258813373544105,2.353802361000138,12.77696482928543,0.15202214434677352,-0.4058792538588182,0.0005366802215576172,10,0.8599188327789307,799.2064314485916,52.38805272252319,746.8183787260684,6.381931414565357,rmse_cf
7e721392,6174,53.01999999999862,40.331826473951956,1748.6064933335763,111.24016362574719,47.04223003117708,14.24775273953922,8301,2127,1215,0.08,2127,912,6174,949.2300000000014,53.01999999999862,2.2407635662589644,116.44662391550662,51.967385434563475,0.5672173631357305,0.7726882382974999,-0.5348067793598374,14.058666002805603,0.23139087851532725,-0.47310586563193113,0.005704343318939209,6,0.8217543959617615,1742.7173590134107,31.965584738572346,1710.7517742748385,40.331826473951956,rmse_cf
7ff89f8f,7337,40.969999999999345,14.155555516103233,2204.4367252129077,17.104194318728446,11.15135540599411,11.488330363921058,9539,2202,1429,0.08,2202,773,7337,1052.7299999999996,40.969999999999345,2.091704425636204,179.08225530876538,85.61546895149704,0.2108491208940984,0.7667516826221564,0.6739809330880399,15.52302369440492,0.357987113202139,-0.04980163203929283,2.9921531677246094e-05,3,0.7911579012870789,2364.103840887566,27.345723648858133,2336.758117238708,11.15135540599411,rmse_z_lateral
8050c789,3077,29.459999999999127,7.786449457719408,954.2737148336312,24.57677956008336,14.36420253776008,7.700972618010179,4940,1863,1160,0.08,1863,703,3077,843.0100000000002,29.459999999999127,2.2099381976489005,104.44670739986732,47.262275257736,0.24894377640558987,0.895765047038398,-0.5066382452558353,9.820499627899997,0.3802142874770055,-0.050145350854852944,0.00010341405868530273,7,0.875531017780304,988.7154427931448,35.03232514749799,953.6831176456468,7.786449457719408,rmse_cf
807f0298,3747,37.11999999999898,8.853825493010934,774.0078298197467,13.706894201307781,44.33599347577885,8.827370993212035,5499,1752,895,0.08,1752,857,3747,625.090000000002,37.11999999999898,2.8027963973187773,100.94288793103725,36.01506268082892,0.44141980250867363,0.9120602672826423,-5.9275152901820425,15.280826135394115,0.35379363027495303,-0.06961362397058207,0.0008766055107116699,20,0.9207135438919067,806.6117603367833,32.60493236323594,774.0068279735474,8.853825493010934,rmse_cf
811f52b3,4836,15.920000000000073,4.598301010999275,1458.613652353764,23.132127017239,43.83101922972809,3.8203729967879987,6674,1838,1168,0.08,1838,670,4836,868.2700000000004,15.920000000000073,2.116853052621879,303.76884422110413,143.50020368436248,0.06823821339950373,0.885199777476249,1.3890578490931011,9.465447598756889,0.20965349943024578,-0.31199772619102206,0.0001366734504699707,41,0.8862699270248413,1480.942404364773,56.46865289955309,1424.47375146522,4.598301010999275,rmse_cf
81bf5923,4543,53.55000000000109,31.31927935297995,1341.5379000390672,61.39189115112947,20.753674680312383,16.58889115033527,6386,1843,1199,0.08,1843,644,4543,830.710000000001,53.55000000000109,2.2185841027554716,84.83660130718782,38.239073831738516,0.08320493066255778,0.6805107018674627,-3.1897441916115747,19.76812485594375,0.3073048738620827,-0.13700583811702538,0.0,4,0.6782305240631104,1372.6789572352443,14.572171984351025,1358.1067852508934,20.753674680312383,rmse_z_lateral
81fc01c6,5909,42.76000000000022,15.007610097527794,1725.7300209599587,10.862822270428499,14.959131723059654,11.256335194868173,7655,1746,1035,0.08,1746,711,5909,825.2799999999988,42.76000000000022,2.11564559906941,138.18989710009285,65.3180746155581,0.17684887459807075,0.9171856340538783,1.305651212851247,10.07251319761556,0.21664431313775756,-0.19811551012638307,0.00017780065536499023,6,0.9387598633766174,1792.2549363154458,36.30123364985451,1755.9537026655912,10.862822270428499,rmse_md_last512
8255c867,3589,42.02000000000044,25.379544413656888,1134.4018172300136,13.726153733989639,32.38725701034492,10.013680317315435,5338,1749,1094,0.08,1749,655,3589,883.7799999999988,42.02000000000044,1.9789992984679472,85.41170871013715,43.15903940757285,0.229869044302034,0.8532518166979796,2.161242882273804,14.961135447787141,0.5083955733347926,-0.12655875170209596,0.0037430524826049805,24,0.8543779850006104,1081.4453546131128,19.21042129506587,1062.234933318047,13.726153733989639,rmse_md_last512
82aab6d2,6140,28.349999999998545,16.359385167102737,1741.3284257738087,34.79706262453588,17.388730536823964,5.173812355727283,7889,1749,1020,0.08,1749,729,6140,790.5199999999986,28.349999999998545,2.2124677427516106,216.57848324516104,97.89000718980239,0.4190553745928339,0.825611695360292,-2.720835987113278,13.112481569901899,0.6167138089601207,-0.04918877681282252,0.0,2,0.8450669050216675,1709.167203208457,20.000851914156463,1689.1663512943005,16.359385167102737,rmse_cf
82fcf37c,6014,16.850000000000364,6.562385974432521,1022.1866555527636,8.447181678559588,4.970682699523376,4.473082282721526,7397,1383,664,0.08,1383,719,6014,456.6999999999989,16.850000000000364,3.028246113422385,356.9139465875294,117.86160477695176,0.5483870967741935,0.6225416329717639,-1.5883302884036823,16.458560306772394,0.25341372034119675,-0.2707731360930841,0.0,26,0.5753393769264221,991.6947861507629,36.077025360858784,955.6177607899041,4.970682699523376,rmse_z_lateral
833af382,3628,28.950000000000728,11.932419080398546,1027.9649063703562,15.40923739496666,19.25191076819196,9.004777971296058,5377,1749,985,0.08,1749,764,3628,771.3099999999995,28.950000000000728,2.267570756245869,125.31951640759615,55.265978387846154,0.28969128996692395,0.6384887512902858,6.369753369227865,27.802911022770196,0.4120262675339537,-0.30878889683478644,0.006286203861236572,24,0.6174681782722473,1037.2257007071164,16.14676253517383,1021.0789381719426,11.932419080398546,rmse_cf
8382f4b6,4967,58.279999999998836,35.957613544757436,896.6003893847083,89.29624260758177,19.842510406011765,16.165038465750246,6680,1713,871,0.08,1713,842,4967,527.1800000000003,58.279999999998836,3.249364543419703,85.22649279341282,26.22866460643981,0.6559291322730018,0.7464095359646757,-0.10180077592800228,18.21423934552902,0.29061924972503694,-0.08384152876917694,0.0,21,0.7290656566619873,909.7881458638046,96.01024781343116,813.7778980503734,19.842510406011765,rmse_z_lateral
84633df4,4972,14.550000000001091,4.736172446701271,1571.9073215545698,9.596331828194135,5.957788032676419,4.702196592904814,6719,1747,1091,0.08,1747,656,4972,851.8100000000013,14.550000000001091,2.0509268498843607,341.7182130583936,166.61648028922193,0.5679806918744972,0.9111133445065133,4.277963311413776,12.942067615914926,0.4432629707124643,-0.09472332984603388,0.0006186962127685547,2,0.9234007596969604,1626.6254088880191,15.816729045533135,1610.808679842486,4.736172446701271,rmse_cf
8478df29,4857,17.80999999999949,14.043024034272376,1400.8572317052403,20.641549544609614,9.473834139779864,3.1142909198426105,6698,1841,1084,0.08,1841,757,4857,832.210000000001,17.80999999999949,2.2121820213647974,272.71195957328126,123.27736006327031,0.6660490014412188,0.9122783414327919,-0.7501697451808332,12.107088475384792,0.7496852747030628,0.0024835190398028173,0.0003237724304199219,17,0.9104931354522705,1440.7210369465051,6.2448245777066465,1434.4762123687985,9.473834139779864,rmse_z_lateral
84815d5a,3647,34.350000000000364,18.796385252137515,1294.3704450873229,21.875489789478497,15.156694293629938,8.163726102586342,5286,1639,1199,0.08,1639,440,3647,881.1099999999988,34.350000000000364,1.860153669802865,106.17176128093047,57.07687649923155,0.27858513846997535,0.7864388766593028,-3.8488758617782084,18.160729132624507,-0.007280778957923355,-0.6372358727401143,0.003937125205993652,14,0.7698297500610352,1231.7117583097656,13.46880065150863,1218.242957658257,15.156694293629938,rmse_z_lateral
84c3b497,5312,63.35999999999876,18.960394713110585,999.4865857455728,103.5376191334836,211.3459733391985,17.059647312231537,6887,1575,855,0.08,1575,720,5312,534.0699999999997,63.35999999999876,2.9490516224464973,83.83838383838547,28.42893057559778,0.17865210843373494,0.7910453766262483,-1.7218172011113544,11.428364815869232,0.19247639438857675,-0.3525075616031298,0.0,4,0.758829653263092,1052.2312708700701,153.86881674220254,898.3624541278676,18.960394713110585,rmse_cf
85380836,6618,27.13000000000102,14.16579981313258,1495.111795265379,141.51192754670845,98.50967241652236,6.953532846165444,8175,1557,825,0.08,1557,732,6618,636.5099999999984,27.13000000000102,2.446151670830001,243.93660154809257,99.72259874847528,0.41175581746751283,0.8166774455133294,-4.3342203864386635,10.653401200988297,0.32591254106403666,-0.23350411039019925,0.0,71,0.8158391118049622,1563.6003873667203,47.057305226042295,1516.543082140678,14.16579981313258,rmse_cf
8612b37f,5165,45.25,19.617069448970486,1128.9092059739726,69.62602945926989,86.04801293576963,14.23552369533453,6807,1642,934,0.08,1642,708,5165,635.9300000000021,45.25,2.582045193653381,114.14364640883979,44.20668030497791,0.5823814133591481,0.7546845879288798,3.0008114417474236,19.29404542045249,0.3660163807572558,-0.2424643613682102,0.015840590000152588,8,0.7847848534584045,1221.291500824364,69.89718981991871,1151.3943110044452,19.617069448970486,rmse_cf
861e71df,4700,20.0099999999984,11.539564677986593,1664.516819072998,25.99881030053651,9.72946587412457,6.867196213319316,6284,1584,1218,0.08,1584,366,4700,902.8400000000001,20.0099999999984,1.7544636923485886,234.88255872065847,133.87712709302988,0.15170212765957447,0.8979240838373775,-4.442020447762289,12.769111312814944,0.16950336447543166,-0.23754442867187334,8.958578109741211e-05,17,0.8556715250015259,1580.9885433166191,74.88534827101452,1506.1031950456047,9.72946587412457,rmse_z_lateral
86454a6f,7964,96.67999999999847,70.26338513734783,169.50646289964163,168.7201317647691,201.26845852232006,24.56646988325411,9100,1136,411,0.08,1136,725,7964,135.63000000000102,96.67999999999847,8.375728083757219,82.37484484898765,9.834947365200948,0.8117780010045204,0.6349635589529768,-5.051199455980868,16.958736088059894,0.6524683847498035,-0.12658396697614283,0.0,3,0.6183446049690247,247.71451707703514,157.42181600465022,90.29270107238492,70.26338513734783,rmse_cf
8648abae,4244,20.93000000000029,6.857839767871924,1377.1405835515727,82.3482081260446,119.74280302841052,5.199342171575809,6086,1842,1203,0.08,1842,639,4244,932.8799999999992,20.93000000000029,1.9745304862361734,202.77114190157386,102.69334574220416,0.050188501413760606,0.7948532806533087,3.061724682336896,15.89344341095,0.28431464805874657,-0.18666857617613236,0.005201518535614014,17,0.8120219111442566,1313.663208922903,65.6575902489262,1248.0056186739769,6.857839767871924,rmse_cf
865033f8,3557,19.3799999999992,5.940308678128904,1009.4216961635555,56.24080493198722,23.035070301433784,5.937213756277107,5303,1746,990,0.08,1746,756,3557,779.7900000000009,19.3799999999992,2.2390643634824734,183.53973168215413,81.97161934045083,0.6589822884453191,0.6970724303480974,-1.3611458038297946,22.50629317923717,0.6036398788199927,-0.16349932544052015,0.0030574798583984375,7,0.6874608397483826,1027.8111596144595,22.088630635802183,1005.7225289786574,5.940308678128904,rmse_cf
87695469,7003,26.01000000000022,7.051593014629924,2084.498354255284,141.3211360803588,424.6556678337682,6.327991276016306,8654,1651,1019,0.08,1651,632,7003,829.4399999999987,26.01000000000022,1.990499614197534,269.2425990003822,135.26382877945287,0.4412394687990861,0.7436515482802591,-1.1750501335863175,14.765398525813898,0.5586248847650863,-0.17669786840716484,0.002710580825805664,5,0.7714473009109497,2102.7124737896393,128.0973046139456,1974.6151691756936,7.051593014629924,rmse_cf
877ed19c,3708,12.489999999999782,3.961990141908008,1023.914135485335,49.3227725945746,28.24769021713591,3.2210053524547373,5631,1923,1283,0.08,1923,640,3708,788.130000000001,12.489999999999782,2.4399527996650265,296.87750200160644,121.67346107775684,0.30393743257820927,0.8089753202024053,-4.828445712150966,17.166313272125677,0.6145366248900314,-0.08779778452897735,0.00023025274276733398,15,0.8128379583358765,1029.7586174224934,29.424069175964107,1000.3345482465294,3.961990141908008,rmse_cf
87aa3730,5607,24.18999999999869,9.116484132166912,1116.5590373328982,58.76829465115856,74.2547643615242,6.812794810548763,7293,1686,925,0.08,1686,761,5607,600.6100000000006,24.18999999999869,2.8071460681640303,231.7899958660729,82.5714053482338,0.23256643481362582,0.5201070211367868,-1.2574701609956331,13.686201997474557,0.4906076957306223,-0.07358168807484139,0.005288481712341309,12,0.5046014785766602,1055.436081118446,117.97901894595186,937.4570621724941,9.116484132166912,rmse_cf
884ecb5f,6724,45.48999999999978,19.928910115404566,1623.865343627842,111.71046425979848,136.12805056047256,10.236227216154758,8054,1330,964,0.08,1330,366,6724,549.6000000000004,45.48999999999978,2.419941775836971,147.8127060892511,61.08110020049057,0.03896490184414039,0.8389226275317909,-3.980383409742107,10.559814748311217,0.24804743987270622,-0.2659007918476642,0.0030528903007507324,25,0.8702993392944336,1668.5840382675478,212.6202965261332,1455.9637417414147,19.928910115404566,rmse_cf
8902c3f6,4959,21.329999999999927,8.832044207317482,1013.6870887785624,41.91342003458043,16.385241275732355,5.929328145170783,6533,1574,933,0.08,1574,641,4959,563.0500000000011,21.329999999999927,2.7954888553414383,232.48945147679404,83.16593751843021,0.4831619278080258,0.8808337018632512,-0.48141576405407727,9.492597687291264,0.5645059493329656,-0.22827956576964104,0.0042417049407958984,5,0.8880612850189209,1012.6577583473384,43.760018675522105,968.8977396718162,8.832044207317482,rmse_cf
896d15b9,4279,48.48999999999978,29.78460727060298,850.3609178864464,69.9818004696463,88.01219698502187,17.209079332851015,5698,1419,784,0.08,1419,635,4279,480.53999999999905,48.48999999999978,2.95292795604945,88.24499896885996,29.883898382308587,0.6620705772376724,0.8123216008600735,0.5360992088819032,14.637936873154098,0.3078512435760502,-0.41916726100607316,0.43267104029655457,1,0.8028337359428406,900.0975726666046,38.404744711589466,861.6928279550151,29.78460727060298,rmse_cf
8995c945,6724,29.899999999999636,17.049572930743697,1962.8375677628342,122.29340649515777,101.77019909607617,7.679599234221862,8198,1474,1110,0.08,1474,364,6724,720.0699999999997,29.899999999999636,2.0470232060771876,224.88294314381545,109.8585216211446,0.12120761451516954,0.8726874893347232,-4.57986270365074,20.028651863762335,0.06411577973048072,-0.5393664072517981,2.47955322265625e-05,20,0.9173675775527954,2100.4649493119086,13.55630693660557,2086.908642375303,17.049572930743697,rmse_cf
89969c7a,4947,25.23999999999978,8.235332474787521,2130.0849693333143,581.0051834859702,75.32022398569485,7.893357734843196,6317,1370,1122,0.08,1370,248,4947,891.2399999999998,25.23999999999978,1.537184147928729,195.99841521394782,127.50483764618892,0.38164544168182735,0.9116125520559246,-1.5385566689226258,12.815479400675613,0.35865081061073767,-0.22434268006806823,0.0002015829086303711,17,0.9082727432250977,2109.829002345755,95.09008750720315,2014.7389148385516,8.235332474787521,rmse_cf
89f1085d,5994,43.56999999999971,27.630506752261244,770.2787029172692,48.76745857053334,12.989023964803218,8.498369973422285,7497,1503,669,0.08,1503,834,5994,382.8100000000013,43.56999999999971,3.9262297223165405,137.57172366307185,35.039142738164145,0.3314981648314982,0.46210916219416864,6.285838153952763,19.979797383935985,0.4768587276077653,-0.23523580708956454,0.0,2,0.4514169991016388,783.8492938852444,122.75971885634675,661.0895750288976,12.989023964803218,rmse_z_lateral
89f36adf,5292,18.720000000001164,4.477972454313123,1445.1887753587648,53.1289511796796,29.598870400568693,4.4541184285605055,7041,1749,1120,0.08,1749,629,5292,782.3500000000004,18.720000000001164,2.2355723141816313,282.6923076922901,126.4518735980922,0.608843537414966,0.7886524478315575,-1.1467639154303273,14.57229240596412,0.39326423106180586,-0.13318709602058443,0.019263923168182373,10,0.7444067597389221,1469.2535409923796,36.54596512582677,1432.7075758665528,4.477972454313123,rmse_cf
89fdb2f2,2031,6.350000000000364,1.6866180518953557,448.31503107878746,27.087696757682483,16.528130512592448,1.6047879907429552,3570,1539,883,0.08,1539,656,2031,534.5,6.350000000000364,2.8793264733395696,319.84251968502105,111.08240855857294,0.534711964549483,0.8415511600843112,-0.16016141536058573,14.934206593212826,0.4390317498028262,-0.16371138108430094,0.0018312931060791016,5,0.8238919377326965,465.5796529474257,37.165507690374604,428.4141452570511,1.6866180518953557,rmse_cf
8a3da6d1,4593,25.829999999999927,9.412246097229765,1372.8375231094542,42.599567958563036,33.602581582798095,6.280498378903598,6334,1741,1087,0.08,1741,654,4593,817.5599999999995,25.829999999999927,2.1295073144478707,177.8164924506393,83.50123582305834,0.46026562159808404,0.8576089488393672,-7.495803180732992,14.942346407344106,0.29136195923173863,-0.23286529685095086,0.0014922022819519043,21,0.8799028396606445,1441.520523057088,17.493939236529304,1424.0265838205587,9.412246097229765,rmse_cf
8a89da23,3935,37.289999999999054,24.252456304947117,871.663665875184,10.042789396697637,21.36238183441397,7.588207311924934,5575,1640,1008,0.08,1640,632,3935,633.6500000000015,37.289999999999054,2.588179594413314,105.52426924108607,40.77161780769167,0.149428208386277,0.8366892709042988,-0.633871972347866,10.597955232084196,0.2601709860079513,-0.19624151106509818,6.318092346191406e-05,52,0.8451425433158875,892.5708466939188,7.613579227651512,884.9572674662674,10.042789396697637,rmse_md_last512
8a9c8932,4663,9.579999999999927,2.3969295087935425,814.8642497391617,11.467029510664348,5.142224278721705,2.2036905847566355,6344,1681,870,0.08,1681,811,4663,510.9300000000003,9.579999999999927,3.290078875775545,486.7432150313189,147.94271912906123,0.04524983915933948,0.6341202378376545,-1.20926538144459,14.757427562385898,0.26289635585650156,-0.30383664028520513,0.013139843940734863,7,0.7479716539382935,877.4210596719163,12.754427873749934,864.6666317981663,2.3969295087935425,rmse_cf
8ac2f237,5319,45.29999999999927,16.45119897844976,1114.75788862262,11.016360539025468,24.338485629567156,12.350273987534425,6775,1456,733,0.08,1456,723,5319,549.0600000000013,45.29999999999927,2.651804902924993,117.41721854304825,44.27822665744933,0.04230118443316413,0.810355999075842,-1.2431210461363382,15.384495742726504,0.35075258258767716,-0.22493469669828026,0.0033750534057617188,18,0.7934382557868958,1116.1479333316372,50.306778767583104,1065.841154564054,11.016360539025468,rmse_md_last512
8b12bab6,5234,31.69999999999891,15.811256392108719,1675.0443646026433,20.969688221525903,21.117533761755887,10.843172678385987,6980,1746,1093,0.08,1746,653,5234,872.0300000000007,31.69999999999891,2.002224694104559,165.1104100946429,82.46347704171338,0.5827283148643485,0.7594382954367597,5.593207883614758,21.67377391937009,0.44591409436733453,-0.0647433946535203,0.006666660308837891,12,0.7354564070701599,1626.874862501766,9.11390502052908,1617.760957481237,15.811256392108719,rmse_cf
8b5be31b,5672,32.04000000000087,14.42858472653754,1701.668183469796,48.84030822975835,36.911096723728626,10.070690195120813,7439,1767,1035,0.08,1767,732,5672,842.0200000000004,32.04000000000087,2.098524975653784,177.02871410736097,84.35864055046981,0.599083215796897,0.8847663693545309,-0.977260031731018,11.407705183012029,0.4204568725658072,-0.13564820306029235,0.0,1,0.8837013244628906,1747.5766357385444,35.056021626237786,1712.5206141123067,14.42858472653754,rmse_cf
8b95d6d1,1731,16.55999999999949,12.821591683060278,596.0769461994914,163.5854870324092,8.012770645212079,4.599491476703049,2783,1052,805,0.08,1052,247,1731,508.4599999999991,16.55999999999949,2.068992644455811,104.52898550724959,50.52168058081372,0.537261698440208,0.8421914810428356,-1.0058787765939508,11.287111105310837,0.43862592215819934,-0.07933463155709125,0.0017465949058532715,7,0.8413305282592773,583.6568520742005,5.256617462430109,578.4002346117704,8.012770645212079,rmse_z_lateral
8b9d8326,6163,22.349999999998545,6.582552988433189,1464.5481568140904,35.507404812845145,37.379948430522916,6.54368560428872,7832,1669,974,0.08,1669,695,6163,682.2799999999988,22.349999999998545,2.4462097672509864,275.74944071590164,112.72518179247756,0.6563361999026448,0.8341951744265313,-2.397382892174666,14.527642647194225,0.3182333568087478,-0.0987165349873283,0.012235581874847412,21,0.8117516040802002,1399.566278132852,47.686228520078515,1351.8800496127735,6.582552988433189,rmse_cf
8bb9c1e6,4546,14.349999999998545,5.877089429163017,1186.6249600506192,7.71855943318996,3.828733165249327,3.2031505130613076,6382,1836,1055,0.08,1836,781,4546,777.4399999999987,14.349999999998545,2.3615970364272525,316.79442508714016,134.14414915018835,0.12120545534535855,0.852018597155151,0.29778784183519874,11.00573987849516,0.3400005002283186,-0.20964339941403964,3.230571746826172e-05,35,0.8584465980529785,1200.346977978156,53.1713675795361,1147.17561039862,3.828733165249327,rmse_z_lateral
8bda1a11,5981,46.36000000000058,12.860573075338545,1319.7496792432933,78.76332242925133,53.199677257763135,12.648918169932818,7438,1457,832,0.08,1457,625,5981,564.7900000000009,46.36000000000058,2.579719895890504,129.0120793787732,50.01011140174154,0.5472329041966226,0.7105379642805677,0.7824797736805899,17.308159767636894,0.25071887565848716,-0.40498277419906825,0.0014556050300598145,17,0.7143926024436951,1217.9698375538069,31.833836179937606,1186.1360013738692,12.860573075338545,rmse_cf
8bfa881d,4089,56.77000000000044,24.907656478671402,1094.8414317834,57.99694703418589,38.99234281211926,16.04506544112155,5843,1754,1024,0.08,1754,730,4089,756.8600000000006,56.77000000000044,2.317469545226328,72.02747930244793,31.08022690128323,0.4590364392271949,0.7160032641123499,-1.5541956507046992,18.687790026482162,0.2801567939591292,-0.3816382011423879,4.798173904418945e-05,28,0.7111397385597229,1104.0896945779834,6.527914892362322,1097.561779685621,24.907656478671402,rmse_cf
8c167025,5368,30.270000000000437,12.842100494100917,1269.0591912246168,11.79413851414912,37.93110838807617,7.496984455943839,7113,1745,1036,0.08,1745,709,5368,705.0600000000013,30.270000000000437,2.4749666695033,177.3372976544408,71.65239832907751,0.1328241430700447,0.7805852028899489,-2.927752050096228,13.00636368668882,0.27757326659828774,-0.30672957187108174,0.004919826984405518,12,0.8033343553543091,1273.0602487932924,18.318143442303416,1254.742105350989,11.79413851414912,rmse_md_last512
8c8348e8,3888,19.06999999999971,6.541121071059431,856.8013552499931,6.347870854352942,8.958464811780468,5.66642426259381,5581,1693,967,0.08,1693,726,3888,614.6400000000012,19.06999999999971,2.754457894051797,203.88044048243626,74.01835436392491,0.3073559670781893,0.6806305008935111,-0.4239254653828637,18.623749939210708,0.26023417296588014,-0.1543579807366266,0.0017901062965393066,4,0.7249190807342529,902.0959206204318,21.1976572577023,880.8982633627295,6.347870854352942,rmse_md_last512
8cc21f01,4044,18.80999999999767,5.692405675014437,1280.9801374602018,32.31031938346845,30.096570466209076,4.733793445427766,5806,1762,1062,0.08,1762,700,4044,842.1299999999992,18.80999999999767,2.092313538289815,214.9920255183679,102.7532545117951,0.3464391691394659,0.8240088858338617,8.431629270706892,17.031974999955963,0.6943018248461174,-0.08668201041195889,0.007875144481658936,10,0.8435452580451965,1215.3575928702874,11.23941174289052,1204.1181811273968,5.692405675014437,rmse_cf
8cc800b3,6576,20.44999999999891,13.894631430456734,1535.6991243675566,73.04721418614142,66.70025665067126,4.251725499163448,8091,1515,1039,0.08,1515,476,6576,614.8299999999999,20.44999999999891,2.4640957663093865,321.5647921760563,130.50011958653775,0.03938564476885645,0.863132183158977,0.5531412456798755,11.612026947610584,0.32418374992972687,-0.16009668933215693,0.0006266236305236816,17,0.8810945749282837,1333.4308711622875,11.09758727635207,1322.3332838859355,13.894631430456734,rmse_cf
8d5d46d7,5755,26.670000000000073,14.448678432466647,1414.6768046673653,39.7449454940732,36.54493635173513,6.255310925210735,7282,1527,823,0.08,1527,704,5755,636.619999999999,26.670000000000073,2.3986051333605642,215.78552680914828,89.96292211999985,0.28236316246741966,0.8195720154926828,-0.6245670838568181,11.312351922132448,0.17260169931208097,-0.45867550800543894,0.0013027191162109375,47,0.8278256058692932,1389.4330218809691,7.221857537406186,1382.211164343563,14.448678432466647,rmse_cf
8d92cb49,3589,23.459999999999127,7.261615385751236,772.7240671051502,37.96473517039931,25.81586220046793,5.665621240852542,4839,1250,755,0.08,1250,495,3589,454.84999999999854,23.459999999999127,2.7481587336484643,152.9838022165445,55.66774595055603,0.224575090554472,0.7782800197518557,1.2635148098271978,14.427102790181284,0.4310787183145069,-0.16765894715097768,0.0,17,0.7357497811317444,811.1555968364787,44.78116156927035,766.3744352672084,7.261615385751236,rmse_cf
8f201368,6349,45.409999999999854,31.179492905922075,1556.4250182710614,182.8308602273458,122.93668606889219,9.694938134437962,8151,1802,1066,0.08,1802,736,6349,770.8899999999994,45.409999999999854,2.33755788763637,139.81501871834442,59.81243051042422,0.4947235785163018,0.7856540153458043,-2.2249877661838897,10.751563145937219,0.29363081010323516,-0.18486779571447493,0.002857387065887451,48,0.7173042297363281,1653.6611680328565,67.1255509729644,1586.535617059892,31.179492905922075,rmse_cf
90386ee4,3840,22.359999999998763,10.152954610245539,809.085336844983,56.09611645791627,35.8910689713328,5.8611644874338875,5304,1464,798,0.08,1464,666,3840,515.3400000000001,22.359999999998763,2.840842938642449,171.73524150269287,60.45221267486186,0.5026041666666666,0.7337274928910595,0.6899824985823317,14.223346517935802,0.23569687097836275,-0.23322685685502795,0.01831507682800293,22,0.7296892404556274,736.2873701261916,76.1013797940789,660.1859903321127,10.152954610245539,rmse_cf
91abc4c7,5848,22.26000000000022,7.02683994774031,1666.4063167347103,6.549211528500772,41.72418676058499,6.770078352862676,7787,1939,1184,0.08,1939,755,5848,896.5999999999985,22.26000000000022,2.162614320767347,262.7133872416866,121.47953739086941,0.6109781121751026,0.7454706199157173,1.8930058468396787,14.59068587100022,0.5286188161148524,-0.03344392665693019,0.0,5,0.7440565824508667,1475.2459218196204,53.5244909689043,1421.7214308507162,6.549211528500772,rmse_md_last512
91b301ce,6570,121.84000000000015,35.315076932980844,1382.1756659671514,35.778587756018695,97.24496578498308,33.27300626513771,8512,1942,1043,0.08,1942,899,6570,651.5,121.84000000000015,2.980813507290867,53.92317793827964,18.090087758387842,0.14657534246575343,0.7948811805267254,-3.69179992211726,12.185879065416694,0.4065789202357364,-0.2814788628341396,0.0,6,0.8006957769393921,1614.787618913849,208.8784309275095,1405.9091879863395,35.315076932980844,rmse_cf
91db7070,4073,62.3600000000024,40.80747690976154,959.592346279034,28.77691910633404,19.729984170727576,21.82782851565621,5646,1573,1019,0.08,1573,554,4073,619.1899999999987,62.3600000000024,2.5404157043879962,65.31430404104944,25.710085136158497,0.3336606923643506,0.8224678499923092,1.9561419791137111,14.879557984546832,0.2680279798775496,-0.259437774259849,0.0,10,0.8169462084770203,917.9700903151158,27.36601232121632,890.6040779938995,19.729984170727576,rmse_z_lateral
925a7cd1,4517,9.69000000000051,4.612563792738408,1077.8432245366969,23.236120906959645,2.706175148907253,2.2053683552480714,6501,1984,999,0.08,1984,985,4517,797.8500000000004,9.69000000000051,2.486682960456225,466.15067079460914,187.45882696243905,0.17467345583351782,0.9284273137565728,-0.026373892376092604,12.596088038718294,0.3702175812445417,-0.21422504046752472,0.00018996000289916992,26,0.929272472858429,1095.809917521162,13.878422337493932,1081.9314951836682,2.706175148907253,rmse_z_lateral
9283ae69,3371,15.06000000000131,6.173284378497139,1015.0021300913642,7.486070615427405,25.720843572115857,5.568092053384409,5118,1747,1061,0.08,1747,686,3371,771.5300000000007,15.06000000000131,2.264331911915283,223.83798140768306,98.85387395275895,0.3814891723524177,0.7812355517800263,-2.3483261809543654,13.359496375009641,0.21186745123059858,-0.20703578825079605,0.031148433685302734,9,0.7968204021453857,1072.5513019555344,30.15066640085312,1042.4006355546812,6.173284378497139,rmse_cf
9298ad5b,3964,42.649999999999636,13.089984763550598,1000.3438559044675,15.940378770448335,12.415023803942846,10.519250901461595,5807,1843,1076,0.08,1843,767,3964,744.5299999999988,42.649999999999636,2.4753871569983787,92.94255568581556,37.54667443557252,0.5025227043390514,0.8076628712203253,-0.8669025676266225,22.078150850008967,0.24256259406496794,-0.3281795027667008,0.0,7,0.818248450756073,1007.1845807719133,6.286265749337121,1000.8983150225762,12.415023803942846,rmse_z_lateral
9314ff13,2748,14.650000000001455,5.189815774469084,734.8597072087277,4.7771620049918635,23.369893719579427,4.179199964108628,4494,1746,1015,0.08,1746,731,2748,610.0700000000015,14.650000000001455,2.8619666595636493,187.5767918088551,65.54122186645391,0.04148471615720524,0.7934865987267691,1.2015414716321926,14.530105538348943,0.15057030025800994,-0.4260185970151115,0.004254758358001709,17,0.7783522009849548,805.4274489811407,27.330121776294906,778.0973272048458,4.7771620049918635,rmse_md_last512
93209a3d,4697,18.43000000000029,13.65809981076041,968.3375744788364,85.51252066311653,79.40668001365061,5.659547749344124,6300,1603,864,0.08,1603,739,4697,579.25,18.43000000000029,2.7673716012084593,254.85621269668616,92.09323843078943,0.5648286140089419,0.8342403267325206,2.0107634371178777,15.937365304617588,0.4046019130174673,-0.2208408346414702,0.005198538303375244,17,0.8337620496749878,1097.7676619845645,88.51920758650677,1009.2484543980577,13.65809981076041,rmse_cf
939d9c34,5101,67.52000000000044,15.729081869192102,2096.295368854203,866.2312215646629,81.37701990862085,14.995553152375388,6627,1526,1378,0.08,1526,148,5101,997.4499999999989,67.52000000000044,1.529901248182868,75.54798578199004,49.380955713136224,0.4348167026073319,0.8323675179583891,7.929865881648284,19.502790250003013,0.3618438585155975,-0.23575523494373563,0.00975346565246582,11,0.8252096772193909,2344.9966856003266,98.27430057013963,2246.722385030187,15.729081869192102,rmse_cf
93f5d2e6,3691,48.23999999999978,20.10571368100563,765.613522695472,38.691209431661655,40.23114433453085,15.2990066357987,5171,1480,793,0.08,1480,687,3691,523.0400000000009,48.23999999999978,2.8296115019883707,76.51326699834198,27.04020214244112,0.3351395285830398,0.8629776278542147,0.054297839300880696,9.052767261078042,0.36432288642451566,-0.3216661739912479,0.0,2,0.8760173916816711,770.7277141950614,45.0990989653503,725.628615229711,20.10571368100563,rmse_cf
940a48d9,3963,24.530000000000655,10.06328128166555,1321.894327268365,6.312723100225648,41.729475887064815,7.470496328699345,5627,1664,1055,0.08,1664,609,3963,833.0699999999997,24.530000000000655,1.9974311882554894,161.55727680390928,80.88252439124558,0.1680545041635125,0.9152835842341391,0.8940975445104729,10.922757016187273,0.2948317687690092,-0.3774473314998482,0.00023818016052246094,16,0.9107837677001953,1262.659913250808,9.955729739893146,1252.7041835109148,6.312723100225648,rmse_md_last512
940e709a,3348,12.520000000000437,4.6519560575408425,921.6829330527187,44.142763566921715,23.638686538671177,4.060025572803164,4989,1641,966,0.08,1641,675,3348,698.3999999999996,12.520000000000437,2.3496563573883176,267.41214057507057,113.80904264328407,0.3835125448028674,0.638590177748587,2.200275279225016,17.231584416332797,0.2533647498913022,-0.3353919240688181,0.0440293550491333,6,0.6935836672782898,918.3090186920134,46.75777235840858,871.5512463336048,4.6519560575408425,rmse_cf
9426ec1e,2532,17.80999999999949,12.079413246018726,513.3349233356694,65.8997866744352,30.487704633579373,5.530744988419578,3923,1391,749,0.08,1391,642,2532,471.71999999999935,17.80999999999949,2.9487831764606165,142.1673217293696,48.21219914175279,0.15205371248025276,0.7818870387490937,1.3185809256236611,14.441448364537367,0.09748858659547863,-0.37536680429598135,0.0,10,0.7688037157058716,508.71799255263977,48.48584299995658,460.2321495526832,12.079413246018726,rmse_cf
94467f50,3035,42.22999999999956,7.795325573109472,1133.1315444938218,17.33869946016062,21.743815135599043,7.768642105953949,5116,2081,1295,0.08,2081,786,3035,1064.760000000002,42.22999999999956,1.9544310454938165,71.86834004262447,36.7720008379553,0.22042833607907744,0.7185389899187252,-3.414658019547295,16.530254345963698,0.5277499029989559,-0.06060290634881149,0.0018033981323242188,1,0.6536546945571899,1071.7411894188979,28.387334651742606,1043.3538547671553,7.795325573109472,rmse_cf
944f36b9,4630,12.010000000000218,6.513075857645095,894.1480844491756,10.017254670981956,9.408421959487699,3.1294306984887172,6035,1405,929,0.08,1405,476,4630,494.3299999999999,12.010000000000218,2.842230898387717,385.5120732722661,135.63714105386427,0.15831533477321813,0.8024180785325497,-4.16025815668826,12.118604220759316,0.306856713155066,-0.23148458530838234,0.0,9,0.812945544719696,874.6317910207162,26.853665613347356,847.7781254073687,6.513075857645095,rmse_cf
94d813a4,4847,61.44000000000051,36.730942118502206,1415.4963763270375,165.80185556026206,76.9148221159646,21.98897159997308,6591,1744,1008,0.08,1744,736,4847,817.7700000000004,61.44000000000051,2.132628978808221,78.88997395833267,36.99188876370742,0.28636269857643903,0.7980442127606224,0.5466986179817238,13.967663174681118,0.41154911563458585,-0.2369649731743282,0.0014684796333312988,3,0.7805670499801636,1346.2639537034934,108.33270722287898,1237.9312464806144,36.730942118502206,rmse_cf
95b559e7,2887,28.100000000002183,20.38335913388356,792.4016660725581,16.821574695174753,9.987810013418098,6.874962598571345,4638,1751,1109,0.08,1751,642,2887,760.8000000000011,28.100000000002183,2.301524710830701,102.74021352312369,44.640065361731935,0.3023900242466228,0.8834448649687192,-3.2800513723573266,10.66614522130179,0.5253320152985779,-0.22968129786455416,0.001944422721862793,11,0.8930679559707642,798.8195110598339,14.30911548866476,784.510395571169,9.987810013418098,rmse_z_lateral
95c8427f,6335,39.92000000000007,27.215687207592826,1896.4562074940502,78.09985545456742,64.29658949574467,9.079922278818481,8051,1716,1093,0.08,1716,623,6335,817.4800000000014,39.92000000000007,2.0991339237657156,158.6923847695388,75.59898059522307,0.19984214680347276,0.8721266795789779,2.646264932914711,15.535076469251024,0.30850794067287207,-0.2043941484951371,1.6450881958007812e-05,14,0.8896533250808716,1880.4065188641332,75.21213189109542,1805.1943869730378,27.215687207592826,rmse_cf
96936c22,3346,14.619999999998981,4.079825343764616,925.8557579517064,5.840809188774572,7.467325941576891,4.074590078825482,4997,1651,921,0.08,1651,730,3346,707.3299999999999,14.619999999998981,2.33412975555964,228.86456908346327,98.05134806166326,0.2023311416616856,0.9430605019252759,0.6109204032907725,11.179312701794647,0.6050785199494655,-0.026655184205563787,0.0015190839767456055,28,0.9377648234367371,946.1719345758971,31.936728042203388,914.2352065336937,4.079825343764616,rmse_cf
96ae5806,9839,25.909999999998035,8.450669041365172,2697.283284374188,96.86833079440115,47.31571730955721,5.898962078083092,11527,1688,1053,0.08,1688,635,9839,781.4000000000015,25.909999999998035,2.160225236754539,379.7375530683422,175.78609239786917,0.552393535928448,0.8503875410335284,1.0205296239851611,11.458131116204694,0.39177843107210275,-0.12555765625331738,0.0008406639099121094,3,0.8483756184577942,2643.7892888217552,99.08033360414665,2544.7089552176085,8.450669041365172,rmse_cf
96b7eea1,4332,15.630000000001019,12.405056848354107,1229.6996898434859,115.77750014491411,264.87118018695196,2.731221300409985,6078,1746,1069,0.08,1746,677,4332,807.1700000000001,15.630000000001019,2.163113098851543,277.15930902109517,128.12982787088052,0.38550323176361956,0.8205213720823773,1.3333634761177908,22.316929585187886,0.5058711923259407,-0.034005749450439104,0.0,11,0.8099613785743713,1266.8812762204727,65.13888635282771,1201.742389867645,12.405056848354107,rmse_cf
9719aa04,4871,23.6299999999992,7.07656345543121,1357.2344017946414,12.492994654271262,32.16664054634915,6.1461413645576295,6665,1794,998,0.08,1794,796,4871,806.619999999999,23.6299999999992,2.2240956088368775,206.13626745662992,92.68318620728351,0.043112297269554505,0.9341132534451126,-8.645278120015204,18.833736725297555,0.27856161662790735,-0.3024713685831476,0.00035881996154785156,21,0.923024594783783,1388.4973598084873,25.5249076106768,1362.9724521978105,7.07656345543121,rmse_cf
974802e7,5843,53.67000000000007,13.80511563998303,1248.0880078317891,50.79085436430884,47.26346408613028,13.724784639454152,7537,1694,932,0.08,1694,762,5843,640.3199999999997,53.67000000000007,2.6455522238880573,108.86901434693482,41.151716214066866,0.5676878315933596,0.6837081227258069,-1.3439739669668367,14.949076641901915,0.44266518565605617,-0.15973045823654197,0.0008124709129333496,2,0.6903152465820312,1284.9524228484443,16.263534104261602,1268.6888887441826,13.80511563998303,rmse_cf
97cd5bf9,3449,25.80999999999949,9.273936692075774,947.8803858249837,38.6916734456054,67.46237826161743,8.982068512526208,5099,1650,955,0.08,1650,695,3449,734.9099999999999,25.80999999999949,2.2451728783116303,133.63037582332694,59.51896939170982,0.6332270223253117,0.750130211968659,3.516697297389536,16.735529820970957,0.215382212469247,-0.37514447155211467,0.0,8,0.7515518069267273,987.0692969488475,43.33888285858283,943.7304140902647,9.273936692075774,rmse_cf
98177ced,4772,21.8700000000008,5.779865915399804,1527.6389372017097,110.97948455330251,102.0547629335241,5.762462361740032,6789,2017,1289,0.08,2017,728,4772,983.0600000000013,21.8700000000008,2.0517567595060293,218.1984453589312,106.34713123180525,0.04463537300922045,0.9456048173807995,-1.831499476852421,12.117198803083054,0.34042287914147595,-0.26640110653097937,0.00035184621810913086,5,0.955425500869751,1392.1464769026265,117.34675651101965,1274.7997203916068,5.779865915399804,rmse_cf
9896fc0b,3595,52.70999999999913,15.814766850712997,884.6502643035162,49.93038231568201,31.27710411097691,13.49405106010741,5109,1514,880,0.08,1514,634,3595,594.6399999999994,52.70999999999913,2.5460782994753153,68.20337696831834,26.787619603989945,0.3972183588317107,0.884128061712315,0.660804534265341,9.4098145804889,0.23158618440390855,-0.31018053264263556,0.0004817843437194824,8,0.9081596732139587,847.1322382575677,41.70369663857637,805.4285416189913,15.814766850712997,rmse_cf
98bc6f66,6063,26.409999999998035,17.645391862557158,1465.7127479000412,90.8550978002217,247.24371488859754,6.295184166166509,7720,1657,934,0.08,1657,723,6063,731.7300000000014,26.409999999998035,2.2644964672761767,229.57213176828668,101.37888713265464,0.42734619825169057,0.773943232245835,-1.7720319448429658,15.399258224480313,0.26304932384243257,-0.27860663844101147,8.940696716308594e-06,5,0.7730966806411743,1509.3086211743487,112.41833893467322,1396.8902822396753,17.645391862557158,rmse_cf
992c99e8,4904,30.390000000001237,13.77905931963707,1362.177651764347,7.002170885403316,18.62452078759496,9.583855980812636,6740,1836,1101,0.08,1836,735,4904,832.0499999999993,30.390000000001237,2.206598161168201,161.36887133924978,73.13015762408641,0.3786704730831974,0.8351210296448985,-0.02060583385649244,15.044082640466732,0.3890719783540982,-0.28184663059110887,4.13060188293457e-05,6,0.8332117199897766,1367.358496542154,8.994439278160137,1358.3640572639938,7.002170885403316,rmse_md_last512
992ce078,2879,11.179999999998472,5.02484380821733,918.0047601873514,44.35167611989369,26.59498842104978,3.581068936044213,4661,1782,1020,0.08,1782,762,2879,820.960000000001,11.179999999998472,2.170629506918727,257.5134168157776,118.63536176716106,0.038555053838138245,0.785930415245782,-1.7240237232975626,16.46516457596614,0.46405583985376836,-0.08336091568427656,0.0003260970115661621,11,0.796126663684845,867.9787800851225,25.52258462000778,842.4561954651147,5.02484380821733,rmse_cf
99529c45,5840,30.329999999999927,21.675545088419643,1645.0930350808894,32.64260511773961,14.979756236083347,6.879999522155916,7591,1751,1096,0.08,1751,655,5840,791.8299999999999,30.329999999999927,2.211333240720862,192.54863171777166,87.07354828845409,0.5669520547945206,0.8818731046701981,-3.0301317733727946,10.076867140138479,0.3285252751651736,-0.15072039029231032,0.2849413752555847,1,0.9012370705604553,1689.0948482605188,74.25361923296317,1614.8412290275555,14.979756236083347,rmse_z_lateral
995ff498,4526,27.31999999999971,8.343710199277547,1112.170102581063,52.001973766341564,112.41473406047729,8.236173572024589,6127,1601,889,0.08,1601,712,4526,644.7700000000004,27.31999999999971,2.4830559734478945,165.66617862372064,66.7186645791483,0.5627485638532921,0.8469000247891163,-0.5121193651453204,10.515190209755351,0.47398789333317687,-0.12230985086262641,0.00010311603546142578,10,0.8334864974021912,1129.760519133816,59.63842095997316,1070.1220981738427,8.343710199277547,rmse_cf
999daf80,3564,12.299999999999272,5.121625403452367,775.323370193241,12.55532442315474,12.644079902032669,3.7162062068627417,5439,1875,1073,0.08,1875,802,3564,681.2700000000004,12.299999999999272,2.752212779074374,289.75609756099277,105.28113951220142,0.08052749719416386,0.8198265200018515,-1.5145902681677739,19.92233770839201,0.683397068132942,-0.04434541357270194,0.0018523335456848145,17,0.8316586017608643,875.4197328711073,21.990244761857973,853.4294881092493,5.121625403452367,rmse_cf
9a6b0392,4255,19.43999999999869,6.974051133501153,989.5249821936019,119.3426152145713,60.279297351221054,5.979829928089346,5802,1547,1134,0.08,1547,413,4255,616.0499999999993,19.43999999999869,2.5111598084571085,218.87860082306003,87.16235425794828,0.5029377203290247,0.9494042300386528,2.4833962300243573,9.51506730166842,0.6521506838425936,0.02803110376515905,0.00020301342010498047,3,0.9507154822349548,1004.1055939394522,88.54312105334228,915.56247288611,6.974051133501153,rmse_cf
9a8ae0d6,6294,26.81999999999971,5.937216688673599,1584.5294746515171,68.81703508918406,30.20162447718878,5.446849644321663,7835,1541,885,0.08,1541,656,6294,606.2000000000007,26.81999999999971,2.5420653249752525,234.67561521253052,92.31690976108771,0.5111217032094058,0.847677014779982,-3.1711758037050117,14.833063543594982,0.4500101895452893,-0.05950775170476125,0.0011091232299804688,24,0.8342478275299072,1634.0696521144039,8.845600405753688,1625.2240517086502,5.937216688673599,rmse_cf
9a95e33f,6447,52.79999999999927,32.28932813245856,2166.702656191047,28.918035274682836,16.990214323392003,11.669962549342188,8156,1709,1229,0.08,1709,480,6447,893.4399999999987,52.79999999999927,1.9128313037249312,122.10227272727441,63.833267727007545,0.1532495734450132,0.8593759322703847,0.37713965247943987,11.383250964663864,0.40432186929354025,-0.23065864818041087,0.003388643264770508,4,0.8605275750160217,2170.1750587084316,17.453487917581768,2152.72157079085,16.990214323392003,rmse_z_lateral
9ab94eeb,4442,24.93000000000029,8.205724523051869,1272.0387691376686,19.060236630834556,28.876628870743392,6.767715643977071,6372,1930,1204,0.08,1930,726,4442,848.0,24.93000000000029,2.275943396226415,178.17890092258116,78.28793159707193,0.534894191805493,0.762066378762923,1.346441724656302,13.996931369095025,0.5687088281836639,-0.03996091684757208,0.03588390350341797,10,0.8042312264442444,1380.7155439121184,17.982709581762087,1362.7328343303564,8.205724523051869,rmse_cf
9ad5410a,4205,19.399999999999636,8.784377249544983,723.7449650244811,91.7703071286539,40.65359321840005,6.324235043355292,5749,1544,775,0.08,1544,769,4205,490.65999999999985,19.399999999999636,3.146781885623447,216.7525773195917,68.88071216815469,0.08014268727705114,0.705090215537229,3.9972957959309365,19.053091023070333,0.34510010130393803,-0.29200210359143736,0.0,23,0.6593728065490723,736.0043053406373,27.510136370480623,708.4941689701567,8.784377249544983,rmse_cf
9ae248be,5271,25.969999999999345,8.107003944596206,854.1097175099428,74.50741479457743,143.85083419633938,6.160979724831741,6655,1384,709,0.08,1384,675,5271,413.2399999999998,25.969999999999345,3.34914335495112,202.96495956873827,60.60205194522063,0.32024283817112503,0.7728887990637748,-0.575705039693019,11.281567386274908,0.3882205868959557,-0.1101640802787674,0.0,4,0.7930303812026978,905.1536778493199,115.21768125853515,789.9359965907847,8.107003944596206,rmse_cf
9af1ffd0,3525,32.80000000000109,18.128053838502368,1015.6340941296178,9.247117986981138,17.63003660438133,13.129397842572756,5454,1929,1103,0.08,1929,826,3525,829.1000000000004,32.80000000000109,2.3266192256663842,107.46951219511837,46.191276599778476,0.05446808510638298,0.8132002927452994,-0.6381588944026193,15.538946066995067,0.33631446947138605,-0.0683006151984688,0.004932284355163574,8,0.8183765411376953,1028.3010919388682,15.362172971190933,1012.9389189676773,9.247117986981138,rmse_md_last512
9b5b61c1,5532,18.94000000000051,5.429982209622746,1564.3545062923934,90.24544378544572,50.70834130145716,5.151253818100426,7215,1683,1004,0.08,1683,679,5532,772.6800000000003,18.94000000000051,2.178133250504736,292.08025343188234,134.09659549717583,0.09399855386840203,0.9257549495328709,0.11260729163801823,13.958590693359954,0.2930906954226177,-0.22852986221303684,0.0,8,0.9200709462165833,1592.1127813892138,73.70259005436152,1518.4101913348522,5.429982209622746,rmse_cf
9b9e3b49,5118,27.969999999999345,7.923721572593473,1514.9957184392024,47.30770263868092,18.9834842751176,7.884959208792072,6875,1757,1041,0.08,1757,716,5118,832.1800000000003,27.969999999999345,2.1113220697445256,182.9817661780522,86.66691302108795,0.5775693630324346,0.8117695728239258,1.369160585990284,16.180931967463696,0.38708992782606544,-0.19751713373555901,0.009528160095214844,22,0.8130337595939636,1573.7135322593017,5.580045189100128,1568.1334870702017,7.923721572593473,rmse_cf
9bd2bba3,7439,22.409999999999854,15.673287472863077,2094.394744139433,9.807166382202452,13.660969064592168,4.9061314775860385,9092,1653,1002,0.08,1653,651,7439,817.4800000000014,22.409999999999854,2.022067818172918,331.95002231147026,164.16364442781682,0.037639467670385805,0.8409196967343029,-0.8428981112047356,10.006456730552328,0.20549364545553345,-0.24486132236111519,0.002744734287261963,6,0.764719545841217,2006.1567124170056,43.28353136729265,1962.873181049713,9.807166382202452,rmse_md_last512
9c211c53,7265,25.030000000000655,6.466506541772609,1623.3775717390138,95.7044515408963,68.39301550934313,5.537441687078826,8842,1577,837,0.08,1577,740,7265,630.6100000000006,25.030000000000655,2.5007532389273854,290.25169796243745,116.06570910088323,0.4802477632484515,0.8651845884844498,-0.21530149116035277,9.929326215990336,0.423136683392771,-0.2538100027289416,0.0013922452926635742,5,0.8971589207649231,1659.4632912548627,102.32294158837053,1557.1403496664923,6.466506541772609,rmse_cf
9c350a6a,6052,43.06000000000131,17.397946606336834,1490.2932804005427,36.1964414106097,15.629893653080517,11.249783254719697,7794,1742,1036,0.08,1742,706,6052,809.760000000002,43.06000000000131,2.1512546927484633,140.54807245703242,65.33306954810956,0.44894249834765365,0.8510165022401297,-0.22307222170594287,13.897466340124137,0.56260275964863,-0.05383840502986259,0.014100909233093262,11,0.8285818099975586,1453.2165981578855,9.448861424260201,1443.7677367336253,15.629893653080517,rmse_z_lateral
9c8375f7,3674,19.68000000000211,5.917156069883692,1154.7822593168837,20.455896364896272,14.574512952842737,5.8722961268646054,5432,1758,1033,0.08,1758,725,3674,872.0099999999984,19.68000000000211,2.0160319262393815,186.6869918698987,92.60120806625146,0.27708219923788785,0.7152999306860306,0.7044718665025647,21.17030938937127,0.3618811971655577,-0.23364189913464345,0.0027943849563598633,17,0.7153356075286865,1092.2543741145712,33.94290067886735,1058.3114734357039,5.917156069883692,rmse_cf
9d072e4c,5107,26.979999999997744,9.990804668905984,906.2246352525744,7.6421816320295175,44.66566511441615,8.02020724493744,6798,1691,899,0.08,1691,792,5107,554.6299999999992,26.979999999997744,3.048879433135608,189.28836174945985,62.084567757009324,0.14626982572939104,0.8039743799626221,2.476243981897385,14.993227156242236,0.26543447918266144,-0.3884417471368709,0.0,16,0.8389343619346619,886.5391762264703,79.06527373807413,807.4739024883962,7.6421816320295175,rmse_md_last512
9d3ec64c,3480,21.470000000001164,9.187876827833358,1124.3281040824922,256.7291327935603,44.966587202001016,5.412102250924896,4937,1457,1337,0.08,1457,120,3480,721.6499999999996,21.470000000001164,2.0189842721540923,162.08663251047096,80.2812754640915,0.20517241379310344,0.9269308685552466,4.182036253403388,11.542065656621869,-0.16355277823496178,-0.832139701879457,0.0,6,0.9300737977027893,1130.5772521666372,32.85043364445052,1097.7268185221867,9.187876827833358,rmse_cf
9d4272e3,4030,26.910000000001673,17.76831335353228,1012.5536250313708,33.95400668393753,19.521649208317896,6.612551052977961,5771,1741,1028,0.08,1741,713,4030,740.2399999999998,26.910000000001673,2.351939911380094,149.75845410627088,63.674438867102765,0.5369727047146402,0.692899542702953,-0.6681272323715454,16.443310086607262,0.4998639146495276,-0.13696030931781733,0.0,3,0.7382993698120117,1020.531378886483,9.736402735557574,1010.7949761509254,17.76831335353228,rmse_cf
9d5e14d4,5400,40.81999999999971,28.543156532728414,2174.9070841182547,778.5123871422766,57.69357424150298,12.413339354630153,6565,1165,990,0.08,1165,175,5400,728.6499999999996,40.81999999999971,1.5988471831469164,132.28809407153452,82.73967360105027,0.5618518518518518,0.8197803961165284,3.3298575663212095,11.27062843266379,0.08807019817372597,-0.3485179835600636,0.0,5,0.8021198511123657,2171.6007759670383,94.57781075464734,2077.022965212391,28.543156532728414,rmse_cf
9da441ba,5783,32.64999999999782,15.618529769468404,927.3040487190488,24.83782426340938,18.894582077545728,6.771022392846357,7283,1500,882,0.08,1500,618,5783,448.0100000000002,32.64999999999782,3.3481395504564615,177.12098009189546,52.90131352731341,0.20560262839356735,0.8049411669258695,-0.6285983682838664,14.737382844447032,0.2695617607449174,-0.25226727864787907,0.0,44,0.7886300086975098,1003.6032513687177,99.95477514671497,903.6484762220027,15.618529769468404,rmse_cf
9dede370,6297,37.900000000001455,18.676124657054373,1832.6476480173897,100.65653140970159,373.22767004743673,8.64662203993638,8057,1760,1035,0.08,1760,725,6297,837.1899999999987,37.900000000001455,2.1022706912409403,166.1477572559303,79.03252323698412,0.4070192154994442,0.8296182788621,-2.1417406327994706,12.65632768045377,0.3858358136551609,-0.03400949596851294,0.027324914932250977,6,0.8096354007720947,1876.2434893030834,100.632428003444,1775.6110612996395,18.676124657054373,rmse_cf
9def2eb2,6003,25.829999999999927,7.253592864593499,1457.6797612193309,13.647587876308586,16.02594332774482,6.702478827096145,7750,1747,1078,0.08,1747,669,6003,713.1599999999999,25.829999999999927,2.449660665208369,232.40418118466965,94.87198961285573,0.12377144760952857,0.7937628166661282,-3.4646929966327082,12.790625467183435,0.37395966885021165,-0.06129148511070154,0.0004119277000427246,8,0.8237413167953491,1481.0758422256451,44.2716470698655,1436.8041951557796,7.253592864593499,rmse_cf
9df1b1f9,4701,23.390000000001237,12.592269852167446,1446.9152469241292,151.08483999451877,73.74001398890087,4.302054983175047,6444,1743,1072,0.08,1743,671,4701,889.5799999999999,23.390000000001237,1.9593516041277907,200.9833262077705,102.57644711870824,0.6855988087640927,0.7926461195718486,0.9330467871406869,15.593936642953045,0.30810391731372744,-0.10418280457077567,0.0015431642532348633,22,0.7771690487861633,1336.6592303153343,118.77340815930546,1217.8858221560288,12.592269852167446,rmse_cf
9dfff011,4319,15.910000000001673,4.8459695911212535,1485.5470614520984,64.83644716279098,92.60457406794872,4.7523871291731,6067,1748,1061,0.08,1748,687,4319,924.2600000000002,15.910000000001673,1.8912427239088563,271.46448774352893,143.53762439464194,0.3727714748784441,0.8019964563675683,1.3835381886846378,14.549889403033715,0.48635934746936393,-0.14082859987523677,0.000648200511932373,18,0.7992783188819885,1296.8142360482884,20.646548190447724,1276.1676878578407,4.8459695911212535,rmse_cf
9e3e364d,4290,21.079999999999927,4.097267023631261,775.03579410643,20.961853988507038,14.391572165799618,3.5162281650314773,5809,1519,900,0.08,1519,619,4290,505.65999999999985,21.079999999999927,3.0039947791005823,203.51043643263827,67.74660124195381,0.5186480186480187,0.7245286271818784,-0.04905277629979376,15.135720507392897,0.4675320577661686,-0.2789818603945059,0.0,1,0.6573742628097534,780.1719373944143,32.47259299111034,747.6993444033039,4.097267023631261,rmse_cf
9efc812e,4450,27.06000000000131,7.747022854046375,821.1954349637047,92.07242944959161,66.4627014824498,6.252712076684814,6100,1650,919,0.08,1650,731,4450,573.4700000000012,27.06000000000131,2.877221127521922,164.44937176643697,57.155624985999275,0.02292134831460674,0.9049748997290068,-4.247125755241144,10.065770704371962,0.404214206589425,-0.2787359065205879,0.0,5,0.8865880370140076,816.4746125731934,47.54552154818958,768.9290910250038,7.747022854046375,rmse_cf
9f0c7bae,2542,12.649999999999636,7.898258335635161,296.0772531924138,15.06729646492298,12.60605390239594,3.795120286524946,4040,1498,701,0.08,1498,797,2542,348.60000000000036,12.649999999999636,4.297188755020076,200.9486166007963,46.76280890990498,0.3202202989771833,0.6996635004479085,0.6023528240872134,10.736165407795593,0.3001498497519977,-0.3324610193585637,0.0,13,0.6443226933479309,356.94939040228525,35.01184688439307,321.93754351789215,7.898258335635161,rmse_cf
9ffce529,5212,31.390000000001237,11.084878093703349,1360.251606316398,108.88856631947343,154.94094938476948,9.406551242213562,6675,1463,849,0.08,1463,614,5212,589.5700000000015,31.390000000001237,2.481469545601025,166.04014017202277,66.91202012386857,0.4113584036838066,0.7463821812504136,2.802151479774805,19.776861459562056,0.5102204541711741,-0.32473057496785096,0.0,22,0.659993052482605,1191.0160773582681,111.06145288829903,1079.954624469969,11.084878093703349,rmse_cf
a0383629,5832,17.219999999997526,8.416225361246278,1292.800344062989,53.08731415166311,50.75424316490436,4.83520436045136,7687,1855,1189,0.08,1855,666,5832,716.5100000000002,17.219999999997526,2.5889380469218843,338.67595818820195,130.81655568810172,0.546639231824417,0.7170593179693855,-2.193360826021908,13.713997052570301,0.5515566752501817,-0.000595173235040436,0.0006682872772216797,40,0.699471652507782,1252.045655864584,3.093243642929733,1248.9524122216542,8.416225361246278,rmse_cf
a056d01e,6557,42.93000000000029,8.584211201864289,1567.5759814508044,174.9059798466888,140.11462949994544,8.584049446015698,8292,1735,1048,0.08,1735,687,6557,747.7400000000016,42.93000000000029,2.3203252467435154,152.73701374330201,65.82569144462069,0.2696355040414824,0.8109614478081413,-0.9608420337066296,13.234505495829971,0.3176655127682567,-0.18657193828909613,0.001834094524383545,9,0.8183979392051697,1565.7103137566864,9.105858203710412,1556.604455552976,8.584211201864289,rmse_cf
a08d9e63,3685,36.04999999999927,21.46258569009769,864.2130745644894,35.605980106166975,18.33821603303396,10.804451773864981,5199,1514,881,0.08,1514,633,3685,591.7900000000009,36.04999999999927,2.558339951672042,102.21914008321981,39.95526083873761,0.25590230664857533,0.7657560137082337,0.18706223392911792,13.906657814636677,0.3227049134627758,-0.3689943864223512,0.0,2,0.7156056761741638,852.8218137240688,33.807082785272094,819.0147309387967,18.33821603303396,rmse_z_lateral
a0b83014,5035,26.239999999997963,17.51843897699374,1613.3551564897832,126.30791590844399,8.282164373562903,6.693413972922857,6873,1838,1565,0.08,1838,273,5035,938.130000000001,26.239999999997963,1.9592167396842635,191.8826219512344,97.93843532704663,0.551142005958292,0.8595340926046423,-1.6904666580069176,14.08299534017392,0.2321297102766989,-0.21283984407243325,0.0005623102188110352,10,0.8442519903182983,1570.3902766089739,20.7116359393315,1549.6786406696424,8.282164373562903,rmse_z_lateral
a0e92ed6,4897,32.82999999999993,8.114542367589692,658.5758594440236,39.0035144045973,6.749624062302037,8.045324644171155,6446,1549,676,0.08,1549,873,4897,405.0100000000002,32.82999999999993,3.8245969235327504,149.16235150776762,39.00080308854809,0.4998978966714315,0.7516593982972161,-3.897058628015217,12.27781678921267,0.2592641532226745,-0.25182562549989984,0.0,8,0.7763903737068176,656.9449000920098,4.60021792128607,652.3446821707237,6.749624062302037,rmse_z_lateral
a15bc102,3236,7.4099999999998545,2.578928597930721,1013.523583287309,39.45798574993798,24.771873286166663,2.0464225129829883,5124,1888,1138,0.08,1888,750,3236,872.0200000000004,7.4099999999998545,2.16508795669824,436.70715249663476,201.70411605938327,0.5633498145859085,0.8709136971184129,0.1968388620744947,15.391774549748115,0.6204433414134122,-0.08987679873825616,0.001980423927307129,12,0.868298351764679,1040.7796294441905,5.708612014640551,1035.07101742955,2.578928597930721,rmse_cf
a247e7cf,5674,15.030000000000655,4.201165296490171,1251.9789816933403,61.10225532436469,49.764105818607725,3.8702254370501503,7237,1563,883,0.08,1563,680,5674,602.2200000000012,15.030000000000655,2.595397030985349,377.5116433798904,145.45429422663983,0.5667959111737751,0.7469879737580198,6.859777245268869,16.568258624000784,0.1662320761889131,-0.215520755010427,0.0008642077445983887,10,0.7565868496894836,1178.9323684869946,63.14810238159639,1115.7842661053983,4.201165296490171,rmse_cf
a2e8e7f6,4760,35.659999999999854,10.698430341162505,1423.0416483367694,366.74777268418046,28.717598230120437,10.477721999063123,5812,1052,805,0.08,1052,247,4760,508.1899999999987,35.659999999999854,2.0700918947637748,133.48289399887884,64.48162728259511,0.4808823529411765,0.8347626575373758,-1.30647795797881,11.484629427781964,0.43862592215819934,-0.08216772710083492,0.0017466545104980469,9,0.8440694808959961,1421.120402250472,29.09052041017387,1392.029881840298,10.698430341162505,rmse_cf
a3518960,4967,23.31999999999971,7.100675858286987,1819.6516366439778,36.03889611332627,53.33298934379342,5.223171649856149,6992,2025,1333,0.08,2025,692,4967,1093.3099999999995,23.31999999999971,1.852173674438175,212.99313893653783,114.99631048429929,0.0376484799677874,0.8204703395530439,-0.7753680938780638,13.177336302841871,0.40344875062600016,-0.10496606273362497,0.00706106424331665,15,0.8008940815925598,1658.3271190720463,32.36813961230856,1625.9589794597377,7.100675858286987,rmse_cf
a3f71395,5543,38.32999999999993,15.089395383508826,1191.1953950249322,17.442578678630266,36.60420754454427,11.357339430482668,7040,1497,816,0.08,1497,681,5543,552.4200000000001,38.32999999999993,2.709894645378516,144.61257500652258,53.364648420242624,0.07865776655240844,0.7093486737014476,-1.6886916953247755,12.06645020925535,0.4579713858047814,-0.1958174414094362,0.008561849594116211,9,0.7214853167533875,1184.5254365074193,28.686756149169877,1155.8386803582493,15.089395383508826,rmse_cf
a4719920,5884,25.17000000000189,7.205451003735877,1070.1658435149875,62.98115029852628,24.297191171320417,6.59697452511723,7495,1611,937,0.08,1611,674,5884,555.25,25.17000000000189,2.9013957676722195,233.7703615415001,80.57169040714956,0.6442895989123045,0.8091857753396996,-2.14619640001143,12.76647028805894,0.5627905215890672,-0.09976050302475459,0.004171907901763916,18,0.8094884753227234,1092.9512849178786,42.343528301216054,1050.6077566166625,7.205451003735877,rmse_cf
a48640d9,4532,27.399999999999636,21.626612771414322,1063.820461454086,30.582839349336837,19.36413776785918,5.65524424728978,6586,2054,1315,0.08,2054,739,4532,794.1200000000008,27.399999999999636,2.58651085478265,165.4014598540168,63.94771533557543,0.13879082082965577,0.6674753617941537,-0.8953449107329707,15.630702016959198,0.46127748210335706,-0.2690997423960878,0.0007269978523254395,24,0.6448110342025757,1091.0548384411488,78.87435133256399,1012.1804871085849,19.36413776785918,rmse_z_lateral
a4cdbb0f,5204,41.409999999999854,11.150021440885437,1073.599292302475,81.4016166469365,30.012464711461757,11.118224500084171,6759,1555,896,0.08,1555,659,5204,549.0900000000001,41.409999999999854,2.8319583310568386,125.67012798840904,44.375698120357264,0.037855495772482706,0.8078348414973768,-0.19756698369172404,12.405217822351451,0.5838014944781742,-0.16184339917157609,0.0018185973167419434,22,0.8026027679443359,1069.3550796734685,44.606513453609,1024.7485662198594,11.150021440885437,rmse_cf
a4f989c2,5385,21.719999999999345,10.578786672639087,1108.9871519023134,70.50001876031995,44.59496937650381,5.3080263176221445,7024,1639,977,0.08,1639,662,5385,597.6700000000019,21.719999999999345,2.742315993775821,247.92817679558758,90.40831813631439,0.0479108635097493,0.8103320529040864,2.8206760883259205,18.12172134176154,0.3300919014391651,-0.36581620699288864,0.0,12,0.8124182820320129,1092.0265005845977,24.907164572355025,1067.1193360122427,10.578786672639087,rmse_cf
a5aa7973,4616,35.44999999999891,14.159778554983863,1356.0905189022656,7.588902894531555,16.430056648335174,11.333626123135932,6449,1833,1039,0.08,1833,794,4616,831.9400000000005,35.44999999999891,2.203283890665191,130.21156558533545,59.09885972343919,0.4016464471403813,0.9257118195133534,-6.331213472006952,16.468395749172558,0.2364068760744581,-0.2038889180317468,0.00013506412506103516,7,0.908198893070221,1374.5316374643608,34.873698994956506,1339.6579384694041,7.588902894531555,rmse_md_last512
a5e6f7dc,5649,19.979999999999563,6.350818327780091,1428.1434138274517,21.279421634531975,7.438911775483198,4.898043807350803,7331,1682,1010,0.08,1682,672,5649,704.369999999999,19.979999999999563,2.3879495151695878,282.7327327327389,118.399794860261,0.5186758718357232,0.7635013891331816,0.35157353272706693,17.442954519931448,0.4450508000360537,-0.1044783953799776,0.00955045223236084,18,0.7575696706771851,1348.7950465858883,30.319781524175735,1318.4752650617124,6.350818327780091,rmse_cf
a612d5a0,5329,27.329999999999927,19.256901319606147,1272.4586935246057,46.03354643398097,31.4541155789023,6.282809101780117,7160,1831,1271,0.08,1831,560,5329,726.8500000000022,27.329999999999927,2.5190892206094717,194.98719356019078,77.40384578876302,0.047100769375117285,0.9007116675001151,1.014692185479332,15.893041980515227,0.4132718148106108,-0.1606469222947201,0.0014359354972839355,10,0.8925856947898865,1347.7580339146893,61.02533053425633,1286.7327033804331,19.256901319606147,rmse_cf
a622ce4d,6298,29.479999999997744,14.236097814848373,1183.9966009869913,87.11057686719812,84.22953146128896,7.279848828706642,8047,1749,1074,0.08,1749,675,6298,609.9899999999998,29.479999999997744,2.8672601190183458,213.63636363637997,74.50888819585784,0.44934899968243885,0.7840680641365881,0.003301927174651515,15.03189343707337,0.2403802521028522,-0.1876521335566118,1.71661376953125e-05,16,0.7855735421180725,1198.792571385811,56.85420454980915,1141.938366836002,14.236097814848373,rmse_cf
a645da9a,5153,26.5099999999984,8.951092580974047,1497.889792975114,19.107904506376,21.97244002130038,8.76541090234563,6766,1613,991,0.08,1613,622,5153,757.3500000000004,26.5099999999984,2.1297946788142856,194.37947944173183,91.26676922206799,0.19619639045216378,0.8098316872957303,-2.798914329615626,15.261136190844528,0.28042116049100674,-0.2749702919818139,0.003246009349822998,18,0.7986921668052673,1366.5432376104288,27.420017889143278,1339.1232197212855,8.951092580974047,rmse_cf
a692b17e,3566,34.3799999999992,13.138061444708827,1069.4257726208823,22.887341448909982,29.39850792258677,9.828994561663066,5409,1843,1146,0.08,1843,697,3566,838.159999999998,34.3799999999992,2.1988641786771073,103.72309482257367,47.17121495197404,0.5975883342680874,0.722888874355105,-0.8984514762633803,15.477529471117318,0.47085695712189973,0.01545536399298647,0.0007659196853637695,41,0.7412943243980408,1101.7525336603637,40.268870203069625,1061.4836634572941,13.138061444708827,rmse_cf
a6b8ac67,5453,30.409999999999854,10.875902281234387,1503.062389821591,89.4891452806058,62.26926971116447,8.710759406347025,7017,1564,885,0.08,1564,679,5453,711.8600000000006,30.409999999999854,2.197061219902788,179.31601446892554,81.61630310732062,0.0737208875848157,0.8289704226276409,-0.7655837847549793,11.133905943539801,0.09840254829305187,-0.579367273826019,0.00022739171981811523,5,0.8093893527984619,1559.2217752867675,56.23907019130594,1502.9827050954616,10.875902281234387,rmse_cf
a6ed2eff,5275,34.279999999998836,8.632582794631363,1562.0012033911607,7.798288750891672,10.025072160200015,7.568180731523339,7054,1779,1033,0.08,1779,746,5275,845.4799999999996,34.279999999998836,2.104130198230592,153.87981330222226,73.13226787563958,0.5624644549763033,0.8867047164698311,-0.3012799098538416,12.98526875279135,0.19260428251419748,-0.15566828093741603,3.618001937866211e-05,12,0.8726347088813782,1453.8129432889823,15.019057487964188,1438.7938858010182,7.798288750891672,rmse_md_last512
a6f967fb,4670,21.850000000000364,13.762814229045636,1598.5739544440387,26.744310413062113,21.99285255495261,5.644484144749558,7032,2362,1567,0.08,2362,795,4670,1176.460000000001,21.850000000000364,2.0077180694626238,213.72997711670124,106.45417818743205,0.04197002141327623,0.7644096149720476,0.2428147910761552,17.600155265299858,0.5645067511687875,-0.0636803893470429,0.0010508894920349121,6,0.76201331615448,1417.1450120297977,16.30335486534966,1400.841657164448,13.762814229045636,rmse_cf
a76db406,4672,15.550000000001091,3.7043201708377427,1321.6999103145745,49.746898400516216,6.085320947747007,2.7471294794091867,6451,1779,972,0.08,1779,807,4672,853.1900000000005,15.550000000001091,2.085115859304491,300.4501607716831,144.09278958335722,0.012414383561643835,0.7878670847146707,-5.130404342403072,13.37925500388743,0.5423390080905242,-0.058116397640124884,0.0,2,0.8065962195396423,1118.7531409245298,61.424907087547744,1057.328233836982,3.7043201708377427,rmse_cf
a7744f5b,4377,29.649999999999636,13.084948643934053,1044.306946919649,15.073560025107295,30.300829095331707,9.020191052768608,6017,1640,926,0.08,1640,714,4377,661.5600000000013,29.649999999999636,2.4789890561702594,147.6222596964605,59.54937934438451,0.16860863605209048,0.8405504476326012,-0.2894673381723783,10.602515116611933,0.36051676757922463,-0.24369239110575042,9.125471115112305e-05,18,0.8226494193077087,1038.813113369148,23.506557845573806,1015.3065555235742,13.084948643934053,rmse_cf
a783cc24,1889,55.75,26.72523186448825,447.20918271961506,14.340008674105546,26.482742843127827,14.500344829662916,3275,1386,892,0.08,1386,494,1889,467.4400000000005,55.75,2.9650864282046863,33.88340807174888,11.427460511586085,0.11646373742721017,0.8645266368095881,-0.2272226971175713,10.068058359544052,0.23559465491320403,-0.3208491380212513,0.0,5,0.8791917562484741,447.38305132575766,21.230771884866872,426.15227944089077,14.340008674105546,rmse_md_last512
a79fd2e7,4404,27.55000000000109,12.374341369091132,1289.2140403891647,22.548839140649445,36.76234409711535,9.051731198194089,6327,1923,1126,0.08,1923,797,4404,863.6900000000005,27.55000000000109,2.2264933019949273,159.85480943738023,71.79667205562716,0.5249772933696639,0.8989436759525183,-4.133176764249528,12.66083213248346,0.3909306393346488,-0.37545025569130086,0.00017327070236206055,16,0.8879912495613098,1375.1107022303063,11.341275488833743,1363.7694267414724,12.374341369091132,rmse_cf
a7fc3e6b,4764,33.029999999998836,18.149529358993682,1261.249650608966,17.472452434799635,16.203789797567307,10.23534695053069,6378,1614,1231,0.08,1614,383,4764,709.6400000000012,33.029999999998836,2.2743926497942577,144.23251589464633,63.41583802941574,0.6341309823677582,0.8937555601643047,1.6611786763783813,13.190356423370325,0.24072022700131604,-0.35704954647630205,0.0011737346649169922,12,0.8929603695869446,1279.2779947608724,30.376583969273405,1248.901410791599,16.203789797567307,rmse_z_lateral
a85bb86f,3099,19.13000000000102,7.873900707960967,969.2931819039966,9.736165206811693,19.09617070763749,4.735503884838079,5100,2001,1295,0.08,2001,706,3099,902.5299999999988,19.13000000000102,2.2171008165933572,161.9968635650724,73.06698114611923,0.14746692481445628,0.7961725737486204,-3.112547108811999,19.42448969226826,0.27780887524328746,-0.1491573889646386,0.0007566213607788086,13,0.8127021789550781,1080.119946663896,26.884415880412238,1053.2355307834837,7.873900707960967,rmse_cf
a85e4bc3,4581,31.1200000000008,9.638478456190704,1022.4251045108432,10.838739359255156,9.452309119815348,8.2480778448762,5993,1412,792,0.08,1412,620,4581,538.1500000000015,31.1200000000008,2.62380377218247,147.2043701799448,56.103421963411826,0.4977079240340537,0.8305898812071159,-2.0366560250719705,9.871811344761474,0.4869649979112298,-0.034898199177527234,0.0,8,0.8106065392494202,1063.452834954699,28.241443264422916,1035.211391690276,9.452309119815348,rmse_z_lateral
a87433c9,5721,20.840000000000146,9.580358514748033,1753.2269788970846,63.91607589326452,65.90354061368338,5.401809675637843,7460,1739,1104,0.08,1739,635,5721,840.5499999999993,20.840000000000146,2.068883469157101,274.52015355086183,132.69000291384515,0.5813668938996679,0.8346573159441099,-1.361206222816051,10.394803243976702,0.5159986054697298,-0.09097397894814008,0.06291019916534424,1,0.8495724201202393,1713.075272077478,43.00071428283957,1670.0745577946386,9.580358514748033,rmse_cf
a8ed028a,5538,36.89000000000124,19.044521110452333,1464.3810113844713,13.726937855942301,91.21426769212866,7.483599558397616,7310,1772,1012,0.08,1772,760,5538,765.5199999999986,36.89000000000124,2.3147664332741185,150.12198427757696,64.85405271115717,0.04749006861682918,0.8725058368258156,-4.047229122093665,11.885832185474168,0.49666268120353346,-0.262845568247773,0.0033757686614990234,3,0.8747197389602661,1483.490264474046,48.81305904723955,1434.6772054268065,13.726937855942301,rmse_md_last512
a959858c,4404,90.53000000000065,65.35865899088088,2265.371217027581,1615.066059340537,,14.778521410670049,5770,1366,1615,0.08,1366,0,4404,1165.6400000000012,90.53000000000065,1.1718884046532365,48.64685739533821,41.51151014224165,0.6139872842870118,0.75347061498394,0.48479878969140766,16.77946624165242,0.27763186239353443,-0.41725774117162584,0.012926340103149414,14,0.7464578747749329,2023.1180907577589,,,65.35865899088088,rmse_cf
a9c9b150,3986,5.680000000000291,1.1630317709118394,1142.0096511328948,1.362159855167524,3.9105156873424525,1.1588467832515512,5826,1840,1035,0.08,1840,805,3986,829.7999999999993,5.680000000000291,2.2174017835623063,701.7605633802457,316.4787584200692,0.5474159558454591,0.8215554632391053,-4.182657421338522,20.941881386274463,0.44987031794912336,-0.29567058224209475,0.0,5,0.8798319101333618,1119.6000692674272,6.93129852516486,1112.6687707422623,1.1630317709118394,rmse_cf
aa95015b,4300,25.61999999999898,11.725050285011942,1052.439816926418,6.664745047638077,13.777012280815212,6.9171264691363685,5761,1461,855,0.08,1461,606,4300,604.6700000000001,25.61999999999898,2.416193957034415,167.83762685402698,69.46363985614272,0.3444186046511628,0.8622863056532512,1.0285387280300258,14.057899947146945,0.3260785021478871,-0.16045954028553228,0.00021499395370483398,7,0.8862864375114441,1082.2899017342193,30.148831952071546,1052.1410697821477,6.664745047638077,rmse_md_last512
aaaf3c03,2997,48.150000000001455,15.079592231507316,919.1247423987844,21.098142514055702,25.077506652882192,14.951584276915531,4728,1731,958,0.08,1731,773,2997,783.0,48.150000000001455,2.210727969348659,62.24299065420372,28.15497497529839,0.05538872205538872,0.8198524986370496,0.032127222019512736,14.4468159092462,0.7420722722324791,-0.025622823193406363,0.017093539237976074,14,0.8409627676010132,843.7831662274018,16.26552260549734,827.5176436219044,15.079592231507316,rmse_cf
aaeffccb,2712,14.590000000000146,4.756126793123975,858.956310897433,50.066712275827996,22.423513946799098,4.3613590934395035,4586,1874,1263,0.08,1874,611,2712,887.5800000000017,14.590000000000146,2.111358976092292,185.88074023303446,88.03843512061741,0.6084070796460177,0.8380601435748574,-1.9665648465441345,14.947174608909078,0.40833609179117414,-0.17189371068366732,0.014355659484863281,19,0.8254107236862183,917.6295732802155,60.297261824313615,857.3323114559018,4.756126793123975,rmse_cf
ab112491,5185,43.57999999999993,28.204036984751497,1747.2815479630556,65.94448753444198,55.70798942267745,14.146418662852058,7178,1993,1339,0.08,1993,654,5185,1000.9599999999991,43.57999999999993,1.991088554987214,118.9765947682425,59.754547064335135,0.04223722275795564,0.7588487067588117,5.223483679367153,15.695586820998136,0.40328329617459374,-0.33246492795622623,0.00011450052261352539,16,0.7783767580986023,1755.1973879168656,51.54799549318166,1703.649392423684,28.204036984751497,rmse_cf
ab18d3fc,5694,37.07000000000153,16.597890792722144,1524.1419994001253,156.04546308053412,84.42309101230117,10.978170657642467,7337,1643,1155,0.08,1643,488,5694,732.7700000000004,37.07000000000153,2.2421769450168525,153.6012948475793,68.50542959553303,0.31383912890762206,0.8075859745427163,-2.5956625504733437,14.577498851900435,0.17264441967602118,-0.31797904412352895,0.00793367624282837,33,0.8026222586631775,1530.8419749437983,84.54269108837333,1446.2992838554248,16.597890792722144,rmse_cf
ab3ced07,4250,26.48999999999978,9.797524442428841,1206.1557268008348,121.90762823030009,49.44699082600358,7.548077405962386,6008,1758,1009,0.08,1758,749,4250,794.8099999999995,26.48999999999978,2.211849372806081,160.43790109475407,72.53563604614413,0.49105882352941177,0.7781259837592952,-3.0735788720284765,15.88198187632631,0.2805060508798045,-0.10554309713692167,0.00016134977340698242,17,0.7876758575439453,1293.7018217558673,82.011200452443,1211.6906213034242,9.797524442428841,rmse_cf
ab6fe95d,5491,24.649999999999636,6.6795806397720465,1406.1910210233752,19.38694097605161,19.443898596054222,5.469044297658462,7424,1933,1065,0.08,1933,868,5491,821.3999999999996,24.649999999999636,2.3532992451911383,222.75862068965847,94.6580088124601,0.2504097614277909,0.80108244484298,-2.482318468046445,12.9279589598771,0.46854565359268074,-0.22376499358679258,0.0034736990928649902,7,0.7882378697395325,1454.216943528439,41.44884888851903,1412.76809463992,6.6795806397720465,rmse_cf
ab94878e,6004,21.840000000000146,6.090270250340663,1837.9066420444724,7.055133619944657,15.394865850859572,4.741894549408696,7652,1648,967,0.08,1648,681,6004,806.6100000000006,21.840000000000146,2.0431187314811354,274.90842490842306,134.5533280433151,0.040972684876748836,0.8778768875926459,0.6234751201279143,11.997915997678165,0.5686095467553934,-0.07313944902999336,7.790327072143555e-05,8,0.8820117115974426,1714.8004298604515,20.341463237398717,1694.4589666230527,6.090270250340663,rmse_cf
abf460d2,3217,26.0,8.350877150110843,713.2641149518533,40.33212163611853,22.809556457884568,5.897813744214339,4763,1546,847,0.08,1546,699,3217,586.2200000000012,26.0,2.637235167684482,123.73076923076923,46.91685093044093,0.5825303077401306,0.9239735550293471,-4.568378805162348,13.377303108715257,0.3546267037168376,-0.30199795636609683,0.00754237174987793,36,0.9133409261703491,753.5446828554066,5.8587812143940985,747.6859016410125,8.350877150110843,rmse_cf
ac6f01d5,5004,32.69000000000051,15.962529701035821,1377.6001156494222,103.18716981220187,47.893440012604394,10.003468781453828,6729,1725,1218,0.08,1725,507,5004,800.6600000000017,32.69000000000051,2.1544725601378816,153.07433465891472,71.04956335536633,0.02697841726618705,0.7780857839254292,-1.2234709830436086,17.64066032397541,0.3176535078849797,-0.24855709652262048,0.001983642578125,7,0.7970901131629944,1393.4060734294703,100.40540589610494,1293.0006675333655,15.962529701035821,rmse_cf
ad2133a8,5729,48.63000000000102,28.088198915386187,1504.0187741194243,35.22119764399778,59.36899323934554,13.943757601866826,7187,1458,816,0.08,1458,642,5729,710.2800000000007,48.63000000000102,2.0527116066903175,117.80793748714538,57.39137300299705,0.2871356257636586,0.5819593966387651,6.768675660959625,20.105242113201758,0.4246524690825448,-0.27501459669208644,0.00013762712478637695,15,0.6569972038269043,1287.5724813652057,26.453686383744174,1261.1187949814616,28.088198915386187,rmse_cf
add9c322,3932,22.670000000000073,12.296784203800955,1023.735348032747,142.3891299680359,201.1008612486145,4.587169850018382,5519,1587,919,0.08,1587,668,3932,653.9799999999996,22.670000000000073,2.426679714975995,173.44508160564567,71.47423722020169,0.5846897253306206,0.904928119805333,-0.007795269639147629,12.596905179256288,0.1539867942928382,-0.22761363443625068,0.00044226646423339844,5,0.8919863700866699,1020.940254580021,134.7002965738401,886.2399580061809,12.296784203800955,rmse_cf
ae069086,4770,38.159999999999854,14.585517424947831,1569.7416973868953,27.981152339996026,44.847809028285894,12.004156602039918,6741,1971,1243,0.08,1971,728,4770,974.6700000000001,38.159999999999854,2.022222906214411,125.00000000000048,61.813165905631905,0.0067085953878406705,0.9260353201974472,0.7275241266438048,10.824853615584102,0.6400036454132311,-0.06890251619097809,0.0,1,0.9159630537033081,1524.9269951079737,9.231278721659717,1515.695716386314,14.585517424947831,rmse_cf
ae0784a8,7823,24.94000000000051,10.87737509844777,1269.0255123669763,51.174279240562505,66.12546597001756,6.226491791765137,9171,1348,840,0.08,1348,508,7823,412.3700000000008,24.94000000000051,3.2689089894997148,313.6728147554066,95.95642330911518,0.574715582257446,0.8996865626609696,-0.4343819904134422,9.739973988039436,0.3198525536589215,-0.15304945209516307,0.0,9,0.8719154000282288,1311.7200359491858,22.823270099524784,1288.896765849661,10.87737509844777,rmse_cf
ae35f33a,4450,20.43000000000029,5.0951729458693835,1349.439358692169,12.906737157227578,7.721509131003724,4.234378035248008,6469,2019,1345,0.08,2019,674,4450,933.8199999999997,20.43000000000029,2.162086911824549,217.81693587860678,100.74383906001017,0.2541573033707865,0.7844422389656965,0.3957162845181379,15.051996375441195,0.25203076165303917,-0.33511960223670767,0.013245820999145508,13,0.7904953956604004,1365.5768013579327,28.983096855737703,1336.593704502195,5.0951729458693835,rmse_cf
ae8959c3,4518,34.210000000000946,19.76800976672305,1516.841003481102,12.328677909888123,50.49079045453617,7.927185446175745,6645,2127,1443,0.08,2127,684,4518,1072.7200000000012,34.210000000000946,1.9828100529495094,132.06664717918372,66.60579866575182,0.06905710491367861,0.8970979990890481,1.4322209409804498,9.853344237025317,0.6307989766904332,-0.033898998675220615,0.0009621977806091309,3,0.9021810293197632,1548.996503856293,76.71898826159693,1472.277515594696,12.328677909888123,rmse_md_last512
aed44918,2719,16.279999999998836,9.488704385906805,369.6729281176983,22.559065825787023,11.26225805921866,4.699795733572663,4020,1301,602,0.08,1301,699,2719,333.72000000000116,16.279999999998836,3.898477765791668,167.01474201475395,42.84101437752796,0.7006252298639205,0.7470778603625581,0.9720229374686531,14.552882921675984,0.7125110387238469,-0.07445653475585112,0.0,2,0.7604079842567444,380.9697382302876,3.8968567792643025,377.0728814510233,9.488704385906805,rmse_cf
aee6393a,5865,14.039999999999054,4.665683726709421,787.9141907008915,12.812261746478601,6.696253095110115,3.357481787992933,7146,1281,576,0.08,1281,705,5865,369.59000000000015,14.039999999999054,3.466002868042965,417.73504273507086,120.52357099489063,0.4854219948849105,0.7182326602859171,-1.4968877122550652,12.41145393582827,0.4708262350595573,-0.14087677158375406,0.0,19,0.6865861415863037,840.3844074256521,57.31766565467812,783.066741770974,4.665683726709421,rmse_cf
af7a59ce,3024,11.169999999998254,4.115059728297358,633.1810525761425,11.641247800512737,17.2047452526548,2.232365885132166,4330,1306,706,0.08,1306,600,3024,460.40999999999985,11.169999999998254,2.836602158945289,270.72515666969315,95.43994592824914,0.2857142857142857,0.6969703993745047,-0.22864220753733477,16.567315156563744,0.32013158628116367,-0.2129773330165341,0.0,1,0.6325170993804932,632.617677241715,20.971146347491537,611.6465308942235,4.115059728297358,rmse_cf
aff4e561,6026,21.0,10.851934253065428,1544.4746084817502,111.6954088170104,176.60777449319298,5.00062251343858,7723,1697,985,0.08,1697,712,6026,745.2800000000007,21.0,2.2769965650493753,286.95238095238096,126.02231613211,0.354629936939927,0.7986724030388221,5.133106312154546,16.611682110710635,0.1650786780175872,-0.30460804386757157,0.003943204879760742,7,0.8203557729721069,1528.3122597414358,110.23129349656158,1418.0809662448742,10.851934253065428,rmse_cf
b04b58a3,3402,31.44000000000051,13.058667367524363,684.3306187928615,14.317150964230466,12.534706818191234,11.914485324235288,5229,1827,1028,0.08,1827,799,3402,624.4899999999998,31.44000000000051,2.9255872792198443,108.20610687022726,36.98611476704335,0.04879482657260435,0.866652905862716,2.250108136129212,8.897271242279503,0.31952938097940076,-0.07614134116165383,0.0,15,0.8378482460975647,678.5039686736037,19.855533864255094,658.6484348093486,12.534706818191234,rmse_z_lateral
b0d42b0d,4971,32.93000000000029,19.797243019186585,840.9144475924465,40.373023061271056,25.182048276695937,8.458884927035907,6357,1386,723,0.08,1386,663,4971,472.7000000000007,32.93000000000029,2.932092236090539,150.95657455207885,51.48425165279061,0.5608529470931403,0.7179579544578903,1.5273095733560478,22.20312591977425,0.537160353261572,-0.10120142293437595,0.0,3,0.7385233044624329,947.7784823185352,45.196565427971635,902.5819168905635,19.797243019186585,rmse_cf
b0f53bf4,2755,18.679999999998472,9.231328022549082,394.94876041754566,21.573670804315157,7.634455152646994,6.050540303682736,4202,1447,692,0.08,1447,755,2755,361.869999999999,18.679999999998472,3.998673556802178,147.4839400428386,36.88321588341525,0.2754990925589837,0.7912943719955701,4.588726649341447,15.652333344615384,0.3581673217306519,-0.12003526389448638,0.0,20,0.8046894669532776,419.878322576691,30.231827040438013,389.646495536253,7.634455152646994,rmse_z_lateral
b19b0395,5813,25.81000000000131,10.045237735851847,1313.0118236083747,29.916852571468976,72.81274282791102,5.951098969752982,7196,1383,758,0.08,1383,625,5813,518.3700000000008,25.81000000000131,2.6679784709763257,225.22278186748179,84.41701622317188,0.037674178565284704,0.8311624957376971,-1.3026108106404142,9.612057732817645,0.43283363714614453,-0.3362644924536925,0.01273965835571289,67,0.84788578748703,1170.7498151042967,66.44881246174376,1104.301002642553,10.045237735851847,rmse_cf
b1efb8a4,5998,19.3799999999992,8.506706925766984,1343.2640099691212,9.009183278685025,11.201390346887063,6.599188605558679,7562,1564,896,0.08,1564,668,5998,626.2399999999998,19.3799999999992,2.4974450689831382,309.4943240454204,123.92437691189515,0.051683894631543846,0.8196779610007409,1.4404713352182066,15.265184192369611,0.47828793322936364,-0.26409326113435033,0.0020287632942199707,22,0.7883410453796387,1349.2319137896704,31.160855466858216,1318.0710583228122,8.506706925766984,rmse_cf
b32902c0,3808,27.93000000000029,5.155416417213564,1092.6726425230022,62.455958510490014,50.66470006585982,5.0345722673730275,5737,1929,1172,0.08,1929,757,3808,864.3400000000001,27.93000000000029,2.231760649744313,136.3408521303244,61.09116232779919,0.5428046218487395,0.8815407826915553,-1.9357961007449136,13.647916683088097,0.5659184412443332,-0.15244556855313351,0.000245511531829834,21,0.8658012747764587,1101.3092599562738,63.51456676359267,1037.794693192681,5.155416417213564,rmse_cf
b32e4903,5770,22.459999999999127,5.863958705383137,1628.9784602726456,11.496386875354965,9.905455539807049,5.746081123763197,7420,1650,937,0.08,1650,713,5770,751.7799999999988,22.459999999999127,2.1947910292904873,256.90115761354514,117.05039531558222,0.04072790294627383,0.7487394348816001,4.493611725559641,15.510470405647698,0.489381103487024,-0.08723046587176608,0.00018149614334106445,14,0.7294037938117981,1550.8229003124845,14.771569265313463,1536.051331047171,5.863958705383137,rmse_cf
b3388334,6080,57.960000000000946,14.23010661853958,1850.2015714489667,112.85737252782337,17.613223725847536,12.52414373330264,7807,1727,1088,0.08,1727,639,6080,839.0900000000001,57.960000000000946,2.058182078203768,104.89993098688579,50.96727451753678,0.2455592105263158,0.8588857969069663,0.6916709411931717,11.881060187488659,0.26511504611097136,-0.24588163498619064,8.928775787353516e-05,5,0.8748737573623657,1921.6501411056315,86.9264137810516,1834.7237273245798,14.23010661853958,rmse_cf
b37fd114,8161,53.150000000001455,24.97877020046922,1482.3353592060014,153.13494805526358,109.17155457972518,13.901611959867484,9786,1625,1015,0.08,1625,610,8161,557.4300000000003,53.150000000001455,2.915164235868179,153.54656632172674,52.67166920905858,0.08148511211861291,0.7798216165646438,0.0753331140599221,15.085551872581306,0.5144666284584618,-0.060903776100907026,0.0021958351135253906,17,0.7760372757911682,1470.7666995287323,107.11399425333315,1363.652705275399,24.97877020046922,rmse_cf
b38e3116,6211,24.770000000000437,6.404438939196513,1765.1084588654805,7.755707416670514,5.710653940334468,5.505210932340406,7954,1743,1019,0.08,1743,724,6211,784.8600000000024,24.770000000000437,2.220778227964216,250.74687121517525,112.90946032239991,0.055385606182579296,0.8457215006887208,-0.23592485098508506,11.629607000293428,0.2564701698850629,-0.31610499394735525,0.00027316808700561523,14,0.8000370264053345,1703.776768851102,28.266419277403635,1675.5103495736982,5.710653940334468,rmse_z_lateral
b4d8dd4f,4259,54.69999999999891,17.098418824477594,1281.9215940464521,109.88589180819955,52.574306565541164,17.06555616370083,5909,1650,1311,0.08,1650,339,4259,778.3199999999997,54.69999999999891,2.11995066296639,77.86106032906919,36.727769985043096,0.09673632308053534,0.8396557519414339,-1.4473361061190484,17.168715818359633,0.19997267487946893,-0.2630156464225525,0.000713050365447998,6,0.8429976105690002,1434.0691450347572,58.090724769260824,1375.9784202654964,17.098418824477594,rmse_cf
b4f37e6e,2992,34.960000000000946,14.94895263643877,599.254161774684,35.21132617649819,9.747131225657606,9.473428442763334,4499,1507,850,0.08,1507,657,2992,516.5499999999993,34.960000000000946,2.9174329687348797,85.58352402745764,29.335215219895943,0.35093582887700536,0.8170915705599008,-2.5460428486112687,17.55837796607565,0.4425580263511559,-0.16892266978516018,0.002305328845977783,12,0.8171212673187256,677.5828146071201,33.64623695661165,643.9365776505084,9.747131225657606,rmse_z_lateral
b56bc0aa,5602,15.239999999999782,8.788528154094545,1673.4837505208143,9.883660853588843,54.32836701526291,3.8486592323274285,7431,1829,1104,0.08,1829,725,5602,862.1000000000004,15.239999999999782,2.1215636237095454,367.5853018372756,173.2615028506919,0.22438414851838628,0.7655675748196729,2.222281868314854,18.63036265473514,0.18221536845317132,-0.22828055411594828,0.002609074115753174,23,0.7611710429191589,1846.168707311448,17.80315728479445,1828.3655500266536,8.788528154094545,rmse_cf
b585b4fa,4294,36.73999999999978,9.973817813617734,1250.5381720520204,22.941414336226384,13.10792525082366,9.067215161526855,5999,1705,1034,0.08,1705,671,4294,771.369999999999,36.73999999999978,2.210353008283965,116.87534022863434,52.87632327986015,0.11830461108523521,0.8233365999340917,-2.339695089373862,12.322012273942548,0.3036907760304748,-0.2970579491199742,5.602836608886719e-05,31,0.8570071458816528,1327.082727839728,27.76243680253844,1299.3202910371897,9.973817813617734,rmse_cf
b5aa9634,7326,37.06000000000131,11.47866217552782,1022.2982728250239,48.820970815533855,41.153790363907866,9.106735475458713,8747,1421,689,0.08,1421,732,7326,392.7600000000002,37.06000000000131,3.6179855382421815,197.67943874796927,54.637984773154436,0.042042042042042045,0.7753017116889539,4.4989970012223095,13.182211334494664,0.17110611386315216,-0.44157884198611824,0.00039130449295043945,24,0.7711076736450195,994.7336776431908,9.709509092883124,985.0241685503078,11.47866217552782,rmse_cf
b7974e66,5558,19.149999999999636,6.972963992749996,1018.4738893484997,69.61394665495459,30.662846773170365,6.853003389611315,7170,1612,791,0.08,1612,821,5558,552.3199999999997,19.149999999999636,2.918597914252609,290.23498694517525,99.44329279749324,0.5273479668945664,0.8114010579699484,-5.409636431525722,12.17976048218871,0.5122585764569818,-0.13138074805600908,0.0,3,0.8197741508483887,1036.283693353098,21.530973886353767,1014.7527194667442,6.972963992749996,rmse_cf
b7cdcecb,6168,25.409999999999854,9.274351431311539,1376.9323054746185,113.88268300738449,69.76382465623858,5.674846009888074,7620,1452,842,0.08,1452,610,6168,578.2199999999993,25.409999999999854,2.5111549237314543,242.73907910271686,96.66431840135867,0.425745784695201,0.7677633834582506,0.33273149367304933,14.802485544375461,0.23624329826600052,-0.11989846922991035,0.004768073558807373,16,0.7541995048522949,1302.8971965561125,69.16030008228867,1233.736896473824,9.274351431311539,rmse_cf
b7fea9ef,3866,18.30999999999949,11.148074644872509,1163.7781838581511,20.248511011737808,19.776186317887014,4.234070215295447,5575,1709,1216,0.08,1709,493,3866,783.8200000000015,18.30999999999949,2.180347528769356,211.14145275806158,96.83843973131899,0.1404552509053285,0.887279093477363,-0.9184092926220403,9.481561802005965,0.276049445435519,-0.269151990711089,9.799003601074219e-05,5,0.8799989223480225,1136.4220789964895,21.996155927810495,1114.425923068679,11.148074644872509,rmse_cf
b85f7b06,3803,9.959999999999127,3.569865119414346,799.2629551750974,32.508277325874026,59.07118889363803,2.241108566942573,5453,1650,974,0.08,1650,676,3803,595.5799999999999,9.959999999999127,2.7704086772557845,381.82730923698125,137.82345990021895,0.20168288193531422,0.7616280015588387,-1.2946229622741106,14.61839186091082,0.3379637036458143,-0.24874721156210433,0.005349874496459961,11,0.7299259901046753,803.1866110460015,54.70477021345347,748.4818408325481,3.569865119414346,rmse_cf
b881d27e,4009,27.4900000000016,18.785154458691416,966.6390648044054,95.85787331070884,194.269614494334,5.3937611918270605,5442,1433,771,0.08,1433,662,4009,607.7199999999993,27.4900000000016,2.3579938129401725,145.8348490360046,61.847002411835746,0.506610127213769,0.5703652366574776,-2.2288723513093736,17.145302328670038,0.29221782248228434,-0.2889576560045225,0.004262208938598633,41,0.7049679160118103,881.8891133691068,121.35501979256941,760.5340935765373,18.785154458691416,rmse_cf
b8c49c1a,4319,32.13999999999942,8.256954162110757,1383.9194772329404,71.55522142279138,34.040807855382475,8.061768576025631,6254,1935,1286,0.08,1935,649,4319,947.4499999999989,32.13999999999942,2.0423241331996436,134.38083385190038,65.79799536588261,0.22759898124565872,0.8444742288825905,1.5836374894913667,13.70073681595401,0.41026514877056547,-0.046748349448069326,0.003652036190032959,8,0.8330363631248474,1341.0872497467885,81.86065011632523,1259.2265996304634,8.256954162110757,rmse_cf
b95e7121,6306,11.399999999999636,3.4204599760598935,1504.7354842635814,405.2331472370319,13.26125530906652,2.822146177872986,7492,1186,1179,0.08,1186,7,6306,496.6900000000005,11.399999999999636,2.387807284221544,553.1578947368597,231.65935475282558,0.06660323501427212,0.7897843551074055,-2.877938224336791,16.4232947156832,0.2566336125211612,-0.2764696129077026,0.0026338696479797363,5,0.8056831359863281,1501.2359474531254,101.75089472630233,1399.4850527268231,3.4204599760598935,rmse_cf
b977be4a,5917,54.23999999999978,18.57837175934225,1108.7281814111632,65.3503586140087,35.24294043313632,18.576923335132115,7495,1578,874,0.08,1578,704,5917,550.6099999999988,54.23999999999978,2.865912351755332,109.08923303834852,38.06439962182823,0.2467466621598783,0.7509825001754302,-1.1946671783908442,16.47455351601587,0.2923914378635615,-0.3552119571124376,0.0028448104858398438,15,0.7250863313674927,1108.6411373985616,60.00361277957898,1048.6375246189825,18.57837175934225,rmse_cf
ba48188d,4166,104.98999999999978,50.93720227649117,844.0524601789701,46.62764534751736,24.771687840727868,33.533814380264516,5534,1368,634,0.08,1368,734,4166,496.8199999999979,104.98999999999978,2.753512338472698,39.67996952090684,14.410674310947991,0.17690830532885263,0.6895823263359332,5.5755902768765315,15.325138064039137,0.1912725381586416,-0.3018962961787218,0.01494455337524414,32,0.6409118175506592,820.6444562001114,41.57342907066571,779.0710271294457,24.771687840727868,rmse_z_lateral
bb2cdd83,3825,12.640000000001237,3.017674077265869,1144.667193701304,33.08007098196651,9.21877600257316,2.9896494400030798,5665,1840,1095,0.08,1840,745,3825,836.3099999999995,12.640000000001237,2.2001410960050714,302.6107594936413,137.54152406093857,0.14431372549019608,0.7820389529920613,1.8000728060415672,12.844625236371911,0.4190969590951671,-0.11869437121386939,0.00608593225479126,35,0.7634928226470947,1213.2195135157667,5.739657133291413,1207.4798563824754,3.017674077265869,rmse_cf
bb337fa0,6873,36.93000000000029,24.083821271230853,1586.4348689649635,16.873410186285554,87.50409049021654,8.638430403660985,8216,1343,944,0.08,1343,399,6873,540.2000000000007,36.93000000000029,2.4861162532395378,186.10885458976296,74.8592727098958,0.6688491197439255,0.8823072453008292,1.5584396574930421,11.8351229997748,0.30693084611763327,-0.11638443474069277,9.012222290039062e-05,15,0.8568285703659058,1662.5665284149188,52.052779919925456,1610.5137484949933,16.873410186285554,rmse_md_last512
bb682ebd,4139,35.95000000000073,19.87022580202752,1274.5116658053703,63.35494814244782,64.23344250506386,9.489091680232155,5931,1792,1116,0.08,1792,676,4139,870.2600000000002,35.95000000000073,2.059154735366442,115.13212795549141,55.912324595170745,0.28799226866392846,0.8818367123800488,-7.992926358268126,20.190390553616645,0.3246073476236694,-0.24885668520179682,9.238719940185547e-06,4,0.8847540616989136,1297.2919949660056,57.593485179215385,1239.6985097867903,19.87022580202752,rmse_cf
bc4381e2,4955,20.48999999999978,12.598370947658928,1527.2330793857175,21.538787091089862,13.698666495780815,4.243445690069434,6885,1930,1217,0.08,1930,713,4955,925.0600000000013,20.48999999999978,2.086351155600715,241.82528062469754,115.90823528221917,0.5814328960645813,0.7860184941993943,0.8616071357229845,11.522794007256687,0.523268284140635,-0.06507631196344466,0.0,5,0.7805083990097046,1493.6796581759813,42.041880835853874,1451.6377773401275,12.598370947658928,rmse_cf
bcebcc5f,6258,37.69000000000051,24.241537215571864,1565.7879062247282,35.80645415988794,12.043971846579435,8.0866742022689,7889,1631,1009,0.08,1631,622,6258,704.3799999999992,37.69000000000051,2.3155115136716002,166.0387370655324,71.70715243054542,0.4852988175135826,0.9419642005531087,2.8601951924975393,11.433267798117196,0.0835569639529744,-0.49805734140557856,0.00018709897994995117,12,0.9423943161964417,1607.8249226304822,68.08485984101266,1539.7400627894694,12.043971846579435,rmse_z_lateral
bd2c2f34,9823,24.73999999999978,5.663541608648027,2182.695592639361,172.23037154886856,56.03332757855238,5.613762139500843,11621,1798,1048,0.08,1798,750,9823,715.4300000000003,24.73999999999978,2.513173895419537,397.0493128536818,157.98720238871505,0.6298483151786624,0.8995642937242222,-1.743978457355999,8.722832437668158,0.49880699986736243,-0.23124368907088488,0.0,1,0.8871203064918518,2150.3006046237097,56.72409547715476,2093.576509146555,5.663541608648027,rmse_cf
bd4ae5da,5006,22.299999999999272,14.052431666337634,1577.429319641072,93.85277822603953,80.72890950632706,5.665787818940239,6905,1899,1182,0.08,1899,717,5006,910.7999999999993,22.299999999999272,2.0849802371541517,224.48430493274276,107.66735383504053,0.670994806232521,0.7359172050775962,5.555657601914776,20.214455261191688,0.34275369624528157,-0.19152431881086168,0.0017486214637756348,18,0.7825174331665039,1617.1205012801881,59.01727344145706,1558.103227838731,14.052431666337634,rmse_cf
bd6f0e19,5140,16.23999999999978,10.118149844909517,1239.282430874651,17.77588498272879,30.724509217835394,4.030662810526836,6979,1839,1101,0.08,1839,738,5140,757.880000000001,16.23999999999978,2.426505515385018,316.5024630541914,130.4355011960364,0.2519455252918288,0.8518429228563847,0.4462388711213383,13.264824566883949,0.6642842221238942,0.007306793339437512,0.00039833784103393555,17,0.8644497990608215,1253.4824704984392,77.38284703108869,1176.0996234673505,10.118149844909517,rmse_cf
bd8f847e,4961,24.520000000000437,7.389741905257485,1209.283052993107,156.020719777986,56.441342490733994,6.968821848595173,6161,1200,903,0.08,1200,297,4961,501.5500000000011,24.520000000000437,2.392582992722555,202.3246329526881,84.5632663811841,0.19854867970167306,0.6691872735043118,-2.2330145072223755,14.137500579712137,0.6305655450081205,-0.18485105537752522,0.0013800859451293945,5,0.6936350464820862,1254.5782846183029,16.438830573314913,1238.139454044988,7.389741905257485,rmse_cf
be063506,4500,16.4900000000016,9.685884513043288,1281.9585957692707,33.147281281394996,29.512695223614866,3.482669476415412,6539,2039,1257,0.08,2039,782,4500,902.3199999999997,16.4900000000016,2.259730472559625,272.8926622195005,120.76336781456575,0.25,0.7257469240776243,0.5083839093558769,20.61306319749531,0.4159449992918969,-0.11429088259645015,0.012581586837768555,13,0.7712714076042175,1305.5975403940274,10.950200913718838,1294.6473394803086,9.685884513043288,rmse_cf
be35c8f2,4226,17.43000000000211,4.674735185385168,1192.8526573288748,41.999983324019475,23.23475449358853,4.592810980793654,5898,1672,986,0.08,1672,686,4226,749.6100000000006,17.43000000000211,2.2304931897920235,242.4555364314107,108.7004154691088,0.375769048745859,0.7988768483895141,-1.8773686627502735,15.617905872124307,0.4757101916814459,-0.15899865628163967,0.005078375339508057,3,0.7816022038459778,1205.6118132344227,42.46093309886353,1163.1508801355592,4.674735185385168,rmse_cf
be83e781,3221,15.639999999999418,3.1537973198868037,695.3884360796052,6.882273455369397,25.340310689858626,2.7036905865123493,4776,1555,797,0.08,1555,758,3221,561.0100000000002,15.639999999999418,2.771786599169354,205.94629156010996,74.30091898915583,0.5209562247749147,0.5714160822526329,-0.045995470469671416,18.465831769013114,0.3846990880755694,-0.2606679850824656,0.004942595958709717,51,0.6038993000984192,631.4392843276071,17.850019099607287,613.5892652279998,3.1537973198868037,rmse_cf
beda8696,5912,48.94999999999891,9.819955216289504,1411.4583726066617,25.633185691201813,9.841540445269356,9.348426948202114,7868,1956,968,0.08,1956,988,5912,806.039999999999,48.94999999999891,2.426678576745574,120.77630234933875,49.770209992669166,0.5267253044654939,0.7212745742320317,1.536841235772548,16.687957734222444,0.23828592906112384,-0.35474603706021074,0.03169596195220947,17,0.7083902955055237,1343.3558934323196,18.672671644011263,1324.6832217883084,9.819955216289504,rmse_cf
bf39bc20,3303,33.82000000000153,8.401808199266226,772.5107094614837,13.418831815838827,8.735323381989195,8.400668041341456,5047,1744,952,0.08,1744,792,3303,653.3799999999992,33.82000000000153,2.669197098166461,97.66410408042137,36.5893189931569,0.6164093248561914,0.7730941056718785,-7.527237184977495,21.378073905556896,0.35218346673976886,-0.03647003160655471,0.003908812999725342,29,0.7766244411468506,829.0434462976426,7.090773007833064,821.9526732898096,8.401808199266226,rmse_cf
bf70b410,6347,48.17999999999847,18.920279724233612,1611.7687888443336,60.83940819489349,27.51186538578986,14.406812548994687,8000,1653,880,0.08,1653,773,6347,706.2700000000004,48.17999999999847,2.3404646948051013,131.73515981735576,56.28589916769747,0.41988340948479597,0.6787550036591253,-0.8374521922735253,15.551562537285081,0.24086091298896084,-0.4451867412249736,0.004257142543792725,26,0.7049259543418884,1572.662403295813,30.73368691986115,1541.9287163759518,18.920279724233612,rmse_cf
bffe3082,5723,37.81999999999789,16.598918029974968,1316.8893559388525,47.89667932867877,79.20722481481263,13.3276237549016,7186,1463,784,0.08,1463,679,5723,566.4700000000012,37.81999999999789,2.5826610411848767,151.32205182443997,58.59152610867442,0.3110256858291106,0.7553630228723915,4.778414494346317,18.777107411448164,0.40898810721691414,-0.24844294020277724,0.0,23,0.786492109298706,1367.2399057843638,31.328568878574245,1335.9113369057895,16.598918029974968,rmse_cf
c03b9305,4255,22.1200000000008,7.1171172090817905,1286.8055617705502,37.21423910283291,66.26847857742474,6.235294295820719,6067,1812,1033,0.08,1812,779,4255,861.2900000000009,22.1200000000008,2.103821012667044,192.35985533453191,91.43356501163309,0.5163337250293772,0.44497979498595175,-12.475125921595641,21.67545950486471,0.24148687858028453,-0.1850404641750992,0.013233482837677002,14,0.4294873774051666,1335.869469891758,85.43798073357203,1250.431489158186,7.1171172090817905,rmse_cf
c03d4aed,4641,28.69000000000051,12.583094329136486,1155.0597363015809,20.373096786263844,23.96774031834614,8.472322419295637,6375,1734,1031,0.08,1734,703,4641,715.9300000000021,28.69000000000051,2.422024499601909,161.7636807249884,66.78862280359937,0.18444300797241975,0.7622133182981637,-2.086584309982671,10.930434542709987,0.23599074678246523,-0.025658760292519567,0.004952967166900635,9,0.7747038006782532,1159.0361509940005,23.205871524679925,1135.8302794693207,12.583094329136486,rmse_cf
c03fba65,3699,35.090000000000146,22.739971638302574,1230.7044213332317,67.41840173717462,33.472630548179964,9.675759165239295,5669,1970,1172,0.08,1970,798,3699,966.5799999999999,35.090000000000146,2.038113761923483,105.41464804787645,51.72167030970376,0.5114895917815626,0.8766655016965059,1.6936376182111448,13.682900913272338,0.4498523715510781,-0.03248735369997996,0.0,1,0.8870651125907898,1206.7083967839653,64.0590738048216,1142.6493229791438,22.739971638302574,rmse_cf
c07fd0cd,4191,14.980000000001382,4.052934357090802,1162.7829203798228,12.46894550415933,31.09370116950049,3.971038692427787,6035,1844,1231,0.08,1844,613,4191,813.0400000000009,14.980000000001382,2.2680310931811447,279.7730307075843,123.35502434191682,0.48484848484848486,0.8832191433873479,-3.5942972026137707,14.071526461582971,0.27541948864468413,-0.34802295481571277,0.00010842084884643555,3,0.8709442019462585,1095.585654180153,27.389596085926524,1068.1960580942264,4.052934357090802,rmse_cf
c1708b88,6315,37.97999999999956,18.304767828554887,1841.279694924488,140.19486046919903,127.21071157885187,10.758911418230927,7960,1645,1029,0.08,1645,616,6315,780.1299999999992,37.97999999999956,2.108622921820724,166.27172195892766,78.85322702238183,0.6406967537608868,0.82962440696265,-0.5211900904385157,13.46986522251366,0.3322357187759173,-0.18814394722216732,0.0015596747398376465,3,0.8436430096626282,1744.8808166124456,33.74792724294937,1711.1328893694963,18.304767828554887,rmse_cf
c1d046f4,5513,21.3700000000008,7.700112298091984,904.4133175859189,201.81240231541915,201.36984925538033,6.417919537730853,6917,1404,747,0.08,1404,657,5513,452.1799999999985,21.3700000000008,3.1049582024857463,257.9784744969487,83.08597336042014,0.014511155450752766,0.846723591926718,-4.3588632302579775,12.410969776458685,0.17505522812208185,-0.3176061413941691,0.0,50,0.8679646849632263,913.4060817360571,217.4106202028421,695.995461533215,7.700112298091984,rmse_cf
c2717d4f,4721,21.459999999999127,8.452559650622254,1494.684325831523,10.70170330007743,28.21626722157623,6.535029011605279,6682,1961,1261,0.08,1961,700,4721,963.5699999999997,21.459999999999127,2.0351401558786604,219.99068033551688,108.09608355476487,0.03240838805337852,0.8886888754447339,-0.4361926637015013,12.62286101170408,0.3770938608561046,-0.061177422892226996,0.00015103816986083984,20,0.9062182307243347,1564.5724996013844,33.32279842214975,1531.2497011792345,8.452559650622254,rmse_cf
c2c4db09,6039,28.910000000001673,9.028322821306517,1362.6823940004836,8.863101643427163,10.55326705796487,8.432665283138183,7851,1812,1165,0.08,1812,647,6039,688.9300000000003,28.910000000001673,2.6301656191485336,208.88965755792634,79.42072394116018,0.23381354528895512,0.863867706401831,0.41065595661762033,14.040166351248034,0.4181081190175669,-0.16078568544972532,0.000361025333404541,21,0.894793689250946,1338.3424918856952,7.778562985643834,1330.5639289000512,8.863101643427163,rmse_md_last512
c2c6fc71,7119,24.229999999999563,11.767462410523247,1812.6802667751435,39.42645116476007,23.31802211759889,6.735361448120567,8840,1721,1072,0.08,1721,649,7119,738.9299999999985,24.229999999999563,2.3290433464604274,293.8093272802364,126.15021859801547,0.3833403567916842,0.9572322593008026,-3.944637532662652,10.391298393814967,0.11453618017077315,-0.509544263910881,0.0019245147705078125,14,0.9587945342063904,1809.8774760495542,5.524286893966362,1804.3531891555879,11.767462410523247,rmse_cf
c36625df,4742,20.3700000000008,8.003204999077816,1482.9419437357142,69.71229758598184,42.515425810204135,3.7411379087419343,6386,1644,1027,0.08,1644,617,4742,800.3100000000013,20.3700000000008,2.0542039959515654,232.79332351496384,113.32531918629016,0.7692956558414171,0.7935837111292359,6.008947379552644,22.317038593191626,0.6381710893967214,-0.13208963353827774,0.01653146743774414,20,0.8012787103652954,1528.3233788590526,69.81944895649573,1458.5039299025568,8.003204999077816,rmse_cf
c3957531,5316,45.6100000000024,12.518722274768233,1703.5141255691888,18.442838444223938,60.36362660376238,12.429769305376698,7254,1938,1228,0.08,1938,710,5316,924.4599999999991,45.6100000000024,2.096358955498347,116.55338741503442,55.5980105932418,0.03781038374717833,0.7659763988534227,-1.1097498816890297,15.461603007292219,0.3946685790349958,-0.24877833554299195,0.0,3,0.7570235729217529,1669.5136311996537,64.22702731252153,1605.286603887132,12.518722274768233,rmse_cf
c42fe306,5095,30.709999999999127,11.279308916635767,1427.3680747763135,44.54388755806781,45.95924272008345,9.52338898197231,7023,1928,1163,0.08,1928,765,5095,899.6999999999989,30.709999999999127,2.1429365344003584,165.90687072615256,77.4203379628212,0.5952894995093229,0.7487278965243984,2.5592527735044674,13.578582256548849,0.28355735985401165,-0.2751111649859822,0.00027126073837280273,2,0.7656500935554504,1290.8592039190717,120.05475265429745,1170.8044512647741,11.279308916635767,rmse_cf
c43812e2,5527,21.390000000001237,7.016864008504025,1695.2327993026124,44.91253990950136,63.63103601054506,5.784297109771027,7293,1766,1075,0.08,1766,691,5527,849.7999999999993,21.390000000001237,2.078136032007533,258.39177185599254,124.3382376688688,0.6205898317351185,0.7592388772389633,1.9365383328601296,15.736095681367928,0.5966009404408907,-0.08936066874092174,0.01460719108581543,4,0.7899972796440125,1657.97892846794,25.61113737731045,1632.3677910906297,7.016864008504025,rmse_cf
c472c0b5,3054,14.3700000000008,8.28128095427446,1029.3829377290788,26.8646363906177,62.41351683286284,3.859219096250821,4867,1813,1157,0.08,1813,656,3054,892.4699999999993,14.3700000000008,2.03144083274508,212.5260960333911,104.61840315880883,0.031106745252128355,0.948227243611579,1.490623885338802,7.548340612274471,0.4452788175823338,-0.12810218998863132,0.0,2,0.9527634978294373,1061.7878058895772,40.014238690205396,1021.7735671993718,8.28128095427446,rmse_cf
c47e0767,4356,31.729999999999563,21.47720905393819,1090.3073797479701,30.985598623808905,68.98650381019044,9.479386728290493,6099,1743,1069,0.08,1743,674,4356,739.0400000000009,31.729999999999563,2.358465035722015,137.28332808068262,58.208761207543205,0.14830119375573922,0.8598359165845935,1.3258010945871543,12.989972777614069,0.4833701517953719,-0.1504242600681096,0.002528071403503418,17,0.8793945908546448,1203.602228939297,15.300224439091185,1188.3020045002058,21.47720905393819,rmse_cf
c50b42f6,6014,29.94000000000051,8.604265674370385,1789.957988589507,41.4608024655057,34.65352194097771,7.778419524485267,7920,1906,1266,0.08,1906,640,6014,892.2399999999998,29.94000000000051,2.1361965390477904,200.86840347361047,94.03086270477134,0.18407050216162288,0.8053894707744087,-1.8431107785780498,15.45944261446849,0.3796126852265623,-0.08353844137660088,0.01954132318496704,11,0.8158968091011047,1743.9909087432038,32.58211580046273,1711.408792942741,8.604265674370385,rmse_cf
c593337f,5208,48.349999999998545,23.822334034025907,1040.3827458401781,30.874529092611738,8.820288555465599,17.73730405505338,7118,1910,972,0.08,1910,938,5208,670.1100000000006,48.349999999998545,2.850278312515853,107.71458117890707,37.7908994731924,0.30913978494623656,0.7217979589343503,1.1242257685564077,14.465002642296461,0.42688079469521534,-0.11152532720877573,0.004153013229370117,8,0.7753508687019348,1060.1174474039763,43.07523976400081,1017.0422076399755,8.820288555465599,rmse_z_lateral
c59b6c4a,5499,40.909999999999854,20.952603428128082,1705.4388079132063,21.598486073377682,38.12940760038412,10.115357492807352,7460,1961,1244,0.08,1961,717,5499,933.0799999999999,40.909999999999854,2.1016418742230036,134.41701295526815,63.958096098063024,0.149118021458447,0.8341467382354978,-3.4706220418590887,16.99114997655457,0.2644453604484227,-0.09159831675137725,0.010832250118255615,7,0.8309869170188904,1693.759043232759,24.194663535457856,1669.564379697301,20.952603428128082,rmse_cf
c66be2b8,4154,48.149999999999636,22.226756512262092,1231.2408664787772,13.229302082241226,27.672716245699927,16.444367298405233,6207,2053,1175,0.08,2053,878,4154,907.1000000000022,48.149999999999636,2.2632565318046467,86.272066458983,38.118554059884886,0.29537794896485314,0.8351711940999449,-3.466128116057032,15.249149338605587,0.45102653731264775,-0.08465629226990379,0.0010759830474853516,31,0.8314021229743958,1331.7074980395537,90.32235605314858,1241.3851419864052,13.229302082241226,rmse_md_last512
c6797dd7,4664,22.019999999998618,5.82900989050451,1987.6951757418183,468.41179887707074,36.66817502113256,5.749645376433337,6281,1617,1595,0.08,1617,22,4664,1029.590000000002,22.019999999998618,1.5705280742819927,211.80744777476352,134.86384054076635,0.149442538593482,0.9221751140964372,0.856664638737352,10.271045157392264,0.24627531293481922,-0.28097412398590227,6.538629531860352e-05,11,0.9305155277252197,1973.4173803621402,134.24444973395177,1839.1729306281884,5.82900989050451,rmse_cf
c6b782a4,4877,25.18000000000029,12.807882966584375,1599.609789606099,46.545649082547456,16.09934606706629,7.166498467106225,6675,1798,1068,0.08,1798,730,4877,893.3299999999999,25.18000000000029,2.012694077216706,193.68546465448546,96.23194446039571,0.2731187205249129,0.9125412650677143,0.6361301302920762,9.07717211669328,0.26144050485947706,-0.2853448920315988,0.0034620165824890137,6,0.9109644889831543,1583.038446714168,78.83959960800793,1504.19884710616,12.807882966584375,rmse_cf
c6c96179,4004,18.709999999999127,8.772647918302802,1180.6873096382471,16.10244095771015,15.044687107410686,4.697759283011484,5813,1809,1141,0.08,1809,668,4004,827.2199999999993,18.709999999999127,2.186842677884966,214.00320684127135,97.85944320798029,0.3821178821178821,0.8553136978643503,-0.7362000374286353,12.603308675038878,0.4589484912191088,-0.048540710758885386,0.0006909370422363281,45,0.8472617268562317,1153.4097541020903,11.226895758202515,1142.1828583438878,8.772647918302802,rmse_cf
c70c0e01,4312,26.920000000000073,8.964901066736223,1161.4057691421717,11.320306926352538,37.67296915016444,7.115558416812626,6057,1745,1130,0.08,1745,615,4312,747.6499999999978,26.920000000000073,2.333979803383943,160.1783060921244,68.62883126061688,0.7003710575139147,0.5555203681389065,1.5613242868405757,17.806465662068355,0.4058983196054731,-0.04594788397204547,0.00035631656646728516,7,0.5631202459335327,1088.6970804314426,11.684209240216854,1077.0128711912257,8.964901066736223,rmse_cf
c84c65be,8496,37.029999999998836,9.738388019795911,2203.780680168037,62.94056699679051,22.653160509376274,8.14282598824686,10243,1747,1014,0.08,1747,733,8496,778.2700000000004,37.029999999998836,2.2447222686214285,229.4355927626321,102.21112694869706,0.4393832391713748,0.8564972828490415,-2.69816718518337,10.972200489667458,0.3978875793602061,-0.15929480777798127,0.006313621997833252,7,0.8493267893791199,2073.3224237091276,9.94912464994414,2063.3732990591834,9.738388019795911,rmse_cf
c8d9680c,6281,63.590000000000146,42.77043899776709,1114.3546548237457,152.4874107786862,99.08708544916394,17.32661515395616,7741,1460,734,0.08,1460,726,6281,525.4200000000019,63.590000000000146,2.7787293974344234,98.77339204277379,35.54624359391397,0.38560738735870087,0.7437882824085668,-2.606560390274563,16.389071861223318,0.11738365050412548,-0.45818177956740347,0.00014513731002807617,19,0.7587330937385559,1207.3459118772953,150.25955757060524,1057.08635430669,42.77043899776709,rmse_cf
c908edd0,5293,31.780000000000655,8.765028360555872,1061.0716755052242,54.951781698565206,16.309305358779234,8.431730062756635,6751,1458,726,0.08,1458,732,5293,521.7399999999998,31.780000000000655,2.7944953425077634,166.55129011956862,59.599773735928466,0.048365766106177974,0.8086955086805344,1.2962629365221978,12.711228833965574,0.6083844888856093,0.004343390515535783,0.0012134909629821777,40,0.7648372650146484,1049.4627091636114,11.746513978047174,1037.7161951855642,8.765028360555872,rmse_cf
c9578d27,4487,35.57999999999993,10.306756368182521,1021.9105875712436,13.46516391189474,25.887330010334356,9.835041899433195,6202,1715,941,0.08,1715,774,4487,665.0200000000004,35.57999999999993,2.5788698084268127,126.11017425519981,48.901334159296226,0.5741029641185648,0.7543074781478377,-1.168586530234099,11.73614326760695,0.41265758481884174,-0.27301407025244795,0.0,35,0.7750877737998962,1060.5161907499469,58.97343500365928,1001.5427557462876,10.306756368182521,rmse_cf
c96c018a,6236,24.200000000000728,12.859960619036775,1470.9666865353527,150.47617372406904,36.511784355483655,6.682912857849929,7679,1443,1156,0.08,1443,287,6236,603.8500000000004,24.200000000000728,2.3896663078579103,257.6859504132154,107.83344501526001,0.07456703014753047,0.8769204796486059,-1.4368039410494262,12.212419539080106,0.28769030313018024,-0.21508538622348666,0.002793729305267334,11,0.8549395203590393,1471.131191740213,98.66409402903815,1372.4670977111748,12.859960619036775,rmse_cf
c99f9fae,6361,27.06999999999971,5.40523137400998,1990.3438197753453,9.291328038502972,17.16737358546882,4.001011777761567,8394,2033,1395,0.08,2033,638,6361,998.7900000000009,27.06999999999971,2.035462910121245,234.98337643147647,115.44468595474402,0.038201540638264427,0.832642523372095,-1.5210910883048094,11.714162462142637,0.6021772078073442,-0.19716027050013862,5.662441253662109e-06,7,0.8400238156318665,1937.4431938049902,7.171542761824978,1930.2716510431653,5.40523137400998,rmse_cf
c9e6734f,4735,32.42000000000007,10.310371611471203,1036.1615785343652,69.6005811556239,54.97768253155153,10.303213470089073,6388,1653,960,0.08,1653,693,4735,635.2800000000025,32.42000000000007,2.602002266717028,146.051819864281,56.1305505888571,0.05237592397043295,0.7259118103641112,-1.4907866340105722,13.285741217763396,0.35677185027936575,-0.20430064906242662,0.017217695713043213,5,0.7144391536712646,1021.781441338169,48.35017742499205,973.431263913177,10.310371611471203,rmse_cf
c9e980e8,4359,15.739999999999782,9.741734918381256,1389.435826285244,26.984129459372962,25.536649193219976,6.629121551454879,6262,1903,1180,0.08,1903,723,4359,966.8199999999997,15.739999999999782,1.9683084752073814,276.9377382465096,140.6983416140254,0.14888735948612067,0.8086193001426364,-5.191804900056124,15.776837817820246,0.44415662871700456,-0.16849497631042132,0.0020807981491088867,11,0.8388037085533142,1311.0767372928058,42.612930087657055,1268.4638072051487,9.741734918381256,rmse_cf
c9fedcf3,3517,15.3700000000008,7.471714606706554,922.883918936223,62.441091472147534,29.977033828827732,3.1189337166285,5210,1693,1011,0.08,1693,682,3517,741.4799999999977,15.3700000000008,2.28327129524735,228.82238126218718,100.21690446443357,0.06056297981234006,0.8526779680326374,0.6591851348608863,11.564498131396066,0.4752967293612438,-0.14566294929877133,0.0,2,0.8415971994400024,918.3838113377656,77.05549460131935,841.3283167364463,7.471714606706554,rmse_cf
cad13e8f,4848,24.530000000002474,17.022296131058066,1725.4654210461251,6.473146812176428,12.322798542901527,4.504790258769732,6866,2018,1293,0.08,2018,725,4848,1055.8200000000015,24.530000000002474,1.9113106400712214,197.63554830817412,103.40315392206973,0.04785478547854786,0.8681555394880144,-4.030729290802135,15.738300230756858,0.2343124051453792,-0.39015258449547807,0.003012359142303467,5,0.8610327839851379,1539.4003203524358,31.774450289988057,1507.6258700624478,6.473146812176428,rmse_md_last512
cb34231f,5609,17.889999999999418,5.418906491757253,1804.7145127201834,27.972501200995183,28.785211723314152,5.132717695125147,7510,1901,1196,0.08,1901,705,5609,947.8999999999996,17.889999999999418,2.0054858107395304,313.5271101173942,156.33474365085632,0.10714922446068818,0.8434114564379843,-0.025024183926792568,16.018930436705194,0.2945550489280856,-0.3627103315124097,0.0,4,0.8157798647880554,1655.7794445264294,46.123163388326475,1609.656281138103,5.418906491757253,rmse_cf
cb879f40,6315,28.1200000000008,8.79643766880234,1364.9251607009783,21.506542668926237,30.38706734987687,8.786790749997348,7904,1589,850,0.08,1589,739,6315,581.5699999999997,28.1200000000008,2.732259229327511,224.57325746798793,82.19324691356682,0.3805225653206651,0.9040798081667528,-1.3254208249015718,11.968914735683734,0.21738861758045996,-0.2872470437647146,0.0,15,0.9028390049934387,1336.8650858839928,24.287558699391617,1312.5775271846012,8.79643766880234,rmse_cf
cbb406b5,6328,30.94999999999891,11.364887497962812,1899.6807931852913,112.25639512439541,73.94012121162758,7.457066770299509,8135,1807,1117,0.08,1807,690,6328,878.9000000000015,30.94999999999891,2.0559790647400127,204.4588045234321,99.44595644473976,0.5109039190897599,0.7185779527201901,-0.9950953019578689,17.353211753189246,0.14478120730249558,-0.2312512126621303,0.00291287899017334,40,0.7323480248451233,1936.4569875620361,116.78244809464695,1819.6745394673892,11.364887497962812,rmse_cf
cbe51de1,3963,30.090000000000146,15.022202061672788,880.0465878161571,22.637303125385397,11.301752979428887,9.470841133743592,5362,1399,781,0.08,1399,618,3963,608.0899999999983,30.090000000000146,2.3006462859116312,131.70488534396745,57.246907597435985,0.0464294726217512,0.7960254038601096,-0.6994824729736583,11.797821534465147,0.18310332828090314,-0.24186225445060905,0.0,15,0.7989838123321533,853.3983594261035,14.994760841845448,838.4035985842581,11.301752979428887,rmse_z_lateral
cbe62450,6258,40.51000000000204,18.607063412926227,1310.5429560206026,16.55760969879245,71.22919886642936,10.921026718421139,7858,1600,874,0.08,1600,726,6258,596.1100000000006,40.51000000000204,2.6840683766418922,154.4803752159883,57.5545602937518,0.38031319910514544,0.7504714564118762,-4.467017678558313,19.074431121795815,0.23902331851569442,-0.37967747270881874,0.0009394288063049316,18,0.7119979858398438,1320.7730008606704,42.512440723590245,1278.2605601370801,16.55760969879245,rmse_md_last512
cc08aa63,3274,21.600000000000364,12.988941242217614,833.6862613874272,10.028672009085918,16.655360485095223,6.5163906709012895,5018,1744,986,0.08,1744,758,3274,708.9699999999993,21.600000000000364,2.4599066251040265,151.57407407407152,61.61781611026054,0.47251069028711057,0.7746195096871519,-5.701421208487402,21.191294689613464,0.6824860886524013,-0.0760040646889042,0.0019013285636901855,6,0.7698846459388733,923.4097269379455,26.824028521734075,896.5856984162115,10.028672009085918,rmse_md_last512
cc8a1d57,6638,38.8700000000008,27.55539015081038,1633.8648275249022,21.405278977123164,14.887271621726791,11.727058014890124,8321,1683,862,0.08,1683,821,6638,682.4300000000003,38.8700000000008,2.4661870081913153,170.77437612554317,69.24632055814288,0.17414884001205183,0.7063982960733053,1.8501763019131727,18.783971465596824,0.45232396758811827,-0.3319023458747193,0.0,1,0.7517807483673096,1489.3712243995644,57.68489302418805,1431.6863313753763,14.887271621726791,rmse_z_lateral
ccedb12b,4401,35.77000000000044,10.609060511646556,1077.0090239158421,69.31861794813399,57.830860211452645,8.569488669014605,6427,2026,1263,0.08,2026,763,4401,807.8500000000004,35.77000000000044,2.507891316457262,123.03606374056322,49.05956766673941,0.45557827766416725,0.8040752250460085,0.7710112840655218,15.549727167057767,0.497741625316676,-0.14011777044932583,5.716085433959961e-05,10,0.7999481558799744,1161.434474781449,29.337779671279183,1132.0966951101698,10.609060511646556,rmse_cf
cd7f1687,4232,18.80999999999949,10.573162838089827,1298.7824551084243,17.488997940083546,48.70768225702777,5.799336327721298,5981,1749,1020,0.08,1749,729,4232,828.0799999999999,18.80999999999949,2.11211477151966,224.9867091972416,106.52200923502105,0.7001417769376181,0.8004315730325872,-3.275827191485687,15.043380315989012,0.398638434158495,0.029891043382971383,0.00020837783813476562,7,0.7990442514419556,1253.0887905998184,35.05556213267833,1218.0332284671401,10.573162838089827,rmse_cf
cda7eb37,5973,31.909999999999854,10.042623008757838,1472.8640498227444,50.05487308697428,57.30382819929386,9.412576665498548,7620,1647,930,0.08,1647,717,5973,681.3100000000013,31.909999999999854,2.4174017701193242,187.1827013475408,77.4313577747986,0.17361459902896367,0.7656293697052019,-1.2422113411804196,15.757445161016168,0.5842163044075629,-0.06358421204396425,0.005960702896118164,21,0.7508420348167419,1389.5305408047373,19.621885224689308,1369.908655580048,10.042623008757838,rmse_cf
cdc31d65,4840,27.019999999998618,7.482412321764383,1483.6399991227197,145.9229271967295,30.762097637456005,6.288478386758763,6608,1768,1425,0.08,1768,343,4840,869.5100000000002,27.019999999998618,2.0333291163988907,179.1265729089655,88.09521855773453,0.4493801652892562,0.8926242151882724,-3.1772498526414337,14.864523954994123,0.2341656788816056,-0.2607277637503756,0.0070037841796875,25,0.8818804025650024,1469.8363258097936,47.87584238341152,1421.960483426382,7.482412321764383,rmse_cf
cdc60a53,5878,30.69000000000051,8.315926094659538,1624.119954592201,17.106453602281274,51.266095177035645,8.284207632421607,7631,1753,1043,0.08,1753,710,5878,789.5,30.69000000000051,2.220392653578214,191.528185076569,86.25870058069094,0.5529091527730521,0.9058690566585393,-1.2503958180119632,7.847960877933502,0.4424170951306329,-0.34338544244944724,0.0,36,0.9214019179344177,1626.3110717991624,40.48399884949889,1585.8270729496635,8.315926094659538,rmse_cf
ce55ba43,4104,25.710000000000946,14.30444944852245,664.725805861659,79.63641723939062,28.059846941846004,7.279512023653757,5658,1554,725,0.08,1554,829,4104,481.5600000000013,25.710000000000946,3.2270122103164627,159.62660443406648,49.46575780647958,0.6410818713450293,0.8278746846851425,0.7328147192763557,12.891523557390391,0.4506912985014837,-0.07010833414554929,0.0,22,0.8467032313346863,686.4061131149424,30.135844698326387,656.270268416616,14.30444944852245,rmse_cf
ce8399b7,1615,8.109999999998763,3.363562739626084,679.5805062903897,37.20009856968497,117.40707700261571,2.034449492532667,3548,1933,1255,0.08,1933,678,1615,967.119999999999,8.109999999998763,1.9987178426668895,199.13686806414876,99.63230617806484,0.03715170278637771,0.875246560289617,4.229447930285124,13.755839230894551,0.3656854151909711,-0.21334638265787687,0.017795443534851074,15,0.8698408007621765,607.206323393983,33.853811999857065,573.3525113941259,3.363562739626084,rmse_cf
cf50c9d1,4858,44.42000000000007,31.56819712560828,1467.4790160955492,34.06103244627157,24.207267946156954,10.298137503276893,6634,1776,1036,0.08,1776,740,4858,827.8599999999988,44.42000000000007,2.1452902664701794,109.36515083295795,50.979185680502496,0.161177439275422,0.8561358663027593,1.2432647006306599,9.947640323348491,0.31769641918034985,-0.1244679647144189,0.0,3,0.8705543279647827,1441.0277635005573,46.95236613328259,1394.0753973672747,24.207267946156954,rmse_z_lateral
d00e7eb9,5704,16.57999999999811,7.907003476643952,1657.6511970316426,151.87947907571692,89.32180591488859,4.3139074453650466,7321,1617,1104,0.08,1617,513,5704,761.3799999999992,16.57999999999811,2.12377525020358,344.02895054286193,161.9893397429338,0.48685133239831696,0.8052475036669249,-1.9753922045079737,12.60389226697811,0.053568069715304714,-0.5369195925758969,0.0,2,0.7963152527809143,1624.6040048870789,79.80555238158372,1544.798452505495,7.907003476643952,rmse_cf
d011f41b,2267,21.899999999997817,10.86185548345431,539.2098534509782,26.383152699252452,18.209437740524784,7.045382212138074,3906,1639,977,0.08,1639,662,2267,596.8500000000004,21.899999999997817,2.746083605596044,103.51598173517013,37.69585948666036,0.044993383325981476,0.789089351238161,-3.852485345126,19.155688914309692,0.330091901439165,-0.3303268266245323,0.0,3,0.7861767411231995,530.3087109675139,13.82925543431348,516.4794555332004,10.86185548345431,rmse_cf
d07aed8f,2957,9.569999999999709,5.402411556483793,906.4617237527398,25.04909123339575,5.791205508898101,2.5720024867765607,4709,1752,1126,0.08,1752,626,2957,797.0100000000002,9.569999999999709,2.1982158316708693,308.986415882977,140.56236491032624,0.33040243490023674,0.9446287212220161,-0.4671590981634084,10.972986640128157,0.47376584715262043,-0.273423590618938,0.00011199712753295898,7,0.9371797442436218,908.6101843072009,38.743520916967476,869.8666633902335,5.402411556483793,rmse_cf
d085e611,6191,36.44000000000051,10.083729659420946,1520.882831340618,54.18754733013555,11.906262402673981,9.961423039182144,7852,1661,950,0.08,1661,711,6191,701.9200000000001,36.44000000000051,2.3663665374971505,169.89571899011838,71.79602834048399,0.4811823614924891,0.9223817563068074,1.6988766563855793,9.831958874040192,0.5677780309401073,-0.14317457263183875,3.784894943237305e-05,5,0.9312467575073242,1447.3774631893857,48.415363094139636,1398.9621000952461,10.083729659420946,rmse_cf
d0a0e7b5,3816,17.98999999999978,11.676903707262621,725.2147973341387,60.13067088700602,24.306736379581952,5.228542505758765,5423,1607,842,0.08,1607,765,3816,535.4300000000003,17.98999999999978,3.0013260370169754,212.1178432462505,70.6747086554698,0.1391509433962264,0.7731084294106191,-5.6664163892277335,14.148376333858925,0.46717852168283813,-0.09976721335802952,0.0,9,0.7347400188446045,711.4854364671803,23.237172184934806,688.2482642822455,11.676903707262621,rmse_cf
d0a43760,4041,10.890000000001237,4.249353040412356,905.8297025335961,5.9015060333827885,18.933791420356716,3.6769862339316175,5502,1461,1072,0.08,1461,389,4041,562.5799999999999,10.890000000001237,2.5969639873440227,371.07438016524713,142.88776508786086,0.012620638455827766,0.6672478783189212,-7.9498883217493725,19.75072372821394,0.4094170389014021,-0.1944541856629018,0.02061516046524048,4,0.6750333309173584,885.4902224291186,10.176763669857413,875.3134587592612,4.249353040412356,rmse_cf
d0cb63ae,5223,42.20000000000073,19.937391369771746,1612.5576550383125,53.56479078012118,58.12238336690474,12.15230766027404,6859,1636,960,0.08,1636,676,5223,793.8000000000011,42.20000000000073,2.0609725371630105,123.7677725118462,60.053091576958224,0.36358414704192993,0.9025766659114871,-5.1336953812225055,16.321412575883024,0.49185195650876945,-0.10307890309781742,0.0008702874183654785,21,0.879856526851654,1681.43810440734,31.32056226350491,1650.1175421438352,19.937391369771746,rmse_cf
d114d9c2,6206,23.80999999999949,7.69852853923108,1241.7295450156162,12.824441293631589,18.23426950475789,5.793727452493863,7543,1337,680,0.08,1337,657,6206,485.72999999999956,23.80999999999949,2.752558005476296,260.6467870642643,94.69256834758787,0.4666451820818563,0.7890185099643485,-2.362822429540084,13.522264978851474,0.20372552837785343,-0.05376849111518203,0.0003848075866699219,14,0.7495284080505371,1130.4232269379775,9.284483489036592,1121.1387434489409,7.69852853923108,rmse_cf
d1457cc5,6920,26.269999999998618,8.115732473647405,2817.9297889490335,343.3176482615928,28.85155160903195,8.055162503792905,8443,1523,1198,0.08,1523,325,6920,948.2199999999993,26.269999999998618,1.606167345130878,263.418347925404,164.0042980103916,0.2878612716763006,0.5258530739550459,-17.752643726233405,25.674362463451665,-0.0663325649142145,-0.5410060498520738,0.029995620250701904,14,0.5098865628242493,2890.08858218688,110.468363200519,2779.620218986361,8.115732473647405,rmse_cf
d1ecf309,6168,26.44999999999891,9.37828460834895,2113.2053254514612,69.04438145471939,113.19210699890895,8.301468494038687,7864,1696,1072,0.08,1696,624,6168,916.1800000000003,26.44999999999891,1.8511646183064459,233.19470699433853,125.971890715845,0.5358300907911803,0.8315076647299757,-0.3585298532803064,22.770052065172877,0.18170931462784376,-0.18701324454857807,0.0020377039909362793,23,0.8389800190925598,2096.335572597041,115.34923860458741,1980.9863339924536,9.37828460834895,rmse_cf
d1ee630d,6290,19.19999999999891,12.219780010195931,1351.1929655765782,83.21443642519762,40.19690830460892,4.7378616655813035,7879,1589,938,0.08,1589,651,6290,620.9700000000012,19.19999999999891,2.558899785818956,327.6041666666853,128.0253992290824,0.4271860095389507,0.852257786703924,3.9906913615788366,15.396074394275985,0.478973940495487,-0.19656602851705107,0.0012256503105163574,15,0.8242905735969543,1367.3130987344598,140.5642675262831,1226.7488312081766,12.219780010195931,rmse_cf
d217e0c5,3838,17.919999999998254,5.20363871867946,1111.4708355603996,30.766262576485463,56.753069912561,4.566986712621165,5713,1875,1163,0.08,1875,712,3838,827.1700000000001,17.919999999998254,2.266764993894846,214.174107142878,94.48447797619968,0.1321000521104742,0.825752518350492,0.12150850930249936,14.50885476641062,0.24877082793658656,-0.23317558474932898,0.003978550434112549,18,0.8487166166305542,1030.517698159646,28.334211048598053,1002.183487111048,5.20363871867946,rmse_cf
d24ff243,5641,16.030000000000655,3.584579952704873,1460.3435598537483,92.94457791591807,36.79821556251061,3.569103287616502,7116,1475,1073,0.08,1475,402,5641,608.960000000001,16.030000000000655,2.4221623751970536,351.9026824703537,145.28451357094704,0.2636057436624712,0.8579496161587987,-1.6191761629043702,9.863323449953537,0.46967558463252845,-0.30453417977986486,0.00011134147644042969,51,0.8806263208389282,1383.6148211607508,37.48726704161306,1346.1275541191378,3.584579952704873,rmse_cf
d273674e,3899,18.68000000000029,3.400366201632784,1390.8666806159947,10.836442013983278,3.639077342583136,3.289197749841385,5738,1839,1226,0.08,1839,613,3899,1062.1800000000003,18.68000000000029,1.731344969779133,208.7259100642366,120.55708926157199,0.20671967171069505,0.8789060855930728,-1.0994156625960347,12.470079437181841,0.30333644071990706,-0.1608844413513767,0.00027292966842651367,12,0.9006078839302063,1357.3291402006648,41.80397120799737,1315.5251689926674,3.400366201632784,rmse_cf
d2f3b1ab,5581,47.81999999999971,17.357707330254247,1131.2803426699597,180.6107178771409,71.50638685435251,14.472928928104757,7018,1437,812,0.08,1437,625,5581,526.5299999999988,47.81999999999971,2.729189219987471,116.70849017147708,42.7630628601167,0.23884608493101595,0.8271484803540851,3.3494483357054303,11.064329895831742,0.22635200607449013,-0.5216645441908827,0.011591553688049316,49,0.7867150902748108,1104.8358453891228,144.35423248758818,960.4816129015346,17.357707330254247,rmse_cf
d3df146b,5787,27.649999999999636,11.69933929625434,1355.4944926767419,14.322492497050433,14.539033701662209,6.330539932246576,7252,1465,821,0.08,1465,644,5787,611.4000000000015,27.649999999999636,2.396140006542356,209.29475587703712,87.34663054144765,0.29428028339381374,0.8212929768515487,-2.033198368903622,14.148105059857576,0.3602756039290504,-0.07042620402301247,0.0036951303482055664,4,0.8014833927154541,1426.0092424651873,40.28693819602993,1385.7223042691573,11.69933929625434,rmse_cf
d40f61d5,4039,17.269999999998618,4.553018133859985,1082.03360228083,6.442107713397702,8.445025765990234,4.417156408671917,5880,1841,1181,0.08,1841,660,4039,782.960000000001,17.269999999998618,2.3513334014509013,233.87376954257806,99.46431645902072,0.15424610051993068,0.7465533961802054,-1.2253226599125504,14.255000769394437,0.27232890450435693,-0.3632125356405235,0.0,35,0.7646101713180542,1046.297030409894,3.7690106080400003,1042.528019801854,4.553018133859985,rmse_cf
d41beaf2,4753,32.72999999999956,16.335502961206803,1304.1287575038768,92.00574904038064,188.70372156329537,8.571204593124449,6592,1839,1067,0.08,1839,772,4753,808.3999999999996,32.72999999999956,2.2748639287481454,145.21845401772268,63.83610561605599,0.2852934988428361,0.8951020832804433,-1.0597529987353014,9.246862560714176,0.26477776081274357,-0.18218942645035702,1.2636184692382812e-05,5,0.8985073566436768,1283.600603575412,61.56882610565981,1222.0317774697521,16.335502961206803,rmse_cf
d463e527,4767,31.590000000000146,8.591154291112087,1536.5422826499575,28.3499108048598,40.29822970976457,8.024300206720676,6991,2224,1489,0.08,2224,735,4767,1134.7400000000016,31.590000000000146,1.9599203341734643,150.90218423551687,76.99403981088608,0.05747849800713237,0.6623888397453335,-6.461769794311025,17.49352005067274,0.4644449356609556,-0.21736542777600204,4.9114227294921875e-05,15,0.6555951237678528,1612.8259051926664,6.1997663098539615,1606.6261388828125,8.591154291112087,rmse_cf
d4f60a28,4501,18.779999999998836,6.183126130423007,1602.962576648037,8.854827349896475,6.7129173886246765,5.422322543795491,6435,1934,1282,0.08,1934,652,4501,1009.7999999999993,18.779999999998836,1.915230738760152,239.66986155486043,125.13889668981277,0.37325038880248834,0.8753697647512211,-4.681270056617142,17.918779541268357,0.3016772648171052,-0.4028563940350093,0.00039517879486083984,3,0.8838405609130859,1421.5728183750964,43.23408827230767,1378.3387301027888,6.183126130423007,rmse_cf
d50c649a,4873,18.5,6.81996221614117,1048.042315761168,50.44537337876799,66.94077402317733,4.553583667393325,6548,1675,899,0.08,1675,776,4873,618.869999999999,18.5,2.706545801218354,263.4054054054054,97.32161387656298,0.33182844243792325,0.8071391224460357,-0.6040645129092803,16.659902476061855,0.4418049652083898,-0.07027800248504396,0.0016044974327087402,8,0.8258645534515381,1197.4847673030897,7.0504050427983715,1190.4343622602914,6.81996221614117,rmse_cf
d543916f,4799,27.710000000000946,10.200221672654065,1051.1749003062405,29.581812329954595,17.95751315200247,7.859454991565265,6281,1482,856,0.08,1482,626,4799,558.0299999999988,27.710000000000946,2.6557711950970435,173.18657524358846,65.21140660133567,0.5219837466138779,0.9105726688306585,-1.777126032056321,10.35437788696701,0.33633704316320107,-0.21476664830505515,0.0,1,0.9267480373382568,1029.5424372536434,48.90226359089111,980.6401736627522,10.200221672654065,rmse_cf
d5df0ff5,4032,24.780000000000655,16.351335751344372,712.1410688175484,10.72184485523754,6.746064467990875,5.631760489694578,5490,1458,725,0.08,1458,733,4032,433.6800000000003,24.780000000000655,3.36192584394023,162.71186440677536,48.39840970914293,0.03521825396825397,0.8330757743465551,-2.5273166807624086,7.871010128332059,0.43158596734107757,-0.05487891114807314,0.0,4,0.8576017022132874,700.1307846109028,22.833911373058612,677.2968732378441,6.746064467990875,rmse_z_lateral
d60430e6,2511,19.389999999999418,7.849172504180856,710.2830177297468,20.149913958998468,12.38798767946699,5.3634388519965706,4176,1665,974,0.08,1665,691,2511,699.9799999999996,19.389999999999418,2.37863938969685,129.49974213512508,54.4427804803272,0.4054161688570291,0.22186250555043296,-12.219694508712127,64.64343938224035,0.4610865113677467,-0.12635829542742805,0.006076395511627197,296,0.22022958099842072,704.1495927821346,47.54419171022482,656.6054010719098,7.849172504180856,rmse_cf
d63196fe,4510,32.58999999999833,19.525114489586926,1291.3298679922334,76.92112228113977,6.329677359253638,8.105486790963608,5881,1371,954,0.08,1371,417,4510,606.3799999999992,32.58999999999833,2.2609584748837395,138.38600797791443,61.20678885313467,0.18070953436807094,0.7964268819370409,1.0479273409609535,13.699280312495805,0.40914992140007156,-0.1538814601136329,0.0,11,0.8309456706047058,1118.4307380909981,49.541456979910315,1068.889281111088,6.329677359253638,rmse_z_lateral
d6c320d9,5452,19.920000000000073,11.20598215508914,1072.5163588890364,24.722794778510213,17.278713263768775,5.085017276315152,6946,1494,787,0.08,1494,707,5452,543.6600000000017,19.920000000000073,2.748041055071176,273.6947791164649,99.59632102708015,0.036867204695524576,0.8240275152026294,0.35176204936568645,8.623949883377787,0.41530234369521063,-0.21730212336233373,0.0005800127983093262,46,0.8718125820159912,1057.4526017535622,14.544222075275854,1042.9083796782863,11.20598215508914,rmse_cf
d6dd7330,6193,36.95000000000073,11.822832979899944,1327.3336798695032,83.37143510914012,65.25064644217254,8.739501121577765,7660,1467,803,0.08,1467,664,6193,575.0700000000015,36.95000000000073,2.5509937920600905,167.60487144789926,65.7017951080734,0.06830292265461005,0.8450777571621109,-1.8350692625745701,13.11192107147332,0.6894987194948549,-0.10861205979343314,0.0013591647148132324,26,0.8741036057472229,1312.3724506016874,22.164466427913226,1290.207984173774,11.822832979899944,rmse_cf
d7ba4f9d,6023,15.229999999999563,5.098116159708834,1309.2951728190255,8.66505243875244,54.54729890400756,3.4633246907964663,7771,1748,1028,0.08,1748,720,6023,666.5900000000001,15.229999999999563,2.6223015646799377,395.46946815496864,150.81006451797518,0.3270795284741823,0.673038282099073,-2.7743428174742015,16.038117081397733,0.4153444807940979,-0.2521762465926116,0.00037926435470581055,19,0.701714038848877,1263.1256832469232,29.56039630257207,1233.565286944351,5.098116159708834,rmse_cf
d7eb0be8,5401,56.31999999999971,32.82610912419109,1408.2581892135208,119.55552388906631,93.22680854904527,17.68059702420132,7208,1807,1145,0.08,1807,662,5401,777.6700000000001,56.31999999999971,2.323607699924132,95.8984375000005,41.27135467107106,0.04813923347528235,0.866309205619867,-0.347224420320289,12.90971487386751,0.025910509579083515,-0.6416819521395789,0.003241240978240967,5,0.8730872273445129,1443.891544733475,134.11665154332934,1309.7748931901456,32.82610912419109,rmse_cf
d84b621b,3994,27.06999999999971,21.82037371732548,1173.0425890971874,66.91004502390938,22.25834823243722,5.114652309033175,5746,1752,948,0.08,1752,804,3994,797.2399999999998,27.06999999999971,2.19758165671567,147.54340598448624,67.13898686476699,0.32073109664496746,0.7911934711005898,1.1166907620556952,12.811404263056078,0.3999950243950997,-0.15089560216859665,0.0009257197380065918,33,0.7677565217018127,1118.9716973729137,78.98217396456471,1039.989523408349,21.82037371732548,rmse_cf
d90aa14c,10018,48.81999999999971,11.994352891576652,2126.8476518600205,159.39175259752474,66.09668761123203,9.893064351996246,12141,2123,1085,0.08,2123,1038,10018,824.5499999999993,48.81999999999971,2.5747377357346455,205.20278574354896,79.69851954067035,0.3864044719504891,0.8732693155833565,-2.1301364062582473,10.15615925028652,0.5269284685242495,-0.1942348376878229,0.0006909966468811035,2,0.8781744837760925,2194.985988817993,68.4140857404512,2126.5719030775417,11.994352891576652,rmse_cf
d924e971,3184,68.81000000000131,32.7702837302337,1002.5598153980953,10.578122021991371,10.158675096048494,20.18678518495565,5308,2124,1417,0.08,2124,707,3184,989.2600000000002,68.81000000000131,2.1470594181509406,46.27234413602586,21.55149677966335,0.06469849246231156,0.8406628488473269,1.0005765421642296,13.786961507267012,0.43276809369100233,-0.04630501077203042,0.00268709659576416,9,0.819882333278656,1132.7772426987347,23.5354062167023,1109.2418364820323,10.158675096048494,rmse_z_lateral
d9ae59b2,3648,13.420000000000073,5.0470807715641435,943.8025758191703,10.397036953191783,13.600996518484028,3.066963682221003,5150,1502,795,0.08,1502,707,3648,660.9200000000001,13.420000000000073,2.2725897234158445,271.83308494783756,119.61379660700719,0.43146929824561403,0.6911574180374043,-7.597350194629394,24.12303250195859,0.5711564858909858,-0.07235582205642632,0.0002657175064086914,14,0.7133492231369019,856.2579735604833,6.924751278761137,849.3332222817221,5.0470807715641435,rmse_cf
d9d6d94d,4919,32.5,9.3857291463184,991.3011098533535,52.280444215428176,33.92356845107583,9.385674475975334,6660,1741,1006,0.08,1741,735,4919,592.3299999999999,32.5,2.939239950703156,151.35384615384615,51.49421234480624,0.16243138849359626,0.7092542027668963,-3.2994479808268196,18.022078112485357,0.31656822132132145,-0.3002792380212961,0.0,4,0.7251750230789185,1285.38549764965,5.623683951688073,1279.761813697962,9.3857291463184,rmse_cf
d9eca87b,6373,83.01000000000022,26.443315428754445,1858.0636879388996,26.293767447536464,33.66632624564064,16.260504248832227,7932,1559,908,0.08,1559,651,6373,731.2900000000009,83.01000000000022,2.1318491979925858,76.77388266473899,36.01281119557219,0.5873215126314137,0.6409368642786993,-0.8811312002546977,17.211465382525514,0.3084096236458138,-0.13648176244500565,0.0004202723503112793,23,0.617962658405304,1807.0723334733234,22.627397176771893,1784.4449362965515,26.293767447536464,rmse_md_last512
da2d4d7c,2114,11.969999999999345,3.5771941153487132,385.6599523347184,6.467605676834045,12.166970763060114,3.319763669840062,3567,1453,775,0.08,1453,678,2114,440.96000000000095,11.969999999999345,3.2950834542815604,176.60818713451258,53.59748533987256,0.32024597918637654,0.7333539014669453,0.5374046354799719,14.292772049290024,0.3875500495220292,-0.05134964321535607,0.0037957429885864258,35,0.745510458946228,425.71404734122416,2.412376796834812,423.30167054438937,3.5771941153487132,rmse_cf
da3bfe4e,5549,47.98000000000138,30.20824343453741,1022.6796367580187,10.91867608523714,23.24142044155966,13.37249949469008,7107,1558,755,0.08,1558,803,5549,551.6099999999988,47.98000000000138,2.824459310019767,115.65235514797499,40.946723763269794,0.5846098396107406,0.5895702404888054,0.35373882708155563,19.965902583318652,0.3689010725882455,-0.20963282267874145,0.003058135509490967,15,0.5990612506866455,951.8524484139926,12.626961777318106,939.2254866366745,10.91867608523714,rmse_md_last512
da3cf798,5844,25.639999999999418,16.905110806271015,1620.7989684434353,8.311261438049572,9.362811983285264,5.467027232444858,7591,1747,1067,0.08,1747,680,5844,797.1200000000008,25.639999999999418,2.191639903653149,227.92511700468535,103.99752104566397,0.5174537987679672,0.9007350328387346,-2.1888755042966306,8.79044869410972,0.5210072306962547,-0.03721993926893785,0.00035458803176879883,10,0.9030092358589172,1671.9867772655036,14.294922585037703,1657.691854680466,8.311261438049572,rmse_md_last512
da940160,5132,19.909999999999854,11.224828130654686,1662.8622263483976,60.3623795276021,126.56602414356688,5.344157356506285,6792,1660,1042,0.08,1660,618,5132,857.0600000000013,19.909999999999854,1.9368538958765984,257.7599196383746,133.08175706341305,0.37587685113016367,0.8527359300800772,-1.5839680889110914,14.442892382196852,0.5168681372707199,-0.01771509257332815,0.000588834285736084,18,0.8717721104621887,1587.3541474368503,92.34212601107654,1495.0120214257738,11.224828130654686,rmse_cf
dafc88c3,5572,20.73999999999978,6.877339398362787,939.6221782477434,41.890946411883206,11.58330636074863,4.570982044869498,7187,1615,798,0.08,1615,817,5572,484.6200000000008,20.73999999999978,3.3325079443687784,268.65959498553804,80.61784081850877,0.04971284996410624,0.8116009184362206,1.496872436266255,8.873785878139689,0.44243047272303065,-0.357664805909161,0.0,60,0.8196676969528198,830.8807514846206,25.388345258654628,805.492406225966,6.877339398362787,rmse_cf
dbee6c86,7369,18.590000000000146,4.395928954072107,2163.4359250684665,153.59398695166806,182.39598450699089,3.9044519789190724,9114,1745,1104,0.08,1745,641,7369,852.6499999999996,18.590000000000146,2.046560722453528,396.39591178052405,193.68881041814538,0.05061745148595467,0.8021547170391512,-5.4871585230261966,12.362092681960267,0.53833921988539,-0.1176159239693868,0.0016164779663085938,11,0.847812294960022,2087.0752486405117,154.41070323810578,1932.664545402406,4.395928954072107,rmse_cf
dc5fbe29,5203,28.889999999999418,7.9201039214922035,1925.3645324467727,450.82860430648384,9.555654988658851,6.662206291591399,6555,1352,1149,0.08,1352,203,5203,767.6200000000008,28.889999999999418,1.7612881373596292,180.09691934925942,102.25295653171499,0.36863348068422064,0.9026747085683658,2.66957467791775,12.69330638930293,0.1584926371946379,-0.18881721281094288,0.0007423758506774902,13,0.8944060802459717,1881.5913999713569,7.653988527680457,1873.9374114436764,7.9201039214922035,rmse_cf
dc7da28f,4774,26.43000000000029,10.223244436669471,1369.4612159221138,67.93609478797488,11.861600166380981,8.196919329136879,6672,1898,1220,0.08,1898,678,4774,869.3299999999999,26.43000000000029,2.1832905801019176,180.62807415815163,82.73203567329081,0.0611646418098031,0.9473484798413045,1.2015185744463046,7.479930202546663,0.2925403127306896,-0.17169974264518767,0.0,5,0.9601711630821228,1391.0493179944351,90.20942960800213,1300.839888386433,10.223244436669471,rmse_cf
dc7f9757,4360,18.450000000000728,9.810154572145091,1327.269430197094,49.98248585022207,23.733706825545596,5.931647635089051,6203,1843,1114,0.08,1843,729,4360,853.0500000000011,18.450000000000728,2.1604829728620802,236.3143631436221,109.38034046644987,0.5995412844036697,0.8236402394652129,-4.344403279368281,22.450950705844797,0.40002344878414503,-0.19487674487404177,0.002068758010864258,16,0.8269936442375183,1307.4292791552223,16.39776409262723,1291.031515062595,9.810154572145091,rmse_cf
dd168de0,3304,14.840000000000146,2.9913571830542716,875.2397606940647,41.337577991359964,38.74961051565021,2.9733067070346735,5095,1791,1033,0.08,1791,758,3304,738.4899999999998,14.840000000000146,2.4252190280166293,222.64150943396007,91.80264003455339,0.0847457627118644,0.7759477726713505,-1.2364766276336312,13.164304665306673,0.4209259602967974,-0.21280702561710196,3.069639205932617e-05,22,0.7744215726852417,890.1666031205027,49.43374193546391,840.7328611850388,2.9913571830542716,rmse_cf
dd64382d,3124,15.649999999999636,4.262126959206316,910.1973170397331,27.687867576683065,33.07604111189926,3.2466040685412683,5058,1934,1116,0.08,1934,818,3124,846.2700000000004,15.649999999999636,2.285322651163339,199.616613418535,87.34723445589643,0.6264404609475032,0.8887970472368987,0.13803626250079382,11.728954659113894,0.35232119885988633,-0.11605264692434303,0.0001437067985534668,7,0.8918587565422058,935.9766565054965,27.325651063773904,908.6510054417226,4.262126959206316,rmse_cf
dd6bc5b2,3602,25.1200000000008,11.780956097388067,1288.0745588693185,44.27177144182552,66.5438489931666,8.258419533013749,5764,2162,1521,0.08,2162,641,3602,1105.1500000000015,25.1200000000008,1.9562955254942742,143.39171974521835,73.2975758910399,0.11910049972237646,0.9054358970089921,-5.181276690186519,16.203579500677122,0.34930905644899657,-0.12892110823433833,0.0,11,0.9175309538841248,1240.043365929926,58.64543270743675,1181.3979332224892,11.780956097388067,rmse_cf
dd7d638e,4301,22.700000000000728,6.017680647613085,1097.8110226740534,23.023760878714462,6.160302799153512,5.9586334988808805,6046,1745,1018,0.08,1745,727,4301,769.2199999999993,22.700000000000728,2.268531759444634,189.47136563876046,83.52158388346544,0.3717740060451058,0.8923754237486916,9.119533393867716,21.86673644798044,0.41505851620842654,-0.38556384789943393,9.79304313659668e-05,17,0.89476478099823,1273.5981468836317,29.55562260039253,1244.0425242832391,6.017680647613085,rmse_cf
ddc790ff,4726,15.159999999999854,5.724817380990974,1508.7984210749116,62.10794733940724,102.12402564700571,4.047517187979716,6468,1742,1017,0.08,1742,725,4726,889.289999999999,15.159999999999854,1.9588660616896647,311.7414248021138,159.14381840543712,0.41345746931866273,0.8422609684870782,-2.1215424017329605,16.36440813240211,0.4581578117986324,-0.2252387621860456,0.0136147141456604,22,0.8226163983345032,1356.3026980994798,41.772029686435516,1314.5306684130444,5.724817380990974,rmse_cf
df71d1ff,6228,38.399999999999636,12.742621639442314,1395.361398261397,71.66765066145426,55.0064175152721,11.017207610626318,7879,1651,883,0.08,1651,768,6228,670.3700000000008,38.399999999999636,2.462819040231511,162.18750000000153,65.85441209872874,0.5716120745022479,0.717398706387725,-1.4329920142883208,14.073589312426424,0.28423836795546814,-0.19183686734841282,0.00461423397064209,18,0.7128568887710571,1296.1275948035404,32.3057778958658,1263.8218169076747,12.742621639442314,rmse_cf
df73b8f3,5311,45.51999999999862,15.617554195793542,1410.2714133536385,9.613558929650367,33.83597865672692,12.592692554727765,7150,1839,1109,0.08,1839,730,5311,778.5299999999988,45.51999999999862,2.362144040692077,116.67398945518808,49.39325775451193,0.6558086989267558,0.7455845145041844,0.30445953647880386,14.718917855526254,0.585072228506641,-0.2713268709285859,2.980232238769531e-07,13,0.74308180809021,1267.843638864907,44.16451509095745,1223.6791237739496,9.613558929650367,rmse_md_last512
df8290be,3972,38.69000000000051,13.009724784668556,1040.865838892092,26.738994553554466,21.577091148283323,11.18260529717713,5675,1703,1029,0.08,1703,674,3972,717.5599999999995,38.69000000000051,2.373320697920733,102.66218661152618,43.25676959774908,0.6382175226586103,0.7519949604690369,2.622879620507344,14.090459343102907,0.3663060199650715,-0.11376756883863481,2.1159648895263672e-05,45,0.776231050491333,1068.4356212769012,27.00379235255789,1041.4318289243433,13.009724784668556,rmse_cf
e0079ed1,3471,20.980000000001382,8.069511840769099,782.5203840727063,24.050830269753522,11.278600264601122,4.7309065741796195,5257,1786,1062,0.08,1786,724,3471,600.2000000000007,20.980000000001382,2.9756747750749715,165.44327931362113,55.59857572454396,0.3197925669835782,0.8316392944443404,1.2030295641510662,13.963357473491678,0.49252999937822184,-0.15051992173972895,0.0,12,0.8201211094856262,842.0083192152033,17.485709521512884,824.5226096936905,8.069511840769099,rmse_cf
e03b45fd,5342,75.76000000000022,15.75182643192855,1472.5773043707395,140.25223120973033,109.27071390566877,15.248857321607355,7083,1741,1043,0.08,1741,698,5342,789.4399999999987,75.76000000000022,2.205360762059185,70.51214361140423,31.97306528006138,0.44646199925121677,0.743693620678623,-1.3271415578264072,12.725612540819467,0.16863071615012537,-0.30563092732082175,0.0006826519966125488,7,0.721997857093811,1557.8926652018395,148.8949044335504,1408.997760768289,15.75182643192855,rmse_cf
e0f36d98,4976,29.209999999999127,14.253156162438394,1078.804472222113,34.23152488729604,81.87213596525706,8.91565967464283,6714,1738,1094,0.08,1738,644,4976,654.25,29.209999999999127,2.6564768819258693,170.3526189661126,64.12727327881426,0.49356913183279744,0.9285611739329573,0.5903452122948529,10.34064989822522,0.43004325906028584,-0.22734873519722854,0.0013120770454406738,19,0.9267129302024841,1083.1216847657734,45.33444867027299,1037.7872360955002,14.253156162438394,rmse_cf
e149204f,6097,16.799999999999272,4.546152895643239,1175.2821578987744,78.71071478289664,50.843774875723525,4.532523704962285,7549,1452,740,0.08,1452,712,6097,512.2399999999998,16.799999999999272,2.8346087771357187,362.9166666666824,128.03060146924332,0.5999671969821223,0.8071826501433091,2.5963540486067704,13.72676393333409,0.4705706131968897,-0.22589161484868542,0.0009371042251586914,18,0.8107286691665649,1108.112842767273,68.36111870026049,1039.7517240670124,4.546152895643239,rmse_cf
e14d641e,3184,19.649999999999636,6.820600870242808,907.462706786273,10.2744626711276,18.259382764085284,6.057965609778391,4978,1794,1131,0.08,1794,663,3184,784.4500000000007,19.649999999999636,2.2869526419784543,162.0356234096722,70.8521988760967,0.6557788944723618,0.796052696476302,-0.6020954817530453,11.955754499312219,0.21831193422898487,-0.11842429853614467,5.793571472167969e-05,37,0.7840564250946045,910.970061032915,25.436663487167717,885.5333975457473,6.820600870242808,rmse_cf
e161bd0c,2949,18.290000000000873,4.33499689746737,1064.75494759776,48.751195958834046,37.60452089516426,4.2735762093242,4813,1864,1252,0.08,1864,612,2949,960.1499999999996,18.290000000000873,1.9413633286465664,161.2356478950169,83.05279363004315,0.5395049169209901,0.7948226612466757,-0.33822854069006697,16.072103688982804,0.3234800437825362,-0.11656033912243258,0.005848050117492676,30,0.8170399069786072,1058.9120437301046,39.22882656529781,1019.6832171648068,4.33499689746737,rmse_cf
e201fd6d,5070,40.529999999998836,16.371250707380042,1385.5291748673637,16.280635624298196,24.831492268534554,13.432843807678141,6912,1842,1149,0.08,1842,693,5070,806.7199999999975,40.529999999998836,2.283320111067044,125.09252405625821,54.78536428157672,0.27593688362919133,0.6025072981832345,-0.06079997725231397,21.889581787585048,0.41518536651935634,-0.10136461078826753,0.0055277347564697266,8,0.602043628692627,1464.4760984865031,19.039843660423095,1445.4362548260801,16.280635624298196,rmse_md_last512
e25f1537,3177,30.7400000000016,13.005049007414012,938.9102233984485,14.022156653999115,17.624734728797627,12.402200786800865,5018,1841,1058,0.08,1841,783,3177,807.0,30.7400000000016,2.281288723667906,103.35068314898616,45.30364003326009,0.24394082467736858,0.8841091515683641,-0.11225920621218495,9.219378190416144,0.43001570761063246,-0.05545702661705432,0.0005290508270263672,7,0.8787596225738525,974.4607461590683,15.120202324392375,959.3405438346759,13.005049007414012,rmse_cf
e2fc7745,3692,34.68000000000029,13.341394284804746,1176.0177561756836,46.72433431407516,19.154046904197987,9.213381655237603,5343,1651,1190,0.08,1651,461,3692,790.880000000001,34.68000000000029,2.0875480477442823,106.45905420991836,50.997175526069256,0.06256771397616467,0.8502789400715992,-1.4656181594267093,11.262046156682366,0.1600092602490619,-0.1888504092110128,6.145238876342773e-05,5,0.8522815108299255,1286.0641659122814,15.460616998331275,1270.6035489139501,13.341394284804746,rmse_cf
e32da4ec,4689,32.80999999999767,10.850139553093255,819.0132518299439,24.154984737710095,9.251798313616739,8.093522202766877,6148,1459,737,0.08,1459,722,4689,476.6299999999992,32.80999999999767,3.061074628118252,142.91374580921465,46.68744253944199,0.34250373213904883,0.7781054250829685,-4.844179377112406,12.895919104984657,0.47578663224535184,-0.20195694588207075,0.0,3,0.7524350881576538,847.6322823912565,18.95757280860983,828.6747095826466,9.251798313616739,rmse_z_lateral
e3b34f5b,5455,30.230000000001382,10.347045761247115,1077.8699388923208,7.369908714444782,9.043161934798343,8.871150208634415,7293,1838,1088,0.08,1838,750,5455,640.5300000000007,30.230000000001382,2.8694986963920472,180.4498842209643,62.88550834605788,0.27296058661778183,0.8383240272316257,0.08742331272104073,15.101898202204918,0.25825442023565215,-0.23989037423590576,0.0,12,0.8120116591453552,1111.4930205310088,21.125811853550438,1090.3672086774584,7.369908714444782,rmse_md_last512
e45a2a62,5007,47.960000000000946,19.872920518687707,1154.1001060100477,54.12320182850166,41.79260681443805,14.166393493301513,6697,1690,962,0.08,1690,728,5007,658.8499999999985,47.960000000000946,2.5650755103589646,104.39949958298376,40.700361124407515,0.6425004993009786,0.8386094054110704,0.10203578814972249,10.550860416461447,0.2760771832158242,-0.1555761810792905,0.000110626220703125,30,0.7889482975006104,1188.7069478924025,40.486252066985635,1148.220695825417,19.872920518687707,rmse_cf
e46f4ef4,7195,22.109999999998763,4.926550809338883,1887.159763856263,12.139772600087056,25.961293674087862,4.914878376855828,8930,1735,1085,0.08,1735,650,7195,744.8500000000004,22.109999999998763,2.329328052628045,325.4183627318138,139.7048227554995,0.3879082696316887,0.561999695100093,-3.7250967208443764,23.11566373169686,0.5515729757882741,-0.09356524385435694,0.0001888871192932129,6,0.5454307198524475,1991.5863788453235,128.91659081766267,1862.6697880276608,4.926550809338883,rmse_cf
e4726608,4733,23.590000000001965,6.271487164710907,1046.7337707834274,98.71818241900374,244.37131274346223,4.650944186044618,6268,1535,831,0.08,1535,704,4733,565.5300000000007,23.590000000001965,2.714268031757817,200.6358626536501,73.91895726809047,0.3545320092964293,0.8624405870947768,1.3593279930995696,12.31379633391905,0.5478050023110886,-0.14946551000830888,0.00015109777450561523,5,0.8597360253334045,1133.1037466838857,76.31403268822244,1056.7897139956633,6.271487164710907,rmse_cf
e5864244,4469,52.95999999999913,26.806032670999695,1216.9966588806642,104.67642342460437,66.8369367004987,9.288777678538105,6037,1568,943,0.08,1568,625,4469,727.5900000000001,52.95999999999913,2.1550598551381954,84.38444108761469,39.15642569575101,0.36294473036473485,0.7385334700667301,-5.342865397210529,17.05427906317365,0.5084389308720667,-0.041871369592248575,0.0,8,0.7293804287910461,1090.1045624770063,48.49264555069536,1041.6119169263109,26.806032670999695,rmse_cf
e5c92e59,4295,26.979999999999563,7.71135994039849,1103.4700170460358,43.26739785780685,108.52994078825657,6.138543512148345,5927,1632,921,0.08,1632,711,4295,668.4799999999996,26.979999999999563,2.4413595021541425,159.19199406968383,65.20628933560182,0.38556461001164144,0.8326165921884497,-2.4912999455839806,12.786127680943991,0.5723672559122949,-0.1239949625734561,0.0012439489364624023,16,0.83486407995224,1119.3973407202586,96.85998007617019,1022.5373606440885,7.71135994039849,rmse_cf
e5ff9fd2,2354,16.529999999998836,8.891230852152741,837.5783992391631,53.75292835173524,27.9907814610566,5.254312299802624,4198,1844,1148,0.08,1844,696,2354,906.7600000000002,16.529999999998836,2.0336141867748903,142.40774349668274,70.02692271857488,0.5951571792693288,0.8061278475662524,2.2213460305340615,14.446627549549376,0.6357682687335031,-0.05880777415522509,0.010828375816345215,9,0.7895862460136414,814.629377925153,52.3286113016884,762.3007666234646,8.891230852152741,rmse_cf
e6c55748,4472,30.01000000000022,9.397103554297912,1134.7400419208782,24.91822707314229,38.621087993594045,9.335543692260119,5959,1487,853,0.08,1487,634,4472,629.3199999999997,30.01000000000022,2.3628678573698605,149.01699433522052,63.06615660729047,0.13416815742397137,0.8973217403714672,-0.47695719724271496,7.290893750575965,0.38679200983314865,-0.1416016044972428,0.0003298521041870117,37,0.874774694442749,1130.1868980960887,15.828705830792485,1114.3581922652963,9.397103554297912,rmse_cf
e730c32b,4728,20.0,11.654671854511827,1576.5082794997822,52.43126925322565,54.78698442065063,5.250172761223673,6469,1741,1042,0.08,1741,699,4728,922.0700000000015,20.0,1.8881429826368898,236.4,125.20238253877103,0.6298646362098139,0.7879078418428529,-4.847757785522837,17.186200928230132,0.4731037267745979,-0.10150157626758638,0.0057790279388427734,19,0.778692901134491,1474.2752297009026,42.84460177358421,1431.4306279273185,11.654671854511827,rmse_cf
e737965a,5955,30.399999999999636,9.897022674368223,1360.7765367176496,8.780785440422987,11.03613802511758,9.82795524659124,7694,1739,1008,0.08,1739,731,5955,657.0699999999997,30.399999999999636,2.6465977749707044,195.88815789473918,74.01508447837621,0.6228379513014274,0.6284001231869348,3.5841359291639883,16.177991661680746,0.25339598213952014,-0.06069629434798429,0.07810890674591064,4,0.639115571975708,1393.0644630664399,10.368132141441103,1382.6963309249988,8.780785440422987,rmse_md_last512
e748dd88,4812,19.399999999999636,4.989931749983482,1077.4776950277683,17.96415315187474,7.460695239632949,4.939969225974327,6264,1452,821,0.08,1452,631,4812,557.6100000000006,19.399999999999636,2.603970517028028,248.0412371134067,95.25500979807634,0.03428927680798005,0.8441596005940929,0.6532390473244525,12.079950818465688,0.7664711824993156,-0.027925917162224367,0.0,26,0.8433899879455566,1095.0342534332076,48.55432165362206,1046.4799317795855,4.989931749983482,rmse_cf
e7818f7a,5371,24.399999999999636,6.312633342217896,1344.8976198755208,44.47486328215396,29.869432168616868,4.281125125742435,6829,1458,848,0.08,1458,610,5371,648.710000000001,24.399999999999636,2.247537420418982,220.12295081967542,97.93961551867754,0.2850493390430088,0.8061918360045003,-5.103644211015898,20.18167665791094,0.5133377637562636,-0.14808973858392727,2.282857894897461e-05,16,0.7968794703483582,1296.0239758291323,31.608513864847176,1264.415461964285,6.312633342217896,rmse_cf
e7c36e81,3531,21.579999999999927,7.349841849963589,1046.991864701711,48.571103629429594,120.4688507594105,5.964623905530291,5655,2124,1376,0.08,2124,748,3531,942.7599999999984,21.579999999999927,2.2529593958165424,163.623725671919,72.6261316452251,0.6374964599263665,0.8013315891966591,-3.5859145523084273,19.638803276464706,0.5368280495476003,0.0024355810318252846,0.0009254217147827148,20,0.7811881303787231,1136.9779591260412,48.389630349437624,1088.5883287766037,7.349841849963589,rmse_cf
e7d0c1de,4711,17.070000000001528,6.860255388151551,1234.4344233777333,75.0845860846861,41.39588364592488,3.8823124787246157,6455,1744,1033,0.08,1744,711,4711,762.7199999999993,17.070000000001528,2.2865533878749758,275.9812536613696,120.69748955997684,0.03672256421142008,0.8889132809108542,-0.6957999290140593,11.90246305392209,0.2523859890011127,-0.27210903744068987,0.0,17,0.9058210253715515,1144.576776543811,6.32359704418507,1138.253179499626,6.860255388151551,rmse_cf
e85074c5,5675,17.0099999999984,11.347685731962262,1272.5556695682549,19.20588188282397,12.620410731683863,4.2870881439846364,7236,1561,897,0.08,1561,664,5675,593.4499999999989,17.0099999999984,2.6303816665262496,333.6272780717539,126.83607185886098,0.4437004405286344,0.7152636352401412,-3.6220881747964704,13.64153959563213,0.5494071609016722,-0.21717698764242188,0.0,4,0.6769888997077942,1391.0891432761507,33.91723039466181,1357.1719128814889,11.347685731962262,rmse_cf
e97032ad,3530,16.36999999999898,11.959144677460708,1044.4626721807697,36.41498731373617,94.18852091761958,4.024159189011058,5654,2124,1376,0.08,2124,748,3530,954.0100000000002,16.36999999999898,2.2263917568998224,215.63836285890162,96.85553415773106,0.5464589235127478,0.727807180692742,-2.8936810472322643,22.55675281899098,0.5368280495476003,-0.02036059639174237,0.0017895102500915527,21,0.738540768623352,1126.2356242319654,38.7353493220891,1087.5002749098762,11.959144677460708,rmse_cf
e9949a23,4559,48.68999999999869,11.580872171010277,1454.8768833876084,17.816885600822772,11.327069588182377,10.974648430344265,6407,1848,1118,0.08,1848,730,4559,897.6800000000003,48.68999999999869,2.058640049906425,93.63318956664865,45.4830311743448,0.40930028515025224,0.7661289889560184,1.4996457135690813,18.601949832947007,0.8002112858024759,-0.003933198324118425,0.0030539631843566895,8,0.8158432841300964,1396.17914436378,16.411939931248877,1379.7672044325311,11.327069588182377,rmse_z_lateral
ea0b99b7,9239,27.589999999998327,12.15975654126152,2029.1266716139544,14.758574496312269,64.56089742061799,6.267119175356153,10939,1700,1299,0.08,1700,401,9239,673.1400000000012,27.589999999998327,2.525477612383749,334.86770569048787,132.5957925932326,0.5112025110942743,0.7610929777448119,1.2551813912683694,14.851007115526714,0.2021853518671834,-0.18775314472831778,0.0038933753967285156,21,0.7808574438095093,2225.5761716882375,152.76068128742787,2072.8154904008097,12.15975654126152,rmse_cf
ea3a0e38,10052,33.4900000000016,9.232672132138228,2420.8382015875486,292.86903996130116,516.2350453780562,8.496496148874366,11794,1742,1014,0.08,1742,728,10052,745.2399999999998,33.4900000000016,2.337502012774409,300.14929829798507,128.40600635108515,0.5691404695582969,0.9300942598843153,1.081970757919966,10.29278841534802,0.4581105436014511,-0.08111154285676359,0.0,12,0.9317770600318909,2445.477392416279,177.84863171005244,2267.628760706227,9.232672132138228,rmse_cf
ea41324e,5025,20.539999999999054,5.294230079936561,1099.633979285503,31.685934274018464,30.865354653449874,5.129286473830881,6839,1814,1086,0.08,1814,728,5025,685.3799999999992,20.539999999999054,2.646706936298115,244.64459591042996,92.43357946256356,0.3434825870646766,0.8373724483561951,-0.22351044221079908,13.68870638573028,0.20549590891129232,-0.20151046907852888,0.011414825916290283,20,0.7811880707740784,1108.3708303276157,23.800922562533287,1084.5699077650825,5.294230079936561,rmse_cf
eabc711b,5348,37.1399999999976,11.698478022871637,1556.0085497853881,21.336485634483292,10.309592207391164,10.957395403833154,7314,1966,1241,0.08,1966,725,5348,914.7700000000004,37.1399999999976,2.1491741093389587,143.9956919763152,67.0004776954089,0.43324607329842935,0.7292738347668544,3.7993191016024865,20.06223016187065,0.31375427885420193,-0.17760698544253012,0.007432281970977783,15,0.7127028107643127,1510.0934363214246,7.519903056445825,1502.5735332649788,10.309592207391164,rmse_z_lateral
eac10e86,6067,17.600000000000364,5.617579051148656,1371.9209533035437,6.0039451716922345,29.644254236829205,3.2733839273489376,7501,1434,990,0.08,1434,444,6067,552.4200000000001,17.600000000000364,2.595850982947757,344.71590909090196,132.79495292886756,0.2685017306741388,0.8179193738417696,-1.903882929055511,12.902040302320495,0.5131924539299157,-0.1112257564952791,3.6776065826416016e-05,24,0.8450958132743835,1334.4257913586466,49.83814163845512,1284.5876497201914,5.617579051148656,rmse_cf
eafb863e,3568,36.409999999999854,13.457858083605023,979.7480903235597,12.235830433403933,49.21933327509602,6.530240690862338,5317,1749,1035,0.08,1749,714,3568,760.1099999999988,36.409999999999854,2.300982752496353,97.9950563032138,42.588348911741406,0.33548206278026904,0.7079227939928849,-2.2577591766925584,20.910528110069336,0.5733123614175255,-0.10727516185932306,0.0002872347831726074,20,0.7190322875976562,1015.2180929938154,19.125013467383425,996.093079526432,12.235830433403933,rmse_md_last512
eb06a4e7,4535,30.459999999999127,9.669099026629615,1404.9598292558776,37.85724589654257,12.142713669173094,9.529322710244184,6379,1844,1047,0.08,1844,797,4535,895.1499999999996,30.459999999999127,2.059989945819137,148.88378200919666,72.27403333271819,0.033958103638368244,0.8202395177503,-4.082670583934456,13.986264531062005,0.3534463342558405,-0.27230778167226066,0.006919741630554199,25,0.8355624675750732,1303.6355752459122,12.099619428603964,1291.5359558173081,9.669099026629615,rmse_cf
eb640a35,6037,31.019999999998618,9.969896905690025,1509.0508033276528,52.104159185501906,85.44926633762468,9.616621022925159,7782,1745,1114,0.08,1745,631,6037,732.8899999999994,31.019999999998618,2.380984868124823,194.61637653127883,81.7377628630423,0.5042239522941858,0.9344203908065184,-0.5629015867729917,9.915187699307152,0.2059824723774799,-0.21965311031425616,0.00018894672393798828,12,0.9250285625457764,1440.289404968271,70.96291180816274,1369.3264931601082,9.969896905690025,rmse_cf
eb934281,5971,10.1299999999992,3.1374200876783114,1646.6399976589644,53.83131653055008,43.02636632082545,2.6672524274839238,7812,1841,1135,0.08,1841,706,5971,819.3299999999999,10.1299999999992,2.246957880219204,589.4373149062657,262.32681978389496,0.17300284709428906,0.9539783155638196,-2.5416259633556337,10.82192494482821,0.36514713607185745,-0.13112703682599736,3.7729740142822266e-05,1,0.9491745233535767,1669.959743492454,34.36914528254989,1635.590598209904,3.1374200876783114,rmse_cf
eba6605e,4410,26.599999999998545,15.631712662756936,1532.632840882279,608.3224815761415,53.262103365724556,9.050346327672727,5719,1309,1194,0.08,1309,115,4410,738.2399999999998,26.599999999998545,1.773136107498917,165.7894736842196,93.50070363073966,0.22630385487528346,0.8532941286051638,4.121671119455136,14.413354946986715,0.36019683090404586,-0.19170985063730206,0.0015535354614257812,2,0.8526178002357483,1475.5951583949886,90.2139755507628,1385.3811828442258,15.631712662756936,rmse_cf
ebe69318,4976,18.23999999999978,4.825325809935079,1598.573273696075,185.02459018059048,41.793553655669726,4.824194957176326,6718,1742,1407,0.08,1742,335,4976,883.9899999999998,18.23999999999978,1.9706105272684085,272.8070175438629,138.43781598082626,0.23512861736334406,0.7707095786602147,-0.4234262696370423,14.80312773094273,0.30517633556656815,-0.11148526612242621,0.0002200603485107422,20,0.8281210064888,1632.0599668099378,97.55322467387798,1534.5067421360598,4.825325809935079,rmse_cf
ec0d597b,4616,44.279999999998836,16.44325138720608,1328.2870241864082,31.349844810242637,35.966926476770126,12.733727699693882,6452,1836,1166,0.08,1836,670,4616,840.9899999999998,44.279999999998836,2.1831412977562166,104.24570912376065,47.75032620696702,0.06737435008665511,0.9328976010892126,2.900809915349959,8.348841784381047,0.37338079459314466,-0.19048760761221128,0.0,4,0.9493118524551392,1320.6475722843534,17.00284319767988,1303.6447290866736,16.44325138720608,rmse_cf
ec13af42,5462,29.609999999998763,10.906432170405786,1371.842174305879,14.222759832551057,11.29960503900693,8.792517216404207,7362,1900,1095,0.08,1900,805,5462,823.1999999999989,29.609999999998763,2.3080660835762905,184.4647078689709,79.92176185144034,0.5510801904064445,0.8343132591725331,-0.2537151837495445,14.719612483618794,0.5510754218027225,-0.08177832324432821,0.0,18,0.8829878568649292,1433.5644503267408,5.587927958868399,1427.9765223678723,10.906432170405786,rmse_cf
ecdab904,6147,30.43000000000029,16.918396989500764,1793.081099389921,88.19211402747531,86.04697173677393,7.653069270979286,8176,2029,1168,0.08,2029,861,6147,963.2299999999996,30.43000000000029,2.1064543255504926,202.00460072296883,95.89792585233374,0.07027818448023426,0.7594400451295531,1.5874472494295302,12.85217184310879,0.46599493214624266,-0.10247834052406657,0.0,8,0.7927334308624268,1853.9062623536715,108.18173703284633,1745.7245253208253,16.918396989500764,rmse_cf
ecdaf714,6592,31.860000000000582,15.351875762973165,1712.061878930952,183.30394152350414,101.450651565349,10.03804159571562,8240,1648,960,0.08,1648,688,6592,739.0699999999979,31.860000000000582,2.229829380166973,206.90521029503702,92.78970495919452,0.043234223300970875,0.7908387965075876,0.8145891643076911,11.285330370409303,0.318684804761614,-0.2736340343225885,0.041217029094696045,18,0.7795135378837585,1769.1350208444453,136.6389376012008,1632.4960832432446,15.351875762973165,rmse_cf
ed6436d6,2945,5.329999999999927,1.6175417954726792,954.5966020323156,27.073800968022702,39.79779500947812,1.091604322969002,5027,2082,1317,0.08,2082,765,2945,968.0499999999993,5.329999999999927,2.1507153556117986,552.5328330206454,256.90653650606885,0.03395585738539898,0.8499051027095365,-1.106320499468587,12.152181914118657,0.6597978387146237,-0.04758573428834434,0.008616864681243896,20,0.8088042736053467,954.2132477482573,18.39114363842598,935.8221041098313,1.6175417954726792,rmse_cf
ed6e6e54,6048,43.06000000000131,11.951935194527213,957.1259550668733,42.353215028649984,36.374185727674146,10.535643765245391,7385,1337,677,0.08,1337,660,6048,400.25,43.06000000000131,3.340412242348532,140.45517882024654,42.04725902977089,0.08349867724867725,0.7769100177823508,2.173829075826532,12.041760386787004,0.6809903610984602,-0.14490602365926564,0.0,8,0.8274993896484375,928.8700253205986,33.72630274764499,895.1437225729536,11.951935194527213,rmse_cf
edf885a3,3117,24.860000000000582,12.288723348140039,940.5347136318909,12.116108084665003,11.697152268167867,8.52395411324501,4863,1746,1077,0.08,1746,669,3117,789.1699999999983,24.860000000000582,2.212451056172946,125.38213998390695,56.67114742903759,0.1206288097529676,0.8620024135994395,0.5547200460709808,11.50086933267853,0.6725223174574276,-0.08990347210298621,0.011435091495513916,19,0.7639099359512329,975.4705778421985,13.709184029653548,961.761393812545,11.697152268167867,rmse_z_lateral
ee0300f7,4544,36.55999999999767,25.680311432467565,1481.102082435737,154.56649355672013,5.631762706720899,7.4316630879172605,6161,1617,1300,0.08,1617,317,4544,841.3799999999992,36.55999999999767,1.9218426870141927,124.28884026258997,64.67170341381438,0.3686179577464789,0.7713872595263317,2.162512667602938,18.50752003127185,0.42854894476734734,-0.09864789463063489,0.0017494559288024902,9,0.7455058097839355,1379.5753959537901,80.8153793734669,1298.7600165803233,5.631762706720899,rmse_z_lateral
ee288beb,4638,59.75,27.522025330807587,1140.4008632092325,67.83277062888834,56.10723973821843,19.780241510952845,6190,1552,933,0.08,1552,619,4638,621.9699999999993,59.75,2.495297200829625,77.6234309623431,31.107890048742576,0.32621819749892195,0.8485105338159469,-0.9800914277532543,17.366292220921494,0.26256243916872,-0.4908906696333175,0.0013791322708129883,10,0.8415675759315491,1201.086783610167,29.85798313351784,1171.2288004766492,27.522025330807587,rmse_cf
ee4aecac,5265,20.420000000000073,10.778813139095936,768.5236863209311,33.818534318742074,45.89335647540162,3.86134121034327,6596,1331,706,0.08,1331,625,5265,426.869999999999,20.420000000000073,3.1180453065336127,257.8354554358463,82.69137555364347,0.17834757834757833,0.6876261446423996,0.8000776494499917,15.022432817303255,0.28938801753211496,-0.29317417862341977,0.0,12,0.645796537399292,892.37640462446,11.280958650419276,881.0954459740407,10.778813139095936,rmse_cf
eeda36f5,4797,13.200000000000728,5.470124457464137,807.7103103960599,145.4619810508728,864.1168206980292,3.248947043177331,6198,1401,704,0.08,1401,697,4797,478.3799999999992,13.200000000000728,2.9286341402232585,363.40909090907087,124.08825189798789,0.03731498853450073,0.7175408539458241,4.100595201511605,11.749669172392517,0.4004690512952979,-0.20370757362232822,0.0,13,0.702654242515564,840.5098118297136,114.6636663633181,725.8461454663955,5.470124457464137,rmse_cf
eeed308d,3899,22.409999999999854,9.69013148078532,1012.7383697141158,16.10747143671317,22.577035568169034,8.791650423973202,5503,1604,945,0.08,1604,659,3899,675.6900000000005,22.409999999999854,2.3738696739629104,173.9848282016968,73.29165122668616,0.565016670941267,0.7853315213622732,-2.3175647152253673,9.768669860007476,0.18302963378670248,-0.23084914155933658,0.0,3,0.7746231555938721,983.6187700042849,27.288588424217373,956.3301815800676,9.69013148078532,rmse_cf
ef04658e,4104,29.23999999999978,15.448044048107809,1117.093207386038,6.794655950474729,14.33746179798376,7.852248825623531,5664,1560,886,0.08,1560,674,4104,804.3199999999997,29.23999999999978,1.939526556594391,140.35567715458382,72.36594759549668,0.1695906432748538,0.8644325104628666,-2.7477107176502047,9.88416678442979,0.6151025978336075,-0.12163482989590002,0.007149398326873779,9,0.8664668202400208,1107.3531916476493,26.83874098851423,1080.514450659135,6.794655950474729,rmse_md_last512
ef8e3ed0,5224,32.8799999999992,14.635089490374893,1123.2117231951433,62.10845731824614,19.58861783804769,8.70202092438021,6637,1413,991,0.08,1413,422,5224,494.52000000000044,32.8799999999992,2.8573161853918925,158.88077858881167,55.604899241145944,0.4971286370597244,0.8719790185487792,4.886428538281344,11.344063991064916,0.5366762410166618,-0.09524885077776424,0.0,8,0.8808555603027344,1110.8504311877057,55.86849434840666,1054.9819368392991,14.635089490374893,rmse_cf
efde6ac3,4559,26.719999999997526,10.202375669006345,1170.4389519385945,26.99510284413234,16.278624162390905,7.006316130565304,6220,1661,950,0.08,1661,711,4559,700.6200000000008,26.719999999997526,2.370757329222686,170.62125748504573,71.96909417168746,0.4073261680193025,0.8989232840194352,3.21393990363062,11.610648392053568,0.5677780309401073,-0.15447207519122674,0.0005046725273132324,13,0.9034320712089539,1113.1619263181967,26.439248658016876,1086.72267766018,10.202375669006345,rmse_cf
efe96181,4012,30.360000000000582,27.539517372291407,1739.3605846111045,308.1073744779575,46.22395608907017,5.283860846867712,5464,1452,1237,0.08,1452,215,4012,904.6099999999988,30.360000000000582,1.6051115950520136,132.14756258234266,82.3292056388518,0.1719840478564307,0.9019893676582358,-8.737835881569726,14.05676557055005,0.2901545483499744,-0.05535600324322515,0.0,2,0.9011531472206116,1530.3181053946048,82.01587609610766,1448.3022292984972,27.539517372291407,rmse_cf
f0188a48,4170,27.890000000001237,6.015986492439641,1140.2938608762493,23.975193348440115,27.72257226810171,5.880201382408955,6139,1969,1225,0.08,1969,744,4170,841.1599999999999,27.890000000001237,2.340815064910362,149.51595553961332,63.87345919842617,0.01342925659472422,0.7921260705356474,-1.5948850103863546,13.05401170679014,0.28484816755862125,-0.08752400130551491,0.003445446491241455,7,0.7929450869560242,1056.515358139666,14.481523183546988,1042.0338349561189,6.015986492439641,rmse_cf
f021b650,3739,12.3799999999992,6.684494210561717,1234.2530894289582,4.695007818780808,32.070943234993784,3.5957521844666727,5610,1871,1140,0.08,1871,731,3739,903.289999999999,12.3799999999992,2.0713170742507967,302.01938610664314,145.81031067678748,0.3944905054827494,0.6453502245722366,10.780446615942124,23.328454238522703,0.20665895081464458,-0.3518888208590413,0.024444222450256348,38,0.6449559926986694,1240.6379191990668,25.091893697209187,1215.5460255018577,4.695007818780808,rmse_md_last512
f03f10fe,4145,24.769999999998618,9.378929872264584,897.2144271907866,36.29161225044512,90.67745160503888,6.598420866447043,5823,1678,909,0.08,1678,769,4145,637.5,24.769999999998618,2.632156862745098,167.3395236172883,63.57505739333808,0.2287092882991556,0.8279183128722064,-1.8809156315003221,9.267040513697777,0.48812861597371404,-0.048050866269105375,0.004700839519500732,21,0.7368465065956116,907.2039890676376,61.69496715790344,845.5090219097342,9.378929872264584,rmse_cf
f053a1b9,4108,21.470000000001164,10.028295659116962,1151.6473645939411,32.37937610129126,48.034320351916335,4.734130280180557,5952,1844,1138,0.08,1844,706,4108,809.6200000000008,21.470000000001164,2.2776117190780836,191.3367489520157,84.007624016557,0.23369036027263876,0.7328410623144519,-2.604231139613077,16.12689145658686,0.3933616807738095,-0.15147002846279234,0.001571357250213623,27,0.8055948615074158,1190.7958466891253,45.413841990278804,1145.3820046988465,10.028295659116962,rmse_cf
f074d277,2453,24.030000000000655,12.187719616802815,638.66673654156,12.581277693798746,31.038535943407012,6.573386304427469,3868,1415,750,0.08,1415,665,2453,560.6599999999999,24.030000000000655,2.523811222487783,102.08073241780829,40.44705543276917,0.27435792906644924,0.5059863185487353,5.524654498682335,21.40715889413897,0.25689555806518494,-0.23192075301725412,0.0038603544235229492,5,0.4978213310241699,621.5377714282407,16.48247920856157,605.0552922196791,12.187719616802815,rmse_cf
f07d7037,5563,16.3799999999992,7.4960867974462735,1574.4337252494524,21.948558660898613,53.773281650077365,3.687475389800362,7688,2125,1310,0.08,2125,815,5563,951.1499999999996,16.3799999999992,2.23413762287757,339.6214896215062,152.01457875458613,0.043321948588890886,0.8832704248350884,0.42983799172231135,10.327273481169422,0.48203673528840946,-0.0621397920711671,0.0014185905456542969,3,0.87444669008255,1588.40491618991,42.68592784750301,1545.7189883424069,7.4960867974462735,rmse_cf
f08774c3,3900,36.72999999999956,11.44575716149874,1297.5190179178903,47.63240753417585,34.095522405281805,11.414146837216194,5645,1745,1049,0.08,1745,696,3900,846.0799999999999,36.72999999999956,2.0624527231467473,106.1802341410304,51.4825057318298,0.0758974358974359,0.7207891707494783,-1.1973321372198344,18.963546827382704,0.3475622318566786,-0.23453360937512086,0.003496706485748291,9,0.7679123282432556,1253.8012251328776,46.149968459180336,1207.6512566736972,11.44575716149874,rmse_cf
f140c2fa,4082,22.670000000000073,13.3161842942989,1232.8107700651276,84.06688333522732,53.53164907832706,6.471883887079159,6024,1942,1163,0.08,1942,779,4082,905.6999999999989,22.670000000000073,2.144197858010381,180.06175562417235,83.97627809928564,0.21362077413032826,0.5868075699408009,0.012635702148715438,21.063673723005497,0.7051536170994619,-0.0030109678467360457,8.45789909362793e-05,10,0.5234693288803101,1187.6843413005247,8.511127789867055,1179.1732135106577,13.3161842942989,rmse_cf
f16e25e3,4651,11.860000000000582,2.9647800324346743,1132.7080521725488,29.225428110207194,23.185093688595312,2.897651393920687,6585,1934,1028,0.08,1934,906,4651,778.0100000000002,11.860000000000582,2.4858292309867474,392.15851602021684,157.75762515454448,0.44356052461836165,0.8252048211396299,-0.7981706685496166,15.435901073451443,0.1939126794464883,-0.3294398149248673,0.0028005242347717285,18,0.8239489793777466,1157.3144819252707,58.429572715457056,1098.8849092098137,2.9647800324346743,rmse_cf
f2d4c8c9,6249,15.409999999999854,4.229551942410153,1136.6249614055528,42.762536952970926,10.049983171211606,3.4193458504785825,7908,1659,880,0.08,1659,779,6249,581.1299999999992,15.409999999999854,2.8547829229260273,405.5158987670382,142.04789285743738,0.5621699471915507,0.7174486329258778,0.6709548183894629,16.24489647015305,0.37356265889635354,-0.1044681521765215,0.00562208890914917,20,0.7539620399475098,1258.5449531209522,12.46136421063573,1246.0835889103164,4.229551942410153,rmse_cf
f321a31c,5141,35.19000000000051,12.557281531880928,965.3631516599685,13.275334155000035,15.959082037088903,10.857732372908254,6555,1414,806,0.08,1414,608,5141,467.34000000000015,35.19000000000051,3.0256344417340686,146.09263995453043,48.28496064805535,0.039291966543474034,0.8797631465252294,-2.3501891641252066,10.401679949603059,0.4339626620964991,-0.40408965599155217,0.0,5,0.8860262632369995,905.7575516602644,34.57704579392205,871.1805058663424,12.557281531880928,rmse_cf
f40cd091,5166,26.3700000000008,7.728760684292187,1008.4300533121633,23.96943491153104,7.974613807422591,7.536369859429591,6776,1610,902,0.08,1610,708,5166,565.1000000000004,26.3700000000008,2.849053264908864,195.9044368600623,68.76124054013744,0.6624080526519551,0.7049398261579354,-1.9642215815336852,22.907450997172496,0.46463335554068175,-0.05500034303010337,0.03600388765335083,10,0.6889986395835876,1052.5115308431064,12.039978286131642,1040.4715525569748,7.728760684292187,rmse_cf
f439a621,2821,23.55999999999949,6.65613263851673,690.4578778462794,21.97962953523931,18.721142530424967,6.106404494019592,4695,1874,1002,0.08,1874,872,2821,719.9500000000007,23.55999999999949,2.602958538787413,119.73684210526575,46.000287872831464,0.4984048209854661,0.9281003256908842,1.2547195752756914,7.351540713836566,0.45750274099787325,-0.0215192118472185,4.0531158447265625e-06,8,0.9330936074256897,719.2922091834082,11.42058460171827,707.87162458169,6.65613263851673,rmse_cf
f49fdea3,5391,17.179999999998472,12.40626946494166,1555.6467632945012,39.96662780954707,28.262873070225034,3.551841451243508,7027,1636,984,0.08,1636,652,5391,757.1100000000006,17.179999999998472,2.160848489651436,313.7951105937415,145.21846954867226,0.05639028009645706,0.6952338376856649,5.3232330819620035,12.797711762504202,0.19767849227936182,-0.4212690217515441,0.0,10,0.7108330726623535,1613.2221619800196,6.595414372662473,1606.6267476073572,12.40626946494166,rmse_cf
f4d12d23,3701,24.61999999999898,16.062842467413066,1084.6003049830763,57.99034809284704,40.43160509427121,6.452397334475728,5448,1747,1036,0.08,1747,711,3701,854.8000000000011,24.61999999999898,2.043752924660737,150.32493907392987,73.55338175180046,0.28776006484733857,0.7613610844571129,-5.821208811533322,18.735672145775244,0.3977376889311419,-0.13201916827898863,0.002925872802734375,22,0.7385348081588745,1093.64465131993,44.87397392189409,1048.770677398036,16.062842467413066,rmse_cf
f56d3ace,5432,17.8799999999992,6.90314793936432,1454.068117811088,5.805707394800329,25.13447948377121,4.340857000216037,7383,1951,1188,0.08,1951,763,5432,853.2300000000014,17.8799999999992,2.2866050185764646,303.8031319910651,132.8620944688554,0.3959867452135493,0.9330342492492211,-1.2728152677817521,9.94277730841635,0.38850117301672776,-0.23314244093314213,2.9742717742919922e-05,11,0.9141783118247986,1457.196554262263,10.687070162936381,1446.5094840993265,5.805707394800329,rmse_md_last512
f5859199,5790,26.94999999999891,15.921573253079503,1603.7219624845502,167.521479648727,94.56931290082035,6.775406289685974,7438,1648,938,0.08,1648,710,5790,796.3199999999997,26.94999999999891,2.069519791038779,214.84230055659498,103.81263396797794,0.6721934369602763,0.6295232947404633,2.470370066748075,17.76255384897858,0.35224289257646574,-0.15012553633924602,0.21460890769958496,1,0.6703481078147888,1648.1502320234038,61.397744092165965,1586.7524879312377,15.921573253079503,rmse_cf
f5d8aab6,4444,24.139999999999418,15.698547978741031,1350.1732890342607,7.4737834606432,25.9164188846038,5.809069457664415,6576,2132,1322,0.08,2132,810,4444,978.4800000000014,24.139999999999418,2.178889706483522,184.09279204640046,84.48926602324681,0.15864086408640865,0.9312520153029117,-3.541778709034633,15.11329811057882,0.3244749010842528,-0.16734271975795267,0.0,4,0.9368662238121033,1348.984669071081,45.49790963041744,1303.4867594406637,7.4737834606432,rmse_md_last512
f631da6e,4093,20.359999999998763,8.782664213746434,912.3284841865676,134.6087064903017,93.46996078942345,5.8200317153522345,5604,1511,834,0.08,1511,677,4093,594.6899999999987,20.359999999998763,2.540819586675416,201.03143418468804,79.12070390158297,0.5665770828243343,0.7663514247113,1.4222287382280818,21.63967223743621,0.382841251378744,-0.2882944694355431,2.3305416107177734e-05,4,0.7584396600723267,935.9286674584406,97.25159645334193,838.6770710050987,8.782664213746434,rmse_cf
f6824bb0,5015,37.43999999999869,20.837423542758717,1608.9372989427425,144.57070020224114,176.63594023642162,10.90752451296806,6864,1849,1162,0.08,1849,687,5015,914.9700000000012,37.43999999999869,2.0208312840858143,133.94764957265426,66.28344019983322,0.15154536390827517,0.7093804171217052,-3.1908229848359824,15.839701253795276,0.5101282348194838,-0.19293848744863185,0.00046771764755249023,48,0.7851278781890869,1656.584128655716,46.31156672831503,1610.272561927401,20.837423542758717,rmse_cf
f6bc699b,3752,29.079999999999927,10.622157035929634,1014.6509179610769,20.241352737587594,15.651169307350461,8.169863891958915,5501,1749,1107,0.08,1749,642,3752,739.1399999999994,29.079999999999927,2.3662634954135906,129.02338376891367,54.52621148024859,0.3382196162046908,0.8891146464886944,0.6076523384405634,12.329733390703103,0.42650349553688416,-0.3143997991384143,0.00039130449295043945,5,0.9090536236763,1025.3269862339346,16.337812694119204,1008.9891735398154,10.622157035929634,rmse_cf
f6d009f4,6715,84.47999999999956,47.03924865295554,3058.9182517922404,2025.9368973040941,,24.297795518719422,8003,1288,1351,0.08,1288,0,6715,991.6800000000021,84.47999999999956,1.298806066473053,79.48626893939435,61.19949004799594,0.3231571109456441,0.8738990377578093,-8.067344595868345,25.125675048404894,0.5557545769763218,-0.18590699562210866,8.0108642578125e-05,14,0.85340815782547,3198.96966392932,,,47.03924865295554,rmse_cf
f72b268f,6404,32.82999999999993,12.93812397222547,1481.0056593311965,37.76377160308585,5.729406442484492,8.956446086656037,7918,1514,1098,0.08,1514,416,6404,625.3799999999992,32.82999999999993,2.420928075729959,195.06548888212043,80.57467334022479,0.046845721424109935,0.8060911069131442,-0.5191707339335996,14.749550841422856,0.31757571518013106,-0.10395089610306557,0.0,7,0.7875613570213318,1472.2456277647298,41.16860412317467,1431.0770236415551,5.729406442484492,rmse_z_lateral
f8662c22,5429,26.88000000000102,15.629207250700455,927.7263905742086,46.23165913787051,10.2298219158033,7.236314635345988,6957,1528,865,0.08,1528,663,5429,531.9200000000001,26.88000000000102,2.8726124229207395,201.97172619046853,70.3094244733207,0.5074599373733653,0.7654129075194613,0.00798542410544739,14.398227313591768,0.2634889496872571,-0.15624208960242292,0.006456851959228516,11,0.7431361079216003,1058.968751723698,21.48368698531414,1037.485064738384,10.2298219158033,rmse_z_lateral
f88ddb26,4990,78.59000000000015,51.40308485650886,1549.855475341501,25.10870924030316,79.53546928462102,21.90938115193024,6585,1595,1171,0.08,1595,424,4990,765.880000000001,78.59000000000015,2.082571682247869,63.494083216694115,30.48830624075345,0.03727454909819639,0.7962920388540603,0.5638558829797117,10.09318425194188,0.267291315374687,-0.357086992700817,0.0,6,0.7852662205696106,1557.2868868818732,27.742216452988757,1529.5446704288845,25.10870924030316,rmse_md_last512
f8afa78a,6032,25.710000000000946,14.720946843240096,1134.2192168855784,39.97568961774256,98.43946754420057,5.606153490180768,7367,1335,666,0.08,1335,669,6032,483.869999999999,25.710000000000946,2.7590055180110418,234.616880591201,85.03675656304434,0.4923740053050398,0.6550835598013395,-0.304456994432213,16.712457111828495,0.371800728786617,-0.34942788268818475,0.0009532570838928223,6,0.6610666513442993,1060.7608542814874,67.56439508704217,993.1964591944452,14.720946843240096,rmse_cf
f8f59188,4807,17.770000000000437,6.924261008500594,1512.4671071846374,23.649296291539606,36.84305384219485,4.986308522046015,6740,1933,1283,0.08,1933,650,4807,947.1299999999992,17.770000000000437,2.0409025160220895,270.51209904332484,132.5453307640476,0.6432286249219887,0.8711380993212279,-2.2510772168569866,14.971314080664747,0.5330117556109396,-0.03669334195684815,0.00042682886123657227,18,0.8821130394935608,1532.1553615647663,8.543711996429321,1523.611649568337,6.924261008500594,rmse_cf
f9fc81aa,5598,31.109999999998763,8.639067487231838,1166.2348868336285,9.292126481730536,9.451045375466524,8.638822578576436,7113,1515,867,0.08,1515,648,5598,559.2699999999986,31.109999999998763,2.7088883723425248,179.94214079074968,66.42656176900483,0.06555912826009289,0.5511096788289246,1.7217687991735806,14.851623956276951,0.40916406204620015,-0.15014647776175005,0.013323426246643066,51,0.5423007607460022,1119.7913233706654,42.15662170259047,1077.634701668075,8.639067487231838,rmse_cf
fa16d114,5686,40.95999999999913,20.815118518803075,767.4953975150984,16.992583937116862,12.395217082373565,12.892847168454438,6928,1242,572,0.08,1242,670,5686,318.1900000000023,40.95999999999913,3.903328200131968,138.81835937500296,35.56410126371378,0.5116074569117129,0.7237698758023803,1.2530426508555164,14.449765744568493,0.229193163953723,-0.44065110064334523,0.0,3,0.7223411202430725,689.6199503040136,13.68484349670647,675.9351068073072,12.395217082373565,rmse_z_lateral
fa31da94,5027,17.3700000000008,5.188297076747949,1477.5737249996116,98.37162916675337,224.7734921184094,4.8118042655320235,6681,1654,1026,0.08,1654,628,5027,780.1999999999989,17.3700000000008,2.1199692386567577,289.40702360390145,136.51472782089698,0.695046747563159,0.7793165480204945,-0.7302974251979003,14.91386443985471,0.48054864492117855,-0.03741220856531413,0.023620247840881348,14,0.7433340549468994,1409.0516733288487,83.24801040986277,1325.803662918986,5.188297076747949,rmse_cf
fa667be2,7296,23.469999999999345,8.802015991385062,1392.6648331741717,40.464855526998655,57.67729459607198,5.224407851863447,8798,1502,829,0.08,1502,673,7296,510.1700000000001,23.469999999999345,2.944116666993355,310.86493395825323,105.58852420604664,0.12541118421052633,0.595688033284703,1.3373768294056483,16.488536848836393,0.19313720498551953,-0.2612029350898968,0.0,2,0.7138912081718445,1381.377747552326,38.55929529833858,1342.8184522539873,8.802015991385062,rmse_cf
fae0c593,4403,31.829999999999927,10.97095627674098,1323.7569493532123,47.64545255169222,39.898084979096595,10.942039680111515,6147,1744,1034,0.08,1744,710,4403,819.5400000000009,31.829999999999927,2.128023037313613,138.32862079798963,65.00334741329388,0.03202362025891438,0.9285531016579731,-1.2329358775254717,11.97030957241581,0.7498537662424303,0.03150534614676603,0.0003325939178466797,20,0.9255062341690063,1330.0395498150351,8.985139896921252,1321.0544099181138,10.97095627674098,rmse_cf
fb03ae90,6431,50.76000000000022,42.88755217158539,2005.799737154821,179.16086256754136,57.049341992964685,10.996775919286819,8129,1698,1050,0.08,1698,648,6431,832.5199999999986,50.76000000000022,2.0395906404650974,126.69424743892775,62.11748814950291,0.16902503498678276,0.7453608679377198,-0.24421678771415858,13.896443474461663,0.37683169806157485,-0.16058933477846643,0.0064910054206848145,3,0.7131308317184448,2003.9745813493894,53.339141199097824,1950.6354401502915,42.88755217158539,rmse_cf
fb0904bd,3181,5.0900000000001455,1.7987576836953807,910.5029483272597,20.96640026308284,11.108131169839876,1.2610828027696304,5087,1906,1115,0.08,1906,791,3181,826.1499999999996,5.0900000000001455,2.3070870907220247,624.9508840864262,270.88309175655866,0.5422823011631562,0.8595043090341374,0.8515314290158975,15.636739895356104,0.4152255142247486,-0.09318397718651583,0.0019989609718322754,11,0.8803499341011047,935.5141587464058,6.730533405048933,928.7836253413568,1.7987576836953807,rmse_cf
fb3848a1,5919,22.3700000000008,9.958923975567506,1716.386167490622,42.76974586939034,10.778620512142965,5.9471505984498405,7859,1940,1181,0.08,1940,759,5919,902.8299999999999,22.3700000000008,2.148798777178428,264.59544032185016,123.13644401328658,0.6058455820239905,0.7321018053085534,0.3668029411678883,15.717245643636073,0.35140304920273113,-0.2781807760736028,0.01917320489883423,8,0.730254590511322,1658.4728087333851,24.91190480456809,1633.560903928817,9.958923975567506,rmse_cf
fb73b13a,5640,31.019999999998618,9.977934385041513,1372.749639910355,82.78087962795053,30.481662318497392,9.071846871616664,7465,1825,1000,0.08,1825,825,5640,764.5400000000009,31.019999999998618,2.387056269129147,181.8181818181899,76.16836861768716,0.4015957446808511,0.8764992850390152,-1.6896176220126917,25.570711196477443,0.4792145647580982,-0.044220607790738664,3.725290298461914e-05,14,0.8920226693153381,1442.885803911767,47.93766153923152,1394.9481423725354,9.977934385041513,rmse_cf
fba7683c,407,9.94000000000051,2.555309739035002,324.18038279696395,5.2002367647619065,4.127522108222299,2.2695757662198366,2058,1651,1022,0.08,1651,629,407,878.4399999999987,9.94000000000051,1.8794681480806914,40.9456740442635,21.785777048723666,0.0171990171990172,0.7740999073878271,1.1526743010853147,17.38999839144979,0.319030802328353,-0.3327646183606039,0.027140140533447266,16,0.7502169013023376,292.46820533431094,6.437977956968778,286.03022737734216,2.555309739035002,rmse_cf
fbd68d27,6829,38.94999999999891,22.09543667740266,1426.3085550814772,101.03712043399648,106.9841841370678,9.158954385110883,8552,1723,995,0.08,1723,728,6829,646.5999999999985,38.94999999999891,2.6647077018249363,175.3273427471166,65.79608811392069,0.2525992092546493,0.5529569645009114,-2.640229539506297,15.637039579252095,0.5122369059068406,-0.21769682784014166,0.012577712535858154,49,0.643893837928772,1335.342906994182,33.68826157812661,1301.6546454160552,22.09543667740266,rmse_cf
fc03f21f,4803,27.909999999999854,12.90913373270699,1968.9295803684504,546.8336646264266,25.500777246466406,7.959128969122935,6202,1399,1195,0.08,1399,204,4803,882.8900000000012,27.909999999999854,1.5845688590877665,172.08885704048816,108.60295281806776,0.07287112221528212,0.8850147826901705,10.751817917780587,18.92039924696918,0.3320679323869672,-0.13388586940940067,0.001959502696990967,14,0.8949999809265137,2018.4420266075726,28.23203265844744,1990.2099939491252,12.90913373270699,rmse_cf
fc0d20b2,3954,23.730000000001382,11.932087953866953,706.9563268566438,8.86601938413759,6.640801714967836,9.166183403043284,5308,1354,659,0.08,1354,695,3954,424.14999999999964,23.730000000001382,3.1922668867146085,166.62452591655162,52.19630182238206,0.47774405665149217,0.797900633916764,6.388136730426301,12.045218817319626,0.3995558462046599,-0.20294925331819325,0.0,19,0.7529637217521667,716.5876551443189,6.3538186100686405,710.2338365342503,6.640801714967836,rmse_z_lateral
fcfcc902,2791,17.640000000001237,8.80765155445474,856.9854085681199,66.69671852756251,136.53556023619979,2.945835258869239,4665,1874,1157,0.08,1874,717,2791,816.4700000000012,17.640000000001237,2.2952466104082174,158.21995464851497,68.93374939801132,0.04693658187029739,0.8267657282432129,2.802416957491539,13.512075175136575,0.5080990176625634,-0.06901314735456976,0.0022028684616088867,15,0.8278993368148804,926.8861637131637,16.749959456292817,910.1362042568709,8.80765155445474,rmse_cf
fd3b4faa,5022,22.220000000001164,7.446926041471426,1444.4048344673886,15.088967166355534,8.269379504528077,6.646911621338692,6956,1934,1268,0.08,1934,666,5022,880.25,22.220000000001164,2.1971030957114457,226.01260126011417,102.86845514954265,0.5503783353245719,0.867981533472745,1.1190085168342843,14.42361337936074,0.37509890219841524,0.0003280062468221656,7.742643356323242e-05,32,0.8254632949829102,1485.3609986393035,38.42048503772753,1446.940513601576,7.446926041471426,rmse_cf
fd710aea,4217,15.94000000000051,7.203999750290396,1108.9223328874996,18.047319496036803,29.76194500441183,4.736256633200471,5960,1743,1062,0.08,1743,681,4217,737.7699999999986,15.94000000000051,2.362524906136063,264.5545796737682,111.97959394487413,0.25752904908702867,0.8668764912438707,1.3227861593069368,13.06171320112824,0.3830947536289967,-0.047843018322780095,0.0006386041641235352,28,0.8551419377326965,1172.310711154939,5.925412628121888,1166.3852985268172,7.203999750290396,rmse_cf
fd8f77fa,5272,41.79999999999927,27.415343744152285,1961.6396457458015,93.68433491013029,75.82862918500769,10.664314481733843,6756,1484,1143,0.08,1484,341,5272,865.6399999999994,41.79999999999927,1.7143385240977784,126.12440191387779,73.57030139671772,0.5058801213960546,0.8677646191661644,-1.0502818965277323,13.634216955019019,0.17508309364367547,-0.18353493936159299,0.0,26,0.8696510791778564,1867.5731980607186,125.18288171387958,1742.390316346839,27.415343744152285,rmse_cf
fde20ecf,4667,24.31000000000131,16.31905728866344,1489.7694459605277,6.618250659512154,5.611338811153564,6.810458829981457,6386,1719,1054,0.08,1719,665,4667,835.2699999999986,24.31000000000131,2.058017168101336,191.9786096256581,93.28328869227641,0.2989072209127919,0.8004009070099778,1.8843471147840116,12.895779402655899,0.19331651481519221,-0.22234256134808014,0.002331852912902832,12,0.816184937953949,1455.5642057773139,10.163647680226854,1445.400558097087,5.611338811153564,rmse_z_lateral
fdfd57da,5236,15.329999999999927,4.29522046585047,1545.263552228053,8.346901598516883,4.046884680036011,3.5960205358112893,7364,2128,1427,0.08,2128,701,5236,984.2900000000009,15.329999999999927,2.161964461693198,341.55251141552674,157.98248188965655,0.5544308632543926,0.8870135086775343,1.1104970939859777,13.771293599926748,0.2887416117345678,-0.048035622096768094,0.0,2,0.8726343512535095,1528.717455953784,8.777006468712404,1519.9404494850717,4.046884680036011,rmse_z_lateral
febb4411,4247,31.770000000000437,13.027667980552959,1234.285235372978,132.45280416541922,152.10548039131183,7.153104398526066,6275,2028,1305,0.08,2028,723,4247,917.3899999999994,31.770000000000437,2.210619256804632,133.67957192319614,60.47154954961579,0.035083588415352016,0.7946082145746798,0.6972024001534673,18.76539241471748,0.32305636414479433,-0.25548960528392173,0.0018977522850036621,5,0.8008061051368713,1218.7668106226467,15.445287563000534,1203.321523059646,13.027667980552959,rmse_cf
fef8af96,3826,88.76000000000022,44.55173272632465,1094.5906503679528,181.66792683807927,60.83486877242834,24.43386947396117,5068,1242,935,0.08,1242,307,3826,542.3999999999996,88.76000000000022,2.289823008849559,43.10500225326713,18.824600017851914,0.34892838473601673,0.906721381351987,1.0115333320149196,8.237971155358721,0.4076302181890419,-0.17867230447388283,0.0002218484878540039,22,0.9206722974777222,1097.9183541179796,112.5554354249254,985.3629186930541,44.55173272632465,rmse_cf
ff0aea78,3261,39.43000000000029,30.697786830378174,800.7617101075563,30.2214826867632,52.81871775027025,11.081735670389884,4976,1715,1039,0.08,1715,676,3261,770.3499999999985,39.43000000000029,2.2262607905497545,82.70352523459233,37.149073273742324,0.4563017479300828,0.8520454967857877,0.21555911488723137,12.125118196947959,0.34823707405703797,-0.25691813871558633,0.0,2,0.8258945345878601,784.5905874850022,44.280074426103354,740.3105130588988,30.2214826867632,rmse_md_last512
ff8bb73a,5927,43.79000000000087,9.861864748200674,1819.3719101702472,35.303108223952655,39.8171754627162,9.208487962373786,7670,1743,1063,0.08,1743,680,5927,833.7199999999993,43.79000000000087,2.090629947704267,135.35053665220101,64.74150855861902,0.05230302007761093,0.9366950264066435,-0.4050359608155697,10.14270765597573,0.5423675793195125,-0.05801763730466014,3.826618194580078e-05,8,0.936334490776062,1709.4074190839399,15.382344010876649,1694.0250750730631,9.861864748200674,rmse_cf
ffefef30,4570,21.68999999999869,7.035568765607176,1197.1562348332388,29.794708120785295,18.48845174878526,6.458977287602477,6421,1851,1223,0.08,1851,628,4570,774.6100000000024,21.68999999999869,2.389589599927698,210.69617335178773,88.1725352998535,0.28687089715536107,0.7738101161424318,-1.004632255025287,13.493193782640954,0.7059588637646932,-0.11702961369547382,0.010081231594085693,11,0.7715069055557251,1229.8341970174333,39.82705576857881,1190.0071412488546,7.035568765607176,rmse_cf
