well_id,segment,rows,gr_missing_rows,gr_missing_rate
000d7d20,full,5278,2258,0.4278135657446002
000d7d20,prefix,1442,442,0.3065187239944521
000d7d20,post_ps,3836,1816,0.47340980187695514
000d7d20,prefix_last512,512,329,0.642578125
000d7d20,post_first512,512,290,0.56640625
000d7d20,post_last512,512,192,0.375
000d7d20,lateral_prefix,699,379,0.542203147353362
00bbac68,full,7559,942,0.12461965868501125
00bbac68,prefix,1545,110,0.07119741100323625
00bbac68,post_ps,6014,832,0.13834386431659462
00bbac68,prefix_last512,512,56,0.109375
00bbac68,post_first512,512,76,0.1484375
00bbac68,post_last512,512,51,0.099609375
00bbac68,lateral_prefix,378,46,0.12169312169312169
00e12e8b,full,6384,584,0.09147869674185463
00e12e8b,prefix,2083,166,0.07969275084013443
00e12e8b,post_ps,4301,418,0.09718670076726342
00e12e8b,prefix_last512,512,41,0.080078125
00e12e8b,post_first512,512,46,0.08984375
00e12e8b,post_last512,512,58,0.11328125
00e12e8b,lateral_prefix,706,58,0.0821529745042493
015fe0d2,full,5950,1513,0.2542857142857143
015fe0d2,prefix,1654,137,0.08282950423216445
015fe0d2,post_ps,4296,1376,0.3202979515828678
015fe0d2,prefix_last512,512,65,0.126953125
015fe0d2,post_first512,512,155,0.302734375
015fe0d2,post_last512,512,155,0.302734375
015fe0d2,lateral_prefix,791,102,0.12895069532237674
01869cd4,full,6850,3268,0.4770802919708029
01869cd4,prefix,1293,427,0.33023975251353443
01869cd4,post_ps,5557,2841,0.5112470757603024
01869cd4,prefix_last512,512,215,0.419921875
01869cd4,post_first512,512,261,0.509765625
01869cd4,post_last512,512,230,0.44921875
01869cd4,lateral_prefix,612,253,0.4133986928104575
01982c1d,full,5587,846,0.15142294612493287
01982c1d,prefix,1646,223,0.13547995139732685
01982c1d,post_ps,3941,623,0.15808170515097691
01982c1d,prefix_last512,512,109,0.212890625
01982c1d,post_first512,512,99,0.193359375
01982c1d,post_last512,512,64,0.125
01982c1d,lateral_prefix,699,142,0.20314735336194564
028d7b28,full,7761,1691,0.21788429326117767
028d7b28,prefix,1527,238,0.1558611656843484
028d7b28,post_ps,6234,1453,0.23307667629130574
028d7b28,prefix_last512,512,95,0.185546875
028d7b28,post_first512,512,121,0.236328125
028d7b28,post_last512,512,105,0.205078125
028d7b28,lateral_prefix,655,125,0.19083969465648856
02e7fe5a,full,6888,3994,0.579849012775842
02e7fe5a,prefix,1780,742,0.41685393258426967
02e7fe5a,post_ps,5108,3252,0.6366483946750195
02e7fe5a,prefix_last512,512,357,0.697265625
02e7fe5a,post_first512,512,347,0.677734375
02e7fe5a,post_last512,512,301,0.587890625
02e7fe5a,lateral_prefix,700,472,0.6742857142857143
0390d174,full,6101,2926,0.47959350926077693
0390d174,prefix,1690,730,0.4319526627218935
0390d174,post_ps,4411,2196,0.4978462933575153
0390d174,prefix_last512,512,255,0.498046875
0390d174,post_first512,512,261,0.509765625
0390d174,post_last512,512,238,0.46484375
0390d174,lateral_prefix,784,381,0.48596938775510207
03a935ae,full,4430,175,0.039503386004514675
03a935ae,prefix,1644,62,0.037712895377128956
03a935ae,post_ps,2786,113,0.04055994256999282
03a935ae,prefix_last512,512,18,0.03515625
03a935ae,post_first512,512,23,0.044921875
03a935ae,post_last512,512,23,0.044921875
03a935ae,lateral_prefix,719,25,0.03477051460361613
044af7d1,full,6067,3676,0.6059007746827098
044af7d1,prefix,1548,698,0.4509043927648579
044af7d1,post_ps,4519,2978,0.6589953529541934
044af7d1,prefix_last512,512,373,0.728515625
044af7d1,post_first512,512,369,0.720703125
044af7d1,post_last512,512,285,0.556640625
044af7d1,lateral_prefix,705,506,0.7177304964539007
0498acab,full,6432,2944,0.4577114427860697
0498acab,prefix,1634,667,0.40820073439412485
0498acab,post_ps,4798,2277,0.47457273864110044
0498acab,prefix_last512,512,285,0.556640625
0498acab,post_first512,512,276,0.5390625
0498acab,post_last512,512,249,0.486328125
0498acab,lateral_prefix,612,327,0.5343137254901961
052d64df,full,4590,1164,0.25359477124183005
052d64df,prefix,2145,491,0.2289044289044289
052d64df,post_ps,2445,673,0.2752556237218814
052d64df,prefix_last512,512,183,0.357421875
052d64df,post_first512,512,197,0.384765625
052d64df,post_last512,512,125,0.244140625
052d64df,lateral_prefix,819,256,0.3125763125763126
05948241,full,5428,2973,0.5477155490051584
05948241,prefix,1549,651,0.42027114267269206
05948241,post_ps,3879,2322,0.5986078886310905
05948241,prefix_last512,512,313,0.611328125
05948241,post_first512,512,331,0.646484375
05948241,post_last512,512,285,0.556640625
05948241,lateral_prefix,453,276,0.609271523178808
059c8f24,full,7998,3261,0.40772693173293323
059c8f24,prefix,1740,537,0.3086206896551724
059c8f24,post_ps,6258,2724,0.43528283796740175
059c8f24,prefix_last512,512,233,0.455078125
059c8f24,post_first512,512,262,0.51171875
059c8f24,post_last512,512,119,0.232421875
059c8f24,lateral_prefix,620,279,0.45
05a0ee4d,full,6098,1956,0.32076090521482453
05a0ee4d,prefix,1750,392,0.224
05a0ee4d,post_ps,4348,1564,0.35970561177552896
05a0ee4d,prefix_last512,512,213,0.416015625
05a0ee4d,post_first512,512,217,0.423828125
05a0ee4d,post_last512,512,129,0.251953125
05a0ee4d,lateral_prefix,725,257,0.3544827586206897
060ab2b8,full,7818,4436,0.5674085443847532
060ab2b8,prefix,1560,838,0.5371794871794872
060ab2b8,post_ps,6258,3598,0.5749440715883669
060ab2b8,prefix_last512,512,296,0.578125
060ab2b8,post_first512,512,328,0.640625
060ab2b8,post_last512,512,263,0.513671875
060ab2b8,lateral_prefix,259,171,0.6602316602316602
06df5958,full,5039,790,0.15677713832109547
06df5958,prefix,1530,126,0.08235294117647059
06df5958,post_ps,3509,664,0.18922770019948704
06df5958,prefix_last512,512,76,0.1484375
06df5958,post_first512,512,77,0.150390625
06df5958,post_last512,512,93,0.181640625
06df5958,lateral_prefix,667,89,0.13343328335832083
071d7b45,full,4720,734,0.15550847457627118
071d7b45,prefix,1509,240,0.15904572564612326
071d7b45,post_ps,3211,494,0.15384615384615385
071d7b45,prefix_last512,512,78,0.15234375
071d7b45,post_first512,512,74,0.14453125
071d7b45,post_last512,512,80,0.15625
071d7b45,lateral_prefix,803,110,0.136986301369863
0849b4e2,full,7436,1696,0.2280796126949973
0849b4e2,prefix,1899,312,0.16429699842022116
0849b4e2,post_ps,5537,1384,0.2499548491963157
0849b4e2,prefix_last512,512,169,0.330078125
0849b4e2,post_first512,512,178,0.34765625
0849b4e2,post_last512,512,96,0.1875
0849b4e2,lateral_prefix,677,215,0.3175775480059084
084d66f9,full,5632,3381,0.6003196022727273
084d66f9,prefix,1747,870,0.4979965655409273
084d66f9,post_ps,3885,2511,0.6463320463320463
084d66f9,prefix_last512,512,360,0.703125
084d66f9,post_first512,512,319,0.623046875
084d66f9,post_last512,512,235,0.458984375
084d66f9,lateral_prefix,649,472,0.7272727272727273
08fecf00,full,7405,1800,0.24307900067521945
08fecf00,prefix,1831,226,0.12342981977061715
08fecf00,post_ps,5574,1574,0.28238249013275923
08fecf00,prefix_last512,512,122,0.23828125
08fecf00,post_first512,512,179,0.349609375
08fecf00,post_last512,512,128,0.25
08fecf00,lateral_prefix,610,138,0.2262295081967213
09053135,full,7715,2868,0.37174335709656514
09053135,prefix,1808,376,0.2079646017699115
09053135,post_ps,5907,2492,0.4218723548332487
09053135,prefix_last512,512,199,0.388671875
09053135,post_first512,512,211,0.412109375
09053135,post_last512,512,232,0.453125
09053135,lateral_prefix,716,276,0.3854748603351955
09441b8d,full,7395,980,0.13252197430696416
09441b8d,prefix,1907,337,0.17671735710540115
09441b8d,post_ps,5488,643,0.11716472303206997
09441b8d,prefix_last512,512,83,0.162109375
09441b8d,post_first512,512,56,0.109375
09441b8d,post_last512,512,65,0.126953125
09441b8d,lateral_prefix,727,112,0.15405777166437415
0955cd6c,full,7125,4138,0.5807719298245614
0955cd6c,prefix,1930,785,0.4067357512953368
0955cd6c,post_ps,5195,3353,0.6454282964388836
0955cd6c,prefix_last512,512,284,0.5546875
0955cd6c,post_first512,512,306,0.59765625
0955cd6c,post_last512,512,373,0.728515625
0955cd6c,lateral_prefix,696,392,0.5632183908045977
09ec2ca9,full,7824,4017,0.513420245398773
09ec2ca9,prefix,1939,719,0.370809695719443
09ec2ca9,post_ps,5885,3298,0.5604078164825829
09ec2ca9,prefix_last512,512,298,0.58203125
09ec2ca9,post_first512,512,303,0.591796875
09ec2ca9,post_last512,512,248,0.484375
09ec2ca9,lateral_prefix,788,433,0.549492385786802
0a57a29c,full,7194,3569,0.4961078676675007
0a57a29c,prefix,1373,484,0.3525127458120903
0a57a29c,post_ps,5821,3085,0.5299776670675141
0a57a29c,prefix_last512,512,278,0.54296875
0a57a29c,post_first512,512,284,0.5546875
0a57a29c,post_last512,512,210,0.41015625
0a57a29c,lateral_prefix,657,337,0.512937595129376
0bbf5e67,full,6031,3016,0.5000829049908805
0bbf5e67,prefix,1733,749,0.432198499711483
0bbf5e67,post_ps,4298,2267,0.5274546300604932
0bbf5e67,prefix_last512,512,245,0.478515625
0bbf5e67,post_first512,512,278,0.54296875
0bbf5e67,post_last512,512,236,0.4609375
0bbf5e67,lateral_prefix,604,281,0.4652317880794702
0be01c24,full,6385,245,0.03837118245888802
0be01c24,prefix,1647,79,0.04796599878567092
0be01c24,post_ps,4738,166,0.03503588011819333
0be01c24,prefix_last512,512,18,0.03515625
0be01c24,post_first512,512,12,0.0234375
0be01c24,post_last512,512,17,0.033203125
0be01c24,lateral_prefix,608,20,0.03289473684210526
0c1b160c,full,6714,3442,0.5126601131963062
0c1b160c,prefix,1660,809,0.48734939759036144
0c1b160c,post_ps,5054,2633,0.5209734863474476
0c1b160c,prefix_last512,512,292,0.5703125
0c1b160c,post_first512,512,292,0.5703125
0c1b160c,post_last512,512,236,0.4609375
0c1b160c,lateral_prefix,799,438,0.5481852315394243
0d99f8e4,full,7522,3805,0.5058495081095453
0d99f8e4,prefix,1699,661,0.3890523837551501
0d99f8e4,post_ps,5823,3144,0.5399278722308088
0d99f8e4,prefix_last512,512,294,0.57421875
0d99f8e4,post_first512,512,258,0.50390625
0d99f8e4,post_last512,512,291,0.568359375
0d99f8e4,lateral_prefix,717,387,0.5397489539748954
0dc5e64d,full,6191,69,0.011145210789856244
0dc5e64d,prefix,1312,13,0.009908536585365854
0dc5e64d,post_ps,4879,56,0.011477761836441894
0dc5e64d,prefix_last512,512,2,0.00390625
0dc5e64d,post_first512,512,0,0.0
0dc5e64d,post_last512,512,13,0.025390625
0dc5e64d,lateral_prefix,323,0,0.0
0dc835f3,full,5279,190,0.035991665088084865
0dc835f3,prefix,851,42,0.04935370152761457
0dc835f3,post_ps,4428,148,0.03342366757000903
0dc835f3,prefix_last512,512,26,0.05078125
0dc835f3,post_first512,512,13,0.025390625
0dc835f3,post_last512,512,18,0.03515625
0dc835f3,lateral_prefix,208,3,0.014423076923076924
0dd99dc5,full,9182,4323,0.4708124591592246
0dd99dc5,prefix,1840,825,0.4483695652173913
0dd99dc5,post_ps,7342,3498,0.476436938163988
0dd99dc5,prefix_last512,512,291,0.568359375
0dd99dc5,post_first512,512,314,0.61328125
0dd99dc5,post_last512,512,217,0.423828125
0dd99dc5,lateral_prefix,688,392,0.5697674418604651
0e5e560d,full,4896,1207,0.2465277777777778
0e5e560d,prefix,1643,281,0.17102860620815583
0e5e560d,post_ps,3253,926,0.2846603135567169
0e5e560d,prefix_last512,512,131,0.255859375
0e5e560d,post_first512,512,146,0.28515625
0e5e560d,post_last512,512,126,0.24609375
0e5e560d,lateral_prefix,613,142,0.23164763458401305
109d9d70,full,5851,2175,0.3717313279781234
109d9d70,prefix,1636,433,0.26466992665036676
109d9d70,post_ps,4215,1742,0.4132858837485172
109d9d70,prefix_last512,512,193,0.376953125
109d9d70,post_first512,512,220,0.4296875
109d9d70,post_last512,512,192,0.375
109d9d70,lateral_prefix,697,245,0.351506456241033
10a1281a,full,7353,350,0.047599619203046374
10a1281a,prefix,1744,110,0.06307339449541284
10a1281a,post_ps,5609,240,0.04278837582456766
10a1281a,prefix_last512,512,13,0.025390625
10a1281a,post_first512,512,27,0.052734375
10a1281a,post_last512,512,22,0.04296875
10a1281a,lateral_prefix,757,20,0.026420079260237782
10b89021,full,7166,3626,0.5060005581914597
10b89021,prefix,1752,522,0.2979452054794521
10b89021,post_ps,5414,3104,0.5733284078315478
10b89021,prefix_last512,512,262,0.51171875
10b89021,post_first512,512,287,0.560546875
10b89021,post_last512,512,143,0.279296875
10b89021,lateral_prefix,710,310,0.43661971830985913
10be2420,full,5203,2439,0.4687680184508937
10be2420,prefix,1932,749,0.38768115942028986
10be2420,post_ps,3271,1690,0.5166615713848975
10be2420,prefix_last512,512,312,0.609375
10be2420,post_first512,512,244,0.4765625
10be2420,post_last512,512,234,0.45703125
10be2420,lateral_prefix,742,420,0.5660377358490566
113011eb,full,4561,2180,0.47796535847401883
113011eb,prefix,1289,534,0.4142746314972847
113011eb,post_ps,3272,1646,0.5030562347188264
113011eb,prefix_last512,512,277,0.541015625
113011eb,post_first512,512,279,0.544921875
113011eb,post_last512,512,212,0.4140625
113011eb,lateral_prefix,619,335,0.5411954765751211
1131525f,full,5548,1750,0.31542898341744774
1131525f,prefix,1389,278,0.20014398848092152
1131525f,post_ps,4159,1472,0.35393123346958405
1131525f,prefix_last512,512,158,0.30859375
1131525f,post_first512,512,195,0.380859375
1131525f,post_last512,512,205,0.400390625
1131525f,lateral_prefix,615,194,0.3154471544715447
11d0f5ac,full,6378,2380,0.3731577296958294
11d0f5ac,prefix,1495,407,0.27224080267558526
11d0f5ac,post_ps,4883,1973,0.4040548842924432
11d0f5ac,prefix_last512,512,214,0.41796875
11d0f5ac,post_first512,512,212,0.4140625
11d0f5ac,post_last512,512,184,0.359375
11d0f5ac,lateral_prefix,725,300,0.41379310344827586
12203f2a,full,4991,1294,0.2592666800240433
12203f2a,prefix,1730,345,0.1994219653179191
12203f2a,post_ps,3261,949,0.291015026065624
12203f2a,prefix_last512,512,219,0.427734375
12203f2a,post_first512,512,193,0.376953125
12203f2a,post_last512,512,177,0.345703125
12203f2a,lateral_prefix,697,270,0.38737446197991393
122bd617,full,6408,1880,0.2933832709113608
122bd617,prefix,1838,488,0.26550598476605003
122bd617,post_ps,4570,1392,0.30459518599562363
122bd617,prefix_last512,512,208,0.40625
122bd617,post_first512,512,180,0.3515625
122bd617,post_last512,512,170,0.33203125
122bd617,lateral_prefix,624,252,0.40384615384615385
125be846,full,8033,1938,0.2412548238516121
125be846,prefix,1523,142,0.09323703217334209
125be846,post_ps,6510,1796,0.27588325652841783
125be846,prefix_last512,512,105,0.205078125
125be846,post_first512,512,127,0.248046875
125be846,post_last512,512,119,0.232421875
125be846,lateral_prefix,747,112,0.1499330655957162
1285a37b,full,7403,284,0.038362825881399436
1285a37b,prefix,1806,50,0.02768549280177187
1285a37b,post_ps,5597,234,0.0418081114882973
1285a37b,prefix_last512,512,11,0.021484375
1285a37b,post_first512,512,17,0.033203125
1285a37b,post_last512,512,35,0.068359375
1285a37b,lateral_prefix,702,17,0.024216524216524215
1295a25b,full,7037,2887,0.4102600540002842
1295a25b,prefix,1486,414,0.27860026917900405
1295a25b,post_ps,5551,2473,0.44550531435777335
1295a25b,prefix_last512,512,238,0.46484375
1295a25b,post_first512,512,260,0.5078125
1295a25b,post_last512,512,168,0.328125
1295a25b,lateral_prefix,687,304,0.44250363901018924
12f0cd90,full,7431,1932,0.25999192571659263
12f0cd90,prefix,1484,199,0.13409703504043127
12f0cd90,post_ps,5947,1733,0.2914074323188162
12f0cd90,prefix_last512,512,160,0.3125
12f0cd90,post_first512,512,143,0.279296875
12f0cd90,post_last512,512,123,0.240234375
12f0cd90,lateral_prefix,380,147,0.3868421052631579
137d1e44,full,6313,2756,0.4365594804371931
137d1e44,prefix,1759,544,0.30926662876634453
137d1e44,post_ps,4554,2212,0.4857268335529205
137d1e44,prefix_last512,512,305,0.595703125
137d1e44,post_first512,512,246,0.48046875
137d1e44,post_last512,512,267,0.521484375
137d1e44,lateral_prefix,725,371,0.5117241379310344
13ce113d,full,4875,921,0.18892307692307692
13ce113d,prefix,1909,354,0.18543740178103718
13ce113d,post_ps,2966,567,0.19116655428186108
13ce113d,prefix_last512,512,137,0.267578125
13ce113d,post_first512,512,67,0.130859375
13ce113d,post_last512,512,102,0.19921875
13ce113d,lateral_prefix,492,124,0.25203252032520324
13f598d9,full,8934,4772,0.5341392433400493
13f598d9,prefix,1628,709,0.4355036855036855
13f598d9,post_ps,7306,4063,0.556118258965234
13f598d9,prefix_last512,512,291,0.568359375
13f598d9,post_first512,512,317,0.619140625
13f598d9,post_last512,512,216,0.421875
13f598d9,lateral_prefix,741,425,0.573549257759784
14a53cb3,full,8780,1136,0.12938496583143508
14a53cb3,prefix,1861,231,0.12412681354110693
14a53cb3,post_ps,6919,905,0.13079924844630728
14a53cb3,prefix_last512,512,54,0.10546875
14a53cb3,post_first512,512,38,0.07421875
14a53cb3,post_last512,512,24,0.046875
14a53cb3,lateral_prefix,791,88,0.11125158027812895
14ab73fb,full,5279,2114,0.4004546315590074
14ab73fb,prefix,1630,619,0.37975460122699384
14ab73fb,post_ps,3649,1495,0.4097012880241162
14ab73fb,prefix_last512,512,210,0.41015625
14ab73fb,post_first512,512,200,0.390625
14ab73fb,post_last512,512,194,0.37890625
14ab73fb,lateral_prefix,677,274,0.40472673559822747
14ad5efb,full,7352,1274,0.17328618063112078
14ad5efb,prefix,1510,83,0.05496688741721854
14ad5efb,post_ps,5842,1191,0.20386853817185896
14ad5efb,prefix_last512,512,40,0.078125
14ad5efb,post_first512,512,48,0.09375
14ad5efb,post_last512,512,131,0.255859375
14ad5efb,lateral_prefix,137,11,0.08029197080291971
14fee784,full,6406,3536,0.5519825163908836
14fee784,prefix,1496,588,0.393048128342246
14fee784,post_ps,4910,2948,0.6004073319755601
14fee784,prefix_last512,512,300,0.5859375
14fee784,post_first512,512,314,0.61328125
14fee784,post_last512,512,284,0.5546875
14fee784,lateral_prefix,683,379,0.554904831625183
153552f5,full,6498,1219,0.1875961834410588
153552f5,prefix,1803,243,0.13477537437603992
153552f5,post_ps,4695,976,0.2078807241746539
153552f5,prefix_last512,512,97,0.189453125
153552f5,post_first512,512,105,0.205078125
153552f5,post_last512,512,116,0.2265625
153552f5,lateral_prefix,777,151,0.19433719433719435
1550491d,full,5929,226,0.038117726429414744
1550491d,prefix,1366,56,0.040995607613469986
1550491d,post_ps,4563,170,0.037256191102344946
1550491d,prefix_last512,512,18,0.03515625
1550491d,post_first512,512,18,0.03515625
1550491d,post_last512,512,16,0.03125
1550491d,lateral_prefix,712,26,0.03651685393258427
155887bb,full,7062,1761,0.24936278674596432
155887bb,prefix,1477,246,0.16655382532159782
155887bb,post_ps,5585,1515,0.2712623097582811
155887bb,prefix_last512,512,63,0.123046875
155887bb,post_first512,512,173,0.337890625
155887bb,post_last512,512,65,0.126953125
155887bb,lateral_prefix,243,51,0.20987654320987653
1590af81,full,5231,905,0.17300707321735806
1590af81,prefix,1432,114,0.07960893854748603
1590af81,post_ps,3799,791,0.2082126875493551
1590af81,prefix_last512,512,80,0.15625
1590af81,post_first512,512,89,0.173828125
1590af81,post_last512,512,108,0.2109375
1590af81,lateral_prefix,738,106,0.14363143631436315
15e154a1,full,7699,3681,0.47811404078451747
15e154a1,prefix,1631,732,0.4488044144696505
15e154a1,post_ps,6068,2949,0.48599208965062624
15e154a1,prefix_last512,512,285,0.556640625
15e154a1,post_first512,512,301,0.587890625
15e154a1,post_last512,512,196,0.3828125
15e154a1,lateral_prefix,622,348,0.5594855305466238
1619e2ca,full,6002,2166,0.3608797067644119
1619e2ca,prefix,1559,403,0.2584990378447723
1619e2ca,post_ps,4443,1763,0.3968039612874184
1619e2ca,prefix_last512,512,213,0.416015625
1619e2ca,post_first512,512,220,0.4296875
1619e2ca,post_last512,512,154,0.30078125
1619e2ca,lateral_prefix,656,268,0.40853658536585363
16e4a047,full,5684,3138,0.5520760028149191
16e4a047,prefix,1553,772,0.4971023824855119
16e4a047,post_ps,4131,2366,0.5727426773178407
16e4a047,prefix_last512,512,260,0.5078125
16e4a047,post_first512,512,310,0.60546875
16e4a047,post_last512,512,389,0.759765625
16e4a047,lateral_prefix,272,138,0.5073529411764706
173ed841,full,6530,2354,0.36049004594180706
173ed841,prefix,1647,452,0.27443837279902855
173ed841,post_ps,4883,1902,0.38951464263772273
173ed841,prefix_last512,512,243,0.474609375
173ed841,post_first512,512,261,0.509765625
173ed841,post_last512,512,134,0.26171875
173ed841,lateral_prefix,724,311,0.42955801104972374
1770d7c6,full,9121,410,0.0449512114899682
1770d7c6,prefix,1881,77,0.04093567251461988
1770d7c6,post_ps,7240,333,0.04599447513812155
1770d7c6,prefix_last512,512,23,0.044921875
1770d7c6,post_first512,512,29,0.056640625
1770d7c6,post_last512,512,22,0.04296875
1770d7c6,lateral_prefix,704,28,0.03977272727272727
177622d7,full,4699,2224,0.4732921898276229
177622d7,prefix,1545,448,0.28996763754045307
177622d7,post_ps,3154,1776,0.5630944831959417
177622d7,prefix_last512,512,269,0.525390625
177622d7,post_first512,512,287,0.560546875
177622d7,post_last512,512,256,0.5
177622d7,lateral_prefix,717,349,0.48675034867503486
18d24f7b,full,6260,759,0.12124600638977635
18d24f7b,prefix,1702,162,0.09518213866039953
18d24f7b,post_ps,4558,597,0.13097849934181657
18d24f7b,prefix_last512,512,104,0.203125
18d24f7b,post_first512,512,63,0.123046875
18d24f7b,post_last512,512,80,0.15625
18d24f7b,lateral_prefix,719,117,0.1627260083449235
19137a89,full,7958,650,0.0816788137723046
19137a89,prefix,1691,292,0.17267888823181549
19137a89,post_ps,6267,358,0.057124621030796234
19137a89,prefix_last512,512,34,0.06640625
19137a89,post_first512,512,30,0.05859375
19137a89,post_last512,512,41,0.080078125
19137a89,lateral_prefix,700,43,0.06142857142857143
1944513c,full,6599,503,0.07622367025306864
1944513c,prefix,1877,326,0.17368140649973363
1944513c,post_ps,4722,177,0.03748411689961881
1944513c,prefix_last512,512,19,0.037109375
1944513c,post_first512,512,23,0.044921875
1944513c,post_last512,512,21,0.041015625
1944513c,lateral_prefix,690,24,0.034782608695652174
197f8a5a,full,8248,4272,0.5179437439379243
197f8a5a,prefix,1938,981,0.5061919504643962
197f8a5a,post_ps,6310,3291,0.5215530903328051
197f8a5a,prefix_last512,512,370,0.72265625
197f8a5a,post_first512,512,353,0.689453125
197f8a5a,post_last512,512,259,0.505859375
197f8a5a,lateral_prefix,776,555,0.7152061855670103
19871e7f,full,7152,1009,0.141079418344519
19871e7f,prefix,1859,249,0.13394298009682626
19871e7f,post_ps,5293,760,0.14358586812771584
19871e7f,prefix_last512,512,64,0.125
19871e7f,post_first512,512,48,0.09375
19871e7f,post_last512,512,135,0.263671875
19871e7f,lateral_prefix,733,84,0.1145975443383356
198a5607,full,8094,2020,0.24956758092414133
198a5607,prefix,1843,338,0.18339663591969615
198a5607,post_ps,6251,1682,0.26907694768836987
198a5607,prefix_last512,512,183,0.357421875
198a5607,post_first512,512,170,0.33203125
198a5607,post_last512,512,94,0.18359375
198a5607,lateral_prefix,685,196,0.28613138686131384
19fb4f7b,full,7923,300,0.03786444528587656
19fb4f7b,prefix,2303,58,0.02518454190186713
19fb4f7b,post_ps,5620,242,0.04306049822064057
19fb4f7b,prefix_last512,512,22,0.04296875
19fb4f7b,post_first512,512,21,0.041015625
19fb4f7b,post_last512,512,30,0.05859375
19fb4f7b,lateral_prefix,838,25,0.029832935560859187
1a518997,full,6544,2398,0.36644254278728605
1a518997,prefix,1938,525,0.2708978328173375
1a518997,post_ps,4606,1873,0.4066435084672167
1a518997,prefix_last512,512,138,0.26953125
1a518997,post_first512,512,206,0.40234375
1a518997,post_last512,512,184,0.359375
1a518997,lateral_prefix,799,203,0.25406758448060074
1a68190b,full,6502,1537,0.2363888034450938
1a68190b,prefix,2028,304,0.14990138067061143
1a68190b,post_ps,4474,1233,0.275592311130979
1a68190b,prefix_last512,512,118,0.23046875
1a68190b,post_first512,512,189,0.369140625
1a68190b,post_last512,512,178,0.34765625
1a68190b,lateral_prefix,727,157,0.21595598349381018
1a730ac2,full,6049,1797,0.29707389651182015
1a730ac2,prefix,1444,422,0.2922437673130194
1a730ac2,post_ps,4605,1375,0.2985884907709012
1a730ac2,prefix_last512,512,152,0.296875
1a730ac2,post_first512,512,168,0.328125
1a730ac2,post_last512,512,154,0.30078125
1a730ac2,lateral_prefix,644,184,0.2857142857142857
1aaf1da0,full,6321,1498,0.2369878183831672
1aaf1da0,prefix,1517,215,0.14172709294660515
1aaf1da0,post_ps,4804,1283,0.2670691090757702
1aaf1da0,prefix_last512,512,130,0.25390625
1aaf1da0,post_first512,512,103,0.201171875
1aaf1da0,post_last512,512,144,0.28125
1aaf1da0,lateral_prefix,483,128,0.2650103519668737
1b08ed48,full,7175,3936,0.5485714285714286
1b08ed48,prefix,1557,676,0.4341682723185613
1b08ed48,post_ps,5618,3260,0.5802776788892845
1b08ed48,prefix_last512,512,303,0.591796875
1b08ed48,post_first512,512,308,0.6015625
1b08ed48,post_last512,512,298,0.58203125
1b08ed48,lateral_prefix,722,402,0.556786703601108
1b1c5372,full,5792,1489,0.25707872928176795
1b1c5372,prefix,1531,199,0.12998040496407576
1b1c5372,post_ps,4261,1290,0.30274583431119456
1b1c5372,prefix_last512,512,115,0.224609375
1b1c5372,post_first512,512,139,0.271484375
1b1c5372,post_last512,512,189,0.369140625
1b1c5372,lateral_prefix,629,147,0.23370429252782193
1b1eba53,full,6710,941,0.14023845007451566
1b1eba53,prefix,2055,182,0.08856447688564477
1b1eba53,post_ps,4655,759,0.16305048335123523
1b1eba53,prefix_last512,512,78,0.15234375
1b1eba53,post_first512,512,110,0.21484375
1b1eba53,post_last512,512,83,0.162109375
1b1eba53,lateral_prefix,723,96,0.13278008298755187
1b6ba517,full,8611,3618,0.42016026013238883
1b6ba517,prefix,2014,822,0.40814299900695133
1b6ba517,post_ps,6597,2796,0.42382901318781263
1b6ba517,prefix_last512,512,276,0.5390625
1b6ba517,post_first512,512,274,0.53515625
1b6ba517,post_last512,512,215,0.419921875
1b6ba517,lateral_prefix,690,365,0.5289855072463768
1b82b665,full,5364,539,0.10048471290082028
1b82b665,prefix,1558,291,0.18677792041078306
1b82b665,post_ps,3806,248,0.0651602732527588
1b82b665,prefix_last512,512,36,0.0703125
1b82b665,post_first512,512,34,0.06640625
1b82b665,post_last512,512,42,0.08203125
1b82b665,lateral_prefix,609,41,0.06732348111658457
1bcb2fcf,full,6202,450,0.07255723960012898
1bcb2fcf,prefix,1678,150,0.08939213349225268
1bcb2fcf,post_ps,4524,300,0.06631299734748011
1bcb2fcf,prefix_last512,512,47,0.091796875
1bcb2fcf,post_first512,512,63,0.123046875
1bcb2fcf,post_last512,512,26,0.05078125
1bcb2fcf,lateral_prefix,711,55,0.07735583684950774
1beca81d,full,6650,2975,0.4473684210526316
1beca81d,prefix,1614,561,0.3475836431226766
1beca81d,post_ps,5036,2414,0.47934868943606035
1beca81d,prefix_last512,512,239,0.466796875
1beca81d,post_first512,512,268,0.5234375
1beca81d,post_last512,512,218,0.42578125
1beca81d,lateral_prefix,638,310,0.48589341692789967
1d3fbf02,full,4252,1406,0.3306679209783631
1d3fbf02,prefix,1558,438,0.2811296534017972
1d3fbf02,post_ps,2694,968,0.3593170007423905
1d3fbf02,prefix_last512,512,169,0.330078125
1d3fbf02,post_first512,512,173,0.337890625
1d3fbf02,post_last512,512,185,0.361328125
1d3fbf02,lateral_prefix,802,282,0.3516209476309227
1d78281a,full,6810,1311,0.19251101321585903
1d78281a,prefix,1861,248,0.13326168726491133
1d78281a,post_ps,4949,1063,0.21479086684178622
1d78281a,prefix_last512,512,112,0.21875
1d78281a,post_first512,512,76,0.1484375
1d78281a,post_last512,512,172,0.3359375
1d78281a,lateral_prefix,678,147,0.2168141592920354
1e30dedf,full,5474,2466,0.4504932407745707
1e30dedf,prefix,1403,532,0.3791874554526016
1e30dedf,post_ps,4071,1934,0.4750675509702776
1e30dedf,prefix_last512,512,241,0.470703125
1e30dedf,post_first512,512,332,0.6484375
1e30dedf,post_last512,512,197,0.384765625
1e30dedf,lateral_prefix,749,339,0.45260347129506007
1e5e3573,full,7126,4017,0.5637103564412013
1e5e3573,prefix,1646,771,0.468408262454435
1e5e3573,post_ps,5480,3246,0.5923357664233576
1e5e3573,prefix_last512,512,343,0.669921875
1e5e3573,post_first512,512,305,0.595703125
1e5e3573,post_last512,512,168,0.328125
1e5e3573,lateral_prefix,605,395,0.6528925619834711
1f9afacb,full,7054,2741,0.38857385880351575
1f9afacb,prefix,1726,393,0.22769409038238703
1f9afacb,post_ps,5328,2348,0.44069069069069067
1f9afacb,prefix_last512,512,217,0.423828125
1f9afacb,post_first512,512,236,0.4609375
1f9afacb,post_last512,512,246,0.48046875
1f9afacb,lateral_prefix,664,251,0.37801204819277107
1fdbba44,full,6333,1226,0.19358913627033003
1fdbba44,prefix,1422,249,0.1751054852320675
1fdbba44,post_ps,4911,977,0.19894115251476277
1fdbba44,prefix_last512,512,140,0.2734375
1fdbba44,post_first512,512,127,0.248046875
1fdbba44,post_last512,512,80,0.15625
1fdbba44,lateral_prefix,703,185,0.2631578947368421
1fee2b62,full,6323,3507,0.5546417839633085
1fee2b62,prefix,1682,792,0.4708680142687277
1fee2b62,post_ps,4641,2715,0.5850032320620556
1fee2b62,prefix_last512,512,344,0.671875
1fee2b62,post_first512,512,376,0.734375
1fee2b62,post_last512,512,238,0.46484375
1fee2b62,lateral_prefix,681,459,0.6740088105726872
20096916,full,6880,3328,0.48372093023255813
20096916,prefix,1747,671,0.3840870062965083
20096916,post_ps,5133,2657,0.5176310150009741
20096916,prefix_last512,512,290,0.56640625
20096916,post_first512,512,282,0.55078125
20096916,post_last512,512,233,0.455078125
20096916,lateral_prefix,724,382,0.5276243093922652
200d233d,full,5896,388,0.06580732700135686
200d233d,prefix,1970,81,0.04111675126903553
200d233d,post_ps,3926,307,0.0781966377992868
200d233d,prefix_last512,512,29,0.056640625
200d233d,post_first512,512,37,0.072265625
200d233d,post_last512,512,36,0.0703125
200d233d,lateral_prefix,765,42,0.054901960784313725
201661b5,full,8136,478,0.058751229105211404
201661b5,prefix,2181,84,0.03851444291609354
201661b5,post_ps,5955,394,0.06616288832913518
201661b5,prefix_last512,512,25,0.048828125
201661b5,post_first512,512,28,0.0546875
201661b5,post_last512,512,24,0.046875
201661b5,lateral_prefix,742,28,0.03773584905660377
203721ab,full,7235,1449,0.20027643400138218
203721ab,prefix,1505,275,0.18272425249169436
203721ab,post_ps,5730,1174,0.2048865619546248
203721ab,prefix_last512,512,190,0.37109375
203721ab,post_first512,512,155,0.302734375
203721ab,post_last512,512,37,0.072265625
203721ab,lateral_prefix,642,215,0.3348909657320872
20402d71,full,7930,101,0.012736443883984868
20402d71,prefix,1558,16,0.010269576379974325
20402d71,post_ps,6372,85,0.013339610797237916
20402d71,prefix_last512,512,8,0.015625
20402d71,post_first512,512,2,0.00390625
20402d71,post_last512,512,7,0.013671875
20402d71,lateral_prefix,713,11,0.015427769985974754
2043abc5,full,8513,5611,0.6591095970868084
2043abc5,prefix,1555,932,0.5993569131832798
2043abc5,post_ps,6958,4679,0.6724633515377982
2043abc5,prefix_last512,512,374,0.73046875
2043abc5,post_first512,512,347,0.677734375
2043abc5,post_last512,512,378,0.73828125
2043abc5,lateral_prefix,690,495,0.717391304347826
204cc64b,full,6454,2118,0.32816857762627827
204cc64b,prefix,1649,401,0.24317768344451182
204cc64b,post_ps,4805,1717,0.3573361082206035
204cc64b,prefix_last512,512,168,0.328125
204cc64b,post_first512,512,237,0.462890625
204cc64b,post_last512,512,146,0.28515625
204cc64b,lateral_prefix,608,201,0.3305921052631579
206b6193,full,8568,317,0.03699813258636788
206b6193,prefix,2033,49,0.024102311854402363
206b6193,post_ps,6535,268,0.04100994644223412
206b6193,prefix_last512,512,7,0.013671875
206b6193,post_first512,512,19,0.037109375
206b6193,post_last512,512,46,0.08984375
206b6193,lateral_prefix,1044,14,0.013409961685823755
2075c696,full,5580,459,0.08225806451612903
2075c696,prefix,2392,201,0.08403010033444816
2075c696,post_ps,3188,258,0.0809284818067754
2075c696,prefix_last512,512,42,0.08203125
2075c696,post_first512,512,21,0.041015625
2075c696,post_last512,512,34,0.06640625
2075c696,lateral_prefix,772,63,0.08160621761658031
22c5f93f,full,6919,3805,0.5499349616996676
22c5f93f,prefix,1747,869,0.497424155695478
22c5f93f,post_ps,5172,2936,0.5676720804331014
22c5f93f,prefix_last512,512,347,0.677734375
22c5f93f,post_first512,512,317,0.619140625
22c5f93f,post_last512,512,225,0.439453125
22c5f93f,lateral_prefix,652,443,0.6794478527607362
230eaaa3,full,6451,1177,0.1824523329716323
230eaaa3,prefix,1761,291,0.16524701873935263
230eaaa3,post_ps,4690,886,0.18891257995735608
230eaaa3,prefix_last512,512,178,0.34765625
230eaaa3,post_first512,512,111,0.216796875
230eaaa3,post_last512,512,140,0.2734375
230eaaa3,lateral_prefix,516,179,0.34689922480620156
2364716c,full,6093,1690,0.2773674708682094
2364716c,prefix,1777,422,0.23747889701744512
2364716c,post_ps,4316,1268,0.293790546802595
2364716c,prefix_last512,512,172,0.3359375
2364716c,post_first512,512,170,0.33203125
2364716c,post_last512,512,125,0.244140625
2364716c,lateral_prefix,640,208,0.325
23b9beb0,full,8790,1856,0.2111490329920364
23b9beb0,prefix,1450,189,0.13034482758620689
23b9beb0,post_ps,7340,1667,0.2271117166212534
23b9beb0,prefix_last512,512,90,0.17578125
23b9beb0,post_first512,512,111,0.216796875
23b9beb0,post_last512,512,93,0.181640625
23b9beb0,lateral_prefix,621,96,0.15458937198067632
24d8997e,full,5188,636,0.12259059367771781
24d8997e,prefix,1746,124,0.07101947308132875
24d8997e,post_ps,3442,512,0.14875072632190586
24d8997e,prefix_last512,512,48,0.09375
24d8997e,post_first512,512,92,0.1796875
24d8997e,post_last512,512,82,0.16015625
24d8997e,lateral_prefix,799,84,0.10513141426783479
25050f63,full,7155,327,0.04570230607966457
25050f63,prefix,1031,21,0.020368574199806012
25050f63,post_ps,6124,306,0.04996734160679295
25050f63,prefix_last512,512,11,0.021484375
25050f63,post_first512,512,5,0.009765625
25050f63,post_last512,512,13,0.025390625
25050f63,lateral_prefix,0,0,
25939962,full,6071,3520,0.579805633338824
25939962,prefix,1752,831,0.4743150684931507
25939962,post_ps,4319,2689,0.6225978235702709
25939962,prefix_last512,512,386,0.75390625
25939962,post_first512,512,325,0.634765625
25939962,post_last512,512,324,0.6328125
25939962,lateral_prefix,651,477,0.7327188940092166
25fd32b3,full,4546,1039,0.22855257369115706
25fd32b3,prefix,1661,301,0.18121613485851895
25fd32b3,post_ps,2885,738,0.2558058925476603
25fd32b3,prefix_last512,512,117,0.228515625
25fd32b3,post_first512,512,150,0.29296875
25fd32b3,post_last512,512,112,0.21875
25fd32b3,lateral_prefix,722,167,0.23130193905817176
261785ee,full,5512,1824,0.3309143686502177
261785ee,prefix,1866,453,0.2427652733118971
261785ee,post_ps,3646,1371,0.37602852441031265
261785ee,prefix_last512,512,152,0.296875
261785ee,post_first512,512,153,0.298828125
261785ee,post_last512,512,171,0.333984375
261785ee,lateral_prefix,660,177,0.2681818181818182
264feceb,full,7408,308,0.041576673866090715
264feceb,prefix,1743,65,0.037292025243832475
264feceb,post_ps,5665,243,0.04289496910856134
264feceb,prefix_last512,512,19,0.037109375
264feceb,post_first512,512,27,0.052734375
264feceb,post_last512,512,25,0.048828125
264feceb,lateral_prefix,788,24,0.030456852791878174
26623a50,full,7479,1973,0.26380532156705444
26623a50,prefix,1744,364,0.20871559633027523
26623a50,post_ps,5735,1609,0.28055797733217086
26623a50,prefix_last512,512,162,0.31640625
26623a50,post_first512,512,174,0.33984375
26623a50,post_last512,512,88,0.171875
26623a50,lateral_prefix,708,210,0.2966101694915254
26d3a96a,full,6465,2059,0.31848414539829856
26d3a96a,prefix,1744,562,0.32224770642201833
26d3a96a,post_ps,4721,1497,0.31709383605168395
26d3a96a,prefix_last512,512,195,0.380859375
26d3a96a,post_first512,512,202,0.39453125
26d3a96a,post_last512,512,77,0.150390625
26d3a96a,lateral_prefix,668,242,0.36227544910179643
272abef3,full,5682,262,0.04611052446321718
272abef3,prefix,1547,69,0.04460245636716225
272abef3,post_ps,4135,193,0.046674727932285366
272abef3,prefix_last512,512,18,0.03515625
272abef3,post_first512,512,21,0.041015625
272abef3,post_last512,512,15,0.029296875
272abef3,lateral_prefix,712,25,0.0351123595505618
27300fd5,full,7386,249,0.033712428919577576
27300fd5,prefix,1919,47,0.024491922876498175
27300fd5,post_ps,5467,202,0.036948966526431315
27300fd5,prefix_last512,512,7,0.013671875
27300fd5,post_first512,512,21,0.041015625
27300fd5,post_last512,512,17,0.033203125
27300fd5,lateral_prefix,749,13,0.017356475300400534
276b012a,full,6291,928,0.14751231918613894
276b012a,prefix,1454,154,0.10591471801925723
276b012a,post_ps,4837,774,0.16001653917717593
276b012a,prefix_last512,512,77,0.150390625
276b012a,post_first512,512,87,0.169921875
276b012a,post_last512,512,143,0.279296875
276b012a,lateral_prefix,704,100,0.14204545454545456
27c3155b,full,6941,232,0.03342457859098113
27c3155b,prefix,1983,61,0.030761472516389308
27c3155b,post_ps,4958,171,0.03448971359419121
27c3155b,prefix_last512,512,16,0.03125
27c3155b,post_first512,512,16,0.03125
27c3155b,post_last512,512,23,0.044921875
27c3155b,lateral_prefix,720,24,0.03333333333333333
27ebb9b9,full,7651,1475,0.19278525682917266
27ebb9b9,prefix,1885,231,0.12254641909814323
27ebb9b9,post_ps,5766,1244,0.21574748525841136
27ebb9b9,prefix_last512,512,130,0.25390625
27ebb9b9,post_first512,512,94,0.18359375
27ebb9b9,post_last512,512,140,0.2734375
27ebb9b9,lateral_prefix,752,156,0.2074468085106383
283269ac,full,4567,2676,0.585942631924677
283269ac,prefix,1941,898,0.46264811952601753
283269ac,post_ps,2626,1778,0.6770753998476771
283269ac,prefix_last512,512,342,0.66796875
283269ac,post_first512,512,350,0.68359375
283269ac,post_last512,512,361,0.705078125
283269ac,lateral_prefix,699,456,0.6523605150214592
28473855,full,6620,201,0.030362537764350453
28473855,prefix,2330,69,0.0296137339055794
28473855,post_ps,4290,132,0.03076923076923077
28473855,prefix_last512,512,6,0.01171875
28473855,post_first512,512,14,0.02734375
28473855,post_last512,512,11,0.021484375
28473855,lateral_prefix,772,11,0.014248704663212436
28f4eda9,full,6824,1508,0.22098475967174677
28f4eda9,prefix,1558,290,0.18613607188703465
28f4eda9,post_ps,5266,1218,0.23129510064565134
28f4eda9,prefix_last512,512,102,0.19921875
28f4eda9,post_first512,512,134,0.26171875
28f4eda9,post_last512,512,181,0.353515625
28f4eda9,lateral_prefix,843,185,0.21945432977461446
29b24409,full,7417,4164,0.5614129702035864
29b24409,prefix,1830,837,0.45737704918032784
29b24409,post_ps,5587,3327,0.5954895292643637
29b24409,prefix_last512,512,294,0.57421875
29b24409,post_first512,512,316,0.6171875
29b24409,post_last512,512,287,0.560546875
29b24409,lateral_prefix,785,417,0.5312101910828025
29de15c8,full,5164,213,0.04124709527498063
29de15c8,prefix,1733,76,0.04385458742065782
29de15c8,post_ps,3431,137,0.03993004954823667
29de15c8,prefix_last512,512,22,0.04296875
29de15c8,post_first512,512,15,0.029296875
29de15c8,post_last512,512,26,0.05078125
29de15c8,lateral_prefix,686,26,0.037900874635568516
2ab29395,full,3325,992,0.29834586466165414
2ab29395,prefix,1473,328,0.22267481330617786
2ab29395,post_ps,1852,664,0.35853131749460043
2ab29395,prefix_last512,512,149,0.291015625
2ab29395,post_first512,512,157,0.306640625
2ab29395,post_last512,512,207,0.404296875
2ab29395,lateral_prefix,612,168,0.27450980392156865
2ac7cb6b,full,6451,268,0.04154394667493412
2ac7cb6b,prefix,1461,70,0.04791238877481177
2ac7cb6b,post_ps,4990,198,0.039679358717434866
2ac7cb6b,prefix_last512,512,21,0.041015625
2ac7cb6b,post_first512,512,14,0.02734375
2ac7cb6b,post_last512,512,30,0.05859375
2ac7cb6b,lateral_prefix,683,30,0.043923865300146414
2acc78d4,full,6109,3655,0.5982975937141922
2acc78d4,prefix,1843,746,0.40477482365708084
2acc78d4,post_ps,4266,2909,0.6819034224097515
2acc78d4,prefix_last512,512,308,0.6015625
2acc78d4,post_first512,512,361,0.705078125
2acc78d4,post_last512,512,376,0.734375
2acc78d4,lateral_prefix,721,436,0.6047156726768377
2b034622,full,6761,1846,0.27303653305724007
2b034622,prefix,1558,230,0.14762516046213095
2b034622,post_ps,5203,1616,0.3105900442052662
2b034622,prefix_last512,512,142,0.27734375
2b034622,post_first512,512,175,0.341796875
2b034622,post_last512,512,144,0.28125
2b034622,lateral_prefix,647,153,0.23647604327666152
2b06ad65,full,5706,234,0.04100946372239748
2b06ad65,prefix,1450,67,0.046206896551724136
2b06ad65,post_ps,4256,167,0.03923872180451128
2b06ad65,prefix_last512,512,23,0.044921875
2b06ad65,post_first512,512,14,0.02734375
2b06ad65,post_last512,512,24,0.046875
2b06ad65,lateral_prefix,661,28,0.04236006051437216
2b547943,full,5131,1628,0.3172870785421945
2b547943,prefix,1651,388,0.2350090854027862
2b547943,post_ps,3480,1240,0.3563218390804598
2b547943,prefix_last512,512,163,0.318359375
2b547943,post_first512,512,169,0.330078125
2b547943,post_last512,512,175,0.341796875
2b547943,lateral_prefix,630,212,0.33650793650793653
2be5c96a,full,5753,4198,0.7297062402224926
2be5c96a,prefix,1543,938,0.6079066753078418
2be5c96a,post_ps,4210,3260,0.7743467933491687
2be5c96a,prefix_last512,512,414,0.80859375
2be5c96a,post_first512,512,422,0.82421875
2be5c96a,post_last512,512,380,0.7421875
2be5c96a,lateral_prefix,622,496,0.797427652733119
2bff06cf,full,9174,4364,0.47569217353390014
2bff06cf,prefix,1550,551,0.3554838709677419
2bff06cf,post_ps,7624,3813,0.5001311647429171
2bff06cf,prefix_last512,512,239,0.466796875
2bff06cf,post_first512,512,299,0.583984375
2bff06cf,post_last512,512,209,0.408203125
2bff06cf,lateral_prefix,380,200,0.5263157894736842
2c0c4a4e,full,6719,351,0.05223991665426403
2c0c4a4e,prefix,1929,127,0.0658372213582167
2c0c4a4e,post_ps,4790,224,0.04676409185803758
2c0c4a4e,prefix_last512,512,24,0.046875
2c0c4a4e,post_first512,512,37,0.072265625
2c0c4a4e,post_last512,512,32,0.0625
2c0c4a4e,lateral_prefix,807,46,0.057001239157372985
2cee0cba,full,7335,3135,0.4274028629856851
2cee0cba,prefix,1835,552,0.3008174386920981
2cee0cba,post_ps,5500,2583,0.46963636363636363
2cee0cba,prefix_last512,512,232,0.453125
2cee0cba,post_first512,512,196,0.3828125
2cee0cba,post_last512,512,219,0.427734375
2cee0cba,lateral_prefix,625,295,0.472
2d0c268a,full,6289,1639,0.2606137700747337
2d0c268a,prefix,1739,352,0.2024151811385854
2d0c268a,post_ps,4550,1287,0.28285714285714286
2d0c268a,prefix_last512,512,121,0.236328125
2d0c268a,post_first512,512,136,0.265625
2d0c268a,post_last512,512,122,0.23828125
2d0c268a,lateral_prefix,693,151,0.2178932178932179
2d179ded,full,9225,3872,0.4197289972899729
2d179ded,prefix,2217,624,0.2814614343707713
2d179ded,post_ps,7008,3248,0.4634703196347032
2d179ded,prefix_last512,512,235,0.458984375
2d179ded,post_first512,512,258,0.50390625
2d179ded,post_last512,512,221,0.431640625
2d179ded,lateral_prefix,835,336,0.4023952095808383
2d196986,full,8316,100,0.012025012025012025
2d196986,prefix,1842,17,0.009229098805646038
2d196986,post_ps,6474,83,0.01282051282051282
2d196986,prefix_last512,512,2,0.00390625
2d196986,post_first512,512,2,0.00390625
2d196986,post_last512,512,8,0.015625
2d196986,lateral_prefix,790,5,0.006329113924050633
2d2d0c6b,full,6967,4217,0.6052820439213434
2d2d0c6b,prefix,1922,1063,0.5530697190426639
2d2d0c6b,post_ps,5045,3154,0.6251734390485629
2d2d0c6b,prefix_last512,512,335,0.654296875
2d2d0c6b,post_first512,512,338,0.66015625
2d2d0c6b,post_last512,512,305,0.595703125
2d2d0c6b,lateral_prefix,711,465,0.6540084388185654
2d35f86d,full,6628,1604,0.2420036210018105
2d35f86d,prefix,1732,363,0.20958429561200922
2d35f86d,post_ps,4896,1241,0.2534722222222222
2d35f86d,prefix_last512,512,162,0.31640625
2d35f86d,post_first512,512,86,0.16796875
2d35f86d,post_last512,512,173,0.337890625
2d35f86d,lateral_prefix,793,277,0.3493064312736444
2d9f6cb9,full,8627,331,0.03836791468644952
2d9f6cb9,prefix,1289,65,0.0504266873545384
2d9f6cb9,post_ps,7338,266,0.036249659307713275
2d9f6cb9,prefix_last512,512,20,0.0390625
2d9f6cb9,post_first512,512,32,0.0625
2d9f6cb9,post_last512,512,25,0.048828125
2d9f6cb9,lateral_prefix,662,31,0.04682779456193353
2ddad940,full,6812,1060,0.15560775102759836
2ddad940,prefix,1481,187,0.1262660364618501
2ddad940,post_ps,5331,873,0.1637591446257738
2ddad940,prefix_last512,512,112,0.21875
2ddad940,post_first512,512,142,0.27734375
2ddad940,post_last512,512,66,0.12890625
2ddad940,lateral_prefix,622,130,0.2090032154340836
2e29e833,full,7254,312,0.043010752688172046
2e29e833,prefix,1826,69,0.03778751369112815
2e29e833,post_ps,5428,243,0.04476787030213707
2e29e833,prefix_last512,512,15,0.029296875
2e29e833,post_first512,512,13,0.025390625
2e29e833,post_last512,512,26,0.05078125
2e29e833,lateral_prefix,713,23,0.03225806451612903
2e43c2ea,full,7349,2457,0.33433120152401685
2e43c2ea,prefix,1651,458,0.2774076317383404
2e43c2ea,post_ps,5698,1999,0.3508248508248508
2e43c2ea,prefix_last512,512,207,0.404296875
2e43c2ea,post_first512,512,182,0.35546875
2e43c2ea,post_last512,512,159,0.310546875
2e43c2ea,lateral_prefix,707,246,0.347949080622348
2e63d9de,full,6505,964,0.1481936971560338
2e63d9de,prefix,1806,233,0.12901439645625692
2e63d9de,post_ps,4699,731,0.15556501383273036
2e63d9de,prefix_last512,512,54,0.10546875
2e63d9de,post_first512,512,67,0.130859375
2e63d9de,post_last512,512,102,0.19921875
2e63d9de,lateral_prefix,681,75,0.11013215859030837
2ee0235b,full,7256,818,0.11273428886438809
2ee0235b,prefix,1700,165,0.09705882352941177
2ee0235b,post_ps,5556,653,0.11753059755219583
2ee0235b,prefix_last512,512,77,0.150390625
2ee0235b,post_first512,512,74,0.14453125
2ee0235b,post_last512,512,24,0.046875
2ee0235b,lateral_prefix,737,112,0.1519674355495251
2f19d536,full,4744,1454,0.30649241146711637
2f19d536,prefix,1656,301,0.1817632850241546
2f19d536,post_ps,3088,1153,0.37338082901554404
2f19d536,prefix_last512,512,157,0.306640625
2f19d536,post_first512,512,195,0.380859375
2f19d536,post_last512,512,204,0.3984375
2f19d536,lateral_prefix,818,230,0.28117359413202936
2f8e53c3,full,4133,1455,0.3520445197193322
2f8e53c3,prefix,1539,364,0.2365172189733593
2f8e53c3,post_ps,2594,1091,0.42058596761757905
2f8e53c3,prefix_last512,512,224,0.4375
2f8e53c3,post_first512,512,265,0.517578125
2f8e53c3,post_last512,512,129,0.251953125
2f8e53c3,lateral_prefix,499,217,0.4348697394789579
2fa01aa6,full,3860,1031,0.26709844559585494
2fa01aa6,prefix,1686,168,0.099644128113879
2fa01aa6,post_ps,2174,863,0.3969641214351426
2fa01aa6,prefix_last512,512,54,0.10546875
2fa01aa6,post_first512,512,89,0.173828125
2fa01aa6,post_last512,512,287,0.560546875
2fa01aa6,lateral_prefix,727,84,0.1155433287482806
2fd68f7b,full,6381,3590,0.5626077417332707
2fd68f7b,prefix,1651,686,0.41550575408843127
2fd68f7b,post_ps,4730,2904,0.6139534883720931
2fd68f7b,prefix_last512,512,305,0.595703125
2fd68f7b,post_first512,512,305,0.595703125
2fd68f7b,post_last512,512,307,0.599609375
2fd68f7b,lateral_prefix,627,369,0.5885167464114832
2fe023be,full,6060,2501,0.4127062706270627
2fe023be,prefix,1839,609,0.33115823817292006
2fe023be,post_ps,4221,1892,0.4482350153991945
2fe023be,prefix_last512,512,274,0.53515625
2fe023be,post_first512,512,282,0.55078125
2fe023be,post_last512,512,171,0.333984375
2fe023be,lateral_prefix,786,381,0.4847328244274809
30d75030,full,5009,874,0.17448592533439808
30d75030,prefix,1605,199,0.12398753894080997
30d75030,post_ps,3404,675,0.19829612220916568
30d75030,prefix_last512,512,74,0.14453125
30d75030,post_first512,512,124,0.2421875
30d75030,post_last512,512,74,0.14453125
30d75030,lateral_prefix,779,90,0.11553273427471117
310c71a5,full,6988,942,0.13480251860332
310c71a5,prefix,1743,90,0.05163511187607573
310c71a5,post_ps,5245,852,0.16244041944709248
310c71a5,prefix_last512,512,29,0.056640625
310c71a5,post_first512,512,22,0.04296875
310c71a5,post_last512,512,89,0.173828125
310c71a5,lateral_prefix,735,38,0.05170068027210884
32fe84c9,full,8163,1203,0.14737228959941198
32fe84c9,prefix,1755,230,0.13105413105413105
32fe84c9,post_ps,6408,973,0.1518414481897628
32fe84c9,prefix_last512,512,123,0.240234375
32fe84c9,post_first512,512,108,0.2109375
32fe84c9,post_last512,512,42,0.08203125
32fe84c9,lateral_prefix,702,168,0.23931623931623933
33c40295,full,5989,445,0.07430288862915345
33c40295,prefix,1820,223,0.12252747252747252
33c40295,post_ps,4169,222,0.053250179899256414
33c40295,prefix_last512,512,27,0.052734375
33c40295,post_first512,512,21,0.041015625
33c40295,post_last512,512,55,0.107421875
33c40295,lateral_prefix,755,40,0.052980132450331126
3407f5bf,full,5309,2162,0.40723300056507816
3407f5bf,prefix,1671,488,0.29204069419509276
3407f5bf,post_ps,3638,1674,0.4601429356789445
3407f5bf,prefix_last512,512,201,0.392578125
3407f5bf,post_first512,512,226,0.44140625
3407f5bf,post_last512,512,228,0.4453125
3407f5bf,lateral_prefix,690,264,0.3826086956521739
3417285d,full,7458,599,0.08031643872351837
3417285d,prefix,2009,64,0.031856645097063215
3417285d,post_ps,5449,535,0.09818315287208662
3417285d,prefix_last512,512,27,0.052734375
3417285d,post_first512,512,31,0.060546875
3417285d,post_last512,512,31,0.060546875
3417285d,lateral_prefix,730,41,0.056164383561643834
347242c8,full,5437,263,0.04837226411624057
347242c8,prefix,1842,58,0.031487513572204126
347242c8,post_ps,3595,205,0.05702364394993046
347242c8,prefix_last512,512,23,0.044921875
347242c8,post_first512,512,28,0.0546875
347242c8,post_last512,512,29,0.056640625
347242c8,lateral_prefix,621,24,0.03864734299516908
353e5502,full,7901,1218,0.15415770155676498
353e5502,prefix,1839,15,0.008156606851549755
353e5502,post_ps,6062,1203,0.19844935664797098
353e5502,prefix_last512,512,1,0.001953125
353e5502,post_first512,512,3,0.005859375
353e5502,post_last512,512,311,0.607421875
353e5502,lateral_prefix,690,3,0.004347826086956522
357c12f9,full,5770,640,0.11091854419410745
357c12f9,prefix,1691,192,0.11354228267297457
357c12f9,post_ps,4079,448,0.10983084089237559
357c12f9,prefix_last512,512,58,0.11328125
357c12f9,post_first512,512,45,0.087890625
357c12f9,post_last512,512,78,0.15234375
357c12f9,lateral_prefix,680,75,0.11029411764705882
3584a6eb,full,6150,1080,0.17560975609756097
3584a6eb,prefix,1656,181,0.10929951690821256
3584a6eb,post_ps,4494,899,0.20004450378282154
3584a6eb,prefix_last512,512,75,0.146484375
3584a6eb,post_first512,512,131,0.255859375
3584a6eb,post_last512,512,75,0.146484375
3584a6eb,lateral_prefix,637,93,0.14599686028257458
35b30c7f,full,11270,4797,0.4256433007985803
35b30c7f,prefix,1691,545,0.322294500295683
35b30c7f,post_ps,9579,4252,0.44388767094686293
35b30c7f,prefix_last512,512,218,0.42578125
35b30c7f,post_first512,512,212,0.4140625
35b30c7f,post_last512,512,249,0.486328125
35b30c7f,lateral_prefix,619,260,0.420032310177706
35b3ef6a,full,5736,2047,0.3568688981868898
35b3ef6a,prefix,1832,545,0.29748908296943233
35b3ef6a,post_ps,3904,1502,0.38473360655737704
35b3ef6a,prefix_last512,512,200,0.390625
35b3ef6a,post_first512,512,252,0.4921875
35b3ef6a,post_last512,512,180,0.3515625
35b3ef6a,lateral_prefix,913,361,0.3953997809419496
367456ce,full,7312,2520,0.34463894967177244
367456ce,prefix,1743,592,0.33964429145152036
367456ce,post_ps,5569,1928,0.3462021906985096
367456ce,prefix_last512,512,195,0.380859375
367456ce,post_first512,512,193,0.376953125
367456ce,post_last512,512,156,0.3046875
367456ce,lateral_prefix,736,281,0.38179347826086957
368131f9,full,6568,3989,0.6073386114494519
368131f9,prefix,1577,815,0.5168040583386176
368131f9,post_ps,4991,3174,0.6359447004608295
368131f9,prefix_last512,512,352,0.6875
368131f9,post_first512,512,345,0.673828125
368131f9,post_last512,512,276,0.5390625
368131f9,lateral_prefix,897,584,0.6510590858416946
368fe682,full,6416,234,0.036471321695760596
368fe682,prefix,1480,56,0.03783783783783784
368fe682,post_ps,4936,178,0.03606158833063209
368fe682,prefix_last512,512,9,0.017578125
368fe682,post_first512,512,8,0.015625
368fe682,post_last512,512,22,0.04296875
368fe682,lateral_prefix,738,22,0.02981029810298103
3690a146,full,5761,960,0.16663773650407915
3690a146,prefix,1688,240,0.14218009478672985
3690a146,post_ps,4073,720,0.17677387674932482
3690a146,prefix_last512,512,67,0.130859375
3690a146,post_first512,512,75,0.146484375
3690a146,post_last512,512,64,0.125
3690a146,lateral_prefix,627,78,0.12440191387559808
37344c2a,full,6943,977,0.14071726919199193
37344c2a,prefix,1746,231,0.1323024054982818
37344c2a,post_ps,5197,746,0.14354435251106407
37344c2a,prefix_last512,512,84,0.1640625
37344c2a,post_first512,512,63,0.123046875
37344c2a,post_last512,512,96,0.1875
37344c2a,lateral_prefix,642,105,0.16355140186915887
373ef48b,full,4992,1949,0.39042467948717946
373ef48b,prefix,1483,342,0.2306136210384356
373ef48b,post_ps,3509,1607,0.4579652322599031
373ef48b,prefix_last512,512,174,0.33984375
373ef48b,post_first512,512,166,0.32421875
373ef48b,post_last512,512,253,0.494140625
373ef48b,lateral_prefix,578,187,0.3235294117647059
374be387,full,11802,6974,0.5909167937637688
374be387,prefix,1837,908,0.49428415895481764
374be387,post_ps,9965,6066,0.6087305569493227
374be387,prefix_last512,512,337,0.658203125
374be387,post_first512,512,350,0.68359375
374be387,post_last512,512,261,0.509765625
374be387,lateral_prefix,702,432,0.6153846153846154
37d36812,full,6017,1368,0.2273558251620409
37d36812,prefix,1650,268,0.16242424242424242
37d36812,post_ps,4367,1100,0.2518891687657431
37d36812,prefix_last512,512,154,0.30078125
37d36812,post_first512,512,160,0.3125
37d36812,post_last512,512,121,0.236328125
37d36812,lateral_prefix,671,185,0.2757078986587183
38991fd4,full,6545,1684,0.25729564553093964
38991fd4,prefix,1747,387,0.22152261018889524
38991fd4,post_ps,4798,1297,0.27032096706961234
38991fd4,prefix_last512,512,125,0.244140625
38991fd4,post_first512,512,146,0.28515625
38991fd4,post_last512,512,118,0.23046875
38991fd4,lateral_prefix,693,151,0.2178932178932179
389ae58f,full,8201,1530,0.1865626143153274
389ae58f,prefix,1738,267,0.15362485615650173
389ae58f,post_ps,6463,1263,0.1954200835525298
389ae58f,prefix_last512,512,115,0.224609375
389ae58f,post_first512,512,80,0.15625
389ae58f,post_last512,512,85,0.166015625
389ae58f,lateral_prefix,705,157,0.2226950354609929
3932faa6,full,7388,2149,0.2908770979967515
3932faa6,prefix,1936,486,0.2510330578512397
3932faa6,post_ps,5452,1663,0.30502567865003666
3932faa6,prefix_last512,512,194,0.37890625
3932faa6,post_first512,512,253,0.494140625
3932faa6,post_last512,512,85,0.166015625
3932faa6,lateral_prefix,819,306,0.37362637362637363
398dce4b,full,5005,2215,0.44255744255744256
398dce4b,prefix,1839,635,0.3452963567156063
398dce4b,post_ps,3166,1580,0.4990524320909665
398dce4b,prefix_last512,512,238,0.46484375
398dce4b,post_first512,512,256,0.5
398dce4b,post_last512,512,236,0.4609375
398dce4b,lateral_prefix,720,330,0.4583333333333333
39b51819,full,6382,3382,0.5299279222814165
39b51819,prefix,2151,1020,0.47419804741980476
39b51819,post_ps,4231,2362,0.5582604585204444
39b51819,prefix_last512,512,287,0.560546875
39b51819,post_first512,512,281,0.548828125
39b51819,post_last512,512,196,0.3828125
39b51819,lateral_prefix,1089,611,0.5610651974288338
3a0af893,full,4580,2242,0.48951965065502184
3a0af893,prefix,1653,727,0.4398064125831821
3a0af893,post_ps,2927,1515,0.5175948069695935
3a0af893,prefix_last512,512,314,0.61328125
3a0af893,post_first512,512,298,0.58203125
3a0af893,post_last512,512,265,0.517578125
3a0af893,lateral_prefix,792,477,0.6022727272727273
3a223519,full,6581,807,0.12262574076888011
3a223519,prefix,1998,388,0.1941941941941942
3a223519,post_ps,4583,419,0.0914248308967925
3a223519,prefix_last512,512,62,0.12109375
3a223519,post_first512,512,43,0.083984375
3a223519,post_last512,512,66,0.12890625
3a223519,lateral_prefix,658,73,0.11094224924012158
3a7dd95d,full,4320,1853,0.4289351851851852
3a7dd95d,prefix,1248,398,0.3189102564102564
3a7dd95d,post_ps,3072,1455,0.4736328125
3a7dd95d,prefix_last512,512,231,0.451171875
3a7dd95d,post_first512,512,234,0.45703125
3a7dd95d,post_last512,512,258,0.50390625
3a7dd95d,lateral_prefix,475,224,0.47157894736842104
3a824aa7,full,5678,2653,0.46724198661500527
3a824aa7,prefix,1477,671,0.45429925524712256
3a824aa7,post_ps,4201,1982,0.47179243037372054
3a824aa7,prefix_last512,512,322,0.62890625
3a824aa7,post_first512,512,305,0.595703125
3a824aa7,post_last512,512,242,0.47265625
3a824aa7,lateral_prefix,681,415,0.6093979441997063
3a86fe8d,full,6572,2961,0.4505477784540475
3a86fe8d,prefix,1454,514,0.3535075653370014
3a86fe8d,post_ps,5118,2447,0.47811645173896056
3a86fe8d,prefix_last512,512,229,0.447265625
3a86fe8d,post_first512,512,199,0.388671875
3a86fe8d,post_last512,512,237,0.462890625
3a86fe8d,lateral_prefix,654,296,0.4525993883792049
3aaa2b30,full,6396,1788,0.2795497185741088
3aaa2b30,prefix,1685,317,0.18813056379821957
3aaa2b30,post_ps,4711,1471,0.3122479303757164
3aaa2b30,prefix_last512,512,164,0.3203125
3aaa2b30,post_first512,512,173,0.337890625
3aaa2b30,post_last512,512,140,0.2734375
3aaa2b30,lateral_prefix,707,209,0.2956152758132956
3ac16ad0,full,7412,1847,0.24919050188882894
3ac16ad0,prefix,1763,420,0.238230289279637
3ac16ad0,post_ps,5649,1427,0.2526110816073641
3ac16ad0,prefix_last512,512,131,0.255859375
3ac16ad0,post_first512,512,123,0.240234375
3ac16ad0,post_last512,512,117,0.228515625
3ac16ad0,lateral_prefix,761,192,0.25229960578186594
3b21ea64,full,9103,499,0.054817093265956275
3b21ea64,prefix,1727,54,0.03126809496236248
3b21ea64,post_ps,7376,445,0.06033080260303687
3b21ea64,prefix_last512,512,15,0.029296875
3b21ea64,post_first512,512,19,0.037109375
3b21ea64,post_last512,512,38,0.07421875
3b21ea64,lateral_prefix,720,22,0.030555555555555555
3bbe1f5d,full,8184,3316,0.4051808406647116
3bbe1f5d,prefix,1266,137,0.10821484992101106
3bbe1f5d,post_ps,6918,3179,0.45952587453021104
3bbe1f5d,prefix_last512,512,35,0.068359375
3bbe1f5d,post_first512,512,149,0.291015625
3bbe1f5d,post_last512,512,229,0.447265625
3bbe1f5d,lateral_prefix,259,26,0.10038610038610038
3bfee975,full,5088,2941,0.5780267295597484
3bfee975,prefix,1485,753,0.5070707070707071
3bfee975,post_ps,3603,2188,0.6072717180127671
3bfee975,prefix_last512,512,391,0.763671875
3bfee975,post_first512,512,355,0.693359375
3bfee975,post_last512,512,283,0.552734375
3bfee975,lateral_prefix,664,476,0.7168674698795181
3c3dbcbc,full,6911,3680,0.5324844450875416
3c3dbcbc,prefix,1842,820,0.44516829533116176
3c3dbcbc,post_ps,5069,2860,0.5642138488853817
3c3dbcbc,prefix_last512,512,352,0.6875
3c3dbcbc,post_first512,512,298,0.58203125
3c3dbcbc,post_last512,512,241,0.470703125
3c3dbcbc,lateral_prefix,669,455,0.680119581464873
3d96d897,full,7147,478,0.06688120889883867
3d96d897,prefix,1488,69,0.046370967741935484
3d96d897,post_ps,5659,409,0.07227425340166108
3d96d897,prefix_last512,512,17,0.033203125
3d96d897,post_first512,512,15,0.029296875
3d96d897,post_last512,512,99,0.193359375
3d96d897,lateral_prefix,636,21,0.0330188679245283
3df4b19e,full,6658,1868,0.2805647341544007
3df4b19e,prefix,1670,398,0.23832335329341317
3df4b19e,post_ps,4988,1470,0.2947072975140337
3df4b19e,prefix_last512,512,206,0.40234375
3df4b19e,post_first512,512,228,0.4453125
3df4b19e,post_last512,512,131,0.255859375
3df4b19e,lateral_prefix,709,265,0.37376586741889983
3e011332,full,4842,92,0.01900041305245766
3e011332,prefix,2119,43,0.020292590844738084
3e011332,post_ps,2723,49,0.017994858611825194
3e011332,prefix_last512,512,2,0.00390625
3e011332,post_first512,512,6,0.01171875
3e011332,post_last512,512,10,0.01953125
3e011332,lateral_prefix,659,3,0.004552352048558422
3e678ea7,full,8737,3371,0.3858303765594598
3e678ea7,prefix,1879,677,0.3602980308674827
3e678ea7,post_ps,6858,2694,0.39282589676290464
3e678ea7,prefix_last512,512,210,0.41015625
3e678ea7,post_first512,512,211,0.412109375
3e678ea7,post_last512,512,186,0.36328125
3e678ea7,lateral_prefix,753,344,0.45683930942895085
3ef6372a,full,6666,259,0.03885388538853885
3ef6372a,prefix,1939,95,0.04899432697266632
3ef6372a,post_ps,4727,164,0.03469430928707425
3ef6372a,prefix_last512,512,22,0.04296875
3ef6372a,post_first512,512,14,0.02734375
3ef6372a,post_last512,512,15,0.029296875
3ef6372a,lateral_prefix,663,29,0.043740573152337855
3ef98781,full,5343,210,0.039303761931499155
3ef98781,prefix,1451,62,0.042729152308752585
3ef98781,post_ps,3892,148,0.03802672147995889
3ef98781,prefix_last512,512,18,0.03515625
3ef98781,post_first512,512,23,0.044921875
3ef98781,post_last512,512,15,0.029296875
3ef98781,lateral_prefix,745,25,0.03355704697986577
3f603129,full,6599,1986,0.3009546901045613
3f603129,prefix,1548,456,0.29457364341085274
3f603129,post_ps,5051,1530,0.30291031478915065
3f603129,prefix_last512,512,177,0.345703125
3f603129,post_first512,512,156,0.3046875
3f603129,post_last512,512,178,0.34765625
3f603129,lateral_prefix,661,220,0.3328290468986384
404c4384,full,2612,515,0.19716692189892804
404c4384,prefix,1701,213,0.12522045855379188
404c4384,post_ps,911,302,0.33150384193194293
404c4384,prefix_last512,512,156,0.3046875
404c4384,post_first512,512,172,0.3359375
404c4384,post_last512,512,175,0.341796875
404c4384,lateral_prefix,685,171,0.24963503649635035
4121c517,full,5471,1794,0.32791080241272164
4121c517,prefix,1748,355,0.2030892448512586
4121c517,post_ps,3723,1439,0.38651625033575077
4121c517,prefix_last512,512,178,0.34765625
4121c517,post_first512,512,201,0.392578125
4121c517,post_last512,512,206,0.40234375
4121c517,lateral_prefix,637,213,0.33437990580847726
41fb0192,full,4381,257,0.05866240584341475
41fb0192,prefix,1408,72,0.05113636363636364
41fb0192,post_ps,2973,185,0.062226707029936094
41fb0192,prefix_last512,512,31,0.060546875
41fb0192,post_first512,512,38,0.07421875
41fb0192,post_last512,512,32,0.0625
41fb0192,lateral_prefix,669,39,0.05829596412556054
42669188,full,6080,454,0.07467105263157894
42669188,prefix,1798,132,0.07341490545050056
42669188,post_ps,4282,322,0.0751985053713218
42669188,prefix_last512,512,38,0.07421875
42669188,post_first512,512,39,0.076171875
42669188,post_last512,512,35,0.068359375
42669188,lateral_prefix,636,52,0.08176100628930817
42c538a1,full,4762,1072,0.2251154976900462
42c538a1,prefix,1483,275,0.18543492919757248
42c538a1,post_ps,3279,797,0.24306190911863373
42c538a1,prefix_last512,512,80,0.15625
42c538a1,post_first512,512,76,0.1484375
42c538a1,post_last512,512,111,0.216796875
42c538a1,lateral_prefix,746,121,0.16219839142091153
43b06c70,full,6590,1012,0.1535660091047041
43b06c70,prefix,1744,213,0.12213302752293578
43b06c70,post_ps,4846,799,0.1648782501031779
43b06c70,prefix_last512,512,112,0.21875
43b06c70,post_first512,512,84,0.1640625
43b06c70,post_last512,512,51,0.099609375
43b06c70,lateral_prefix,724,146,0.20165745856353592
43c7f85a,full,7484,3650,0.4877071084981293
43c7f85a,prefix,1506,635,0.4216467463479416
43c7f85a,post_ps,5978,3015,0.5043492806958849
43c7f85a,prefix_last512,512,319,0.623046875
43c7f85a,post_first512,512,343,0.669921875
43c7f85a,post_last512,512,139,0.271484375
43c7f85a,lateral_prefix,643,385,0.5987558320373251
43e16325,full,5845,1034,0.1769033361847733
43e16325,prefix,2125,437,0.2056470588235294
43e16325,post_ps,3720,597,0.16048387096774194
43e16325,prefix_last512,512,85,0.166015625
43e16325,post_first512,512,99,0.193359375
43e16325,post_last512,512,71,0.138671875
43e16325,lateral_prefix,873,154,0.1764032073310424
44441e54,full,5568,2002,0.35955459770114945
44441e54,prefix,1211,218,0.18001651527663087
44441e54,post_ps,4357,1784,0.40945604773927013
44441e54,prefix_last512,512,144,0.28125
44441e54,post_first512,512,197,0.384765625
44441e54,post_last512,512,189,0.369140625
44441e54,lateral_prefix,300,108,0.36
445af6c2,full,7998,1167,0.14591147786946737
445af6c2,prefix,1957,196,0.10015329586101175
445af6c2,post_ps,6041,971,0.1607349776527065
445af6c2,prefix_last512,512,85,0.166015625
445af6c2,post_first512,512,83,0.162109375
445af6c2,post_last512,512,78,0.15234375
445af6c2,lateral_prefix,621,99,0.15942028985507245
4463446c,full,4729,891,0.18841192641150348
4463446c,prefix,1473,247,0.16768499660556688
4463446c,post_ps,3256,644,0.1977886977886978
4463446c,prefix_last512,512,94,0.18359375
4463446c,post_first512,512,103,0.201171875
4463446c,post_last512,512,124,0.2421875
4463446c,lateral_prefix,714,123,0.1722689075630252
44a94013,full,6492,1573,0.24229821318545902
44a94013,prefix,1589,346,0.21774701069855254
44a94013,post_ps,4903,1227,0.2502549459514583
44a94013,prefix_last512,512,199,0.388671875
44a94013,post_first512,512,118,0.23046875
44a94013,post_last512,512,99,0.193359375
44a94013,lateral_prefix,779,280,0.3594351732991014
45fb3e21,full,5626,2685,0.47724848915748314
45fb3e21,prefix,1977,619,0.3131006575619626
45fb3e21,post_ps,3649,2066,0.5661825157577418
45fb3e21,prefix_last512,512,244,0.4765625
45fb3e21,post_first512,512,272,0.53125
45fb3e21,post_last512,512,291,0.568359375
45fb3e21,lateral_prefix,688,308,0.4476744186046512
460f859e,full,4982,2850,0.572059413890004
460f859e,prefix,1646,780,0.4738760631834751
460f859e,post_ps,3336,2070,0.6205035971223022
460f859e,prefix_last512,512,341,0.666015625
460f859e,post_first512,512,323,0.630859375
460f859e,post_last512,512,350,0.68359375
460f859e,lateral_prefix,637,422,0.6624803767660911
4630ab92,full,5307,1304,0.24571320896928586
4630ab92,prefix,1934,382,0.19751809720785937
4630ab92,post_ps,3373,922,0.27334716869255854
4630ab92,prefix_last512,512,188,0.3671875
4630ab92,post_first512,512,163,0.318359375
4630ab92,post_last512,512,128,0.25
4630ab92,lateral_prefix,655,224,0.3419847328244275
463c38f2,full,6048,1246,0.20601851851851852
463c38f2,prefix,1588,230,0.14483627204030228
463c38f2,post_ps,4460,1016,0.22780269058295965
463c38f2,prefix_last512,512,84,0.1640625
463c38f2,post_first512,512,93,0.181640625
463c38f2,post_last512,512,110,0.21484375
463c38f2,lateral_prefix,838,142,0.16945107398568018
4654e7de,full,7010,346,0.04935805991440799
4654e7de,prefix,1637,76,0.046426389737324374
4654e7de,post_ps,5373,270,0.05025125628140704
4654e7de,prefix_last512,512,24,0.046875
4654e7de,post_first512,512,24,0.046875
4654e7de,post_last512,512,59,0.115234375
4654e7de,lateral_prefix,720,32,0.044444444444444446
466fc788,full,7767,3535,0.4551306810866486
466fc788,prefix,1570,562,0.3579617834394904
466fc788,post_ps,6197,2973,0.4797482652896563
466fc788,prefix_last512,512,266,0.51953125
466fc788,post_first512,512,299,0.583984375
466fc788,post_last512,512,174,0.33984375
466fc788,lateral_prefix,398,206,0.5175879396984925
46a301e9,full,9962,4381,0.43977113029512144
46a301e9,prefix,1736,626,0.36059907834101385
46a301e9,post_ps,8226,3755,0.4564794553853635
46a301e9,prefix_last512,512,292,0.5703125
46a301e9,post_first512,512,306,0.59765625
46a301e9,post_last512,512,182,0.35546875
46a301e9,lateral_prefix,627,350,0.5582137161084529
46a7190b,full,5646,2003,0.35476443499822885
46a7190b,prefix,1431,275,0.19217330538085256
46a7190b,post_ps,4215,1728,0.4099644128113879
46a7190b,prefix_last512,512,172,0.3359375
46a7190b,post_first512,512,232,0.453125
46a7190b,post_last512,512,184,0.359375
46a7190b,lateral_prefix,651,217,0.3333333333333333
46d24a09,full,6123,1230,0.20088192062714355
46d24a09,prefix,1674,294,0.17562724014336917
46d24a09,post_ps,4449,936,0.21038435603506406
46d24a09,prefix_last512,512,136,0.265625
46d24a09,post_first512,512,108,0.2109375
46d24a09,post_last512,512,144,0.28125
46d24a09,lateral_prefix,746,185,0.2479892761394102
46d41ff6,full,9226,2834,0.307175373943204
46d41ff6,prefix,1325,187,0.14113207547169812
46d41ff6,post_ps,7901,2647,0.3350208834324769
46d41ff6,prefix_last512,512,106,0.20703125
46d41ff6,post_first512,512,123,0.240234375
46d41ff6,post_last512,512,143,0.279296875
46d41ff6,lateral_prefix,709,135,0.19040902679830748
46dfcfca,full,4921,2266,0.46047551310709206
46dfcfca,prefix,1315,366,0.2783269961977186
46dfcfca,post_ps,3606,1900,0.5268996117581808
46dfcfca,prefix_last512,512,269,0.525390625
46dfcfca,post_first512,512,285,0.556640625
46dfcfca,post_last512,512,254,0.49609375
46dfcfca,lateral_prefix,617,311,0.5040518638573744
47222616,full,5835,969,0.16606683804627248
47222616,prefix,1429,137,0.09587123862841147
47222616,post_ps,4406,832,0.18883340898774398
47222616,prefix_last512,512,69,0.134765625
47222616,post_first512,512,116,0.2265625
47222616,post_last512,512,104,0.203125
47222616,lateral_prefix,699,102,0.1459227467811159
47ee27ab,full,8274,1450,0.1752477640802514
47ee27ab,prefix,1877,380,0.20245071923281832
47ee27ab,post_ps,6397,1070,0.16726590589338752
47ee27ab,prefix_last512,512,89,0.173828125
47ee27ab,post_first512,512,119,0.232421875
47ee27ab,post_last512,512,51,0.099609375
47ee27ab,lateral_prefix,804,142,0.17661691542288557
481de5fc,full,7694,2641,0.34325448401351705
481de5fc,prefix,1742,429,0.2462686567164179
481de5fc,post_ps,5952,2212,0.37163978494623656
481de5fc,prefix_last512,512,180,0.3515625
481de5fc,post_first512,512,216,0.421875
481de5fc,post_last512,512,174,0.33984375
481de5fc,lateral_prefix,778,261,0.33547557840616965
48c1f673,full,4666,364,0.07801114444920702
48c1f673,prefix,1749,259,0.148084619782733
48c1f673,post_ps,2917,105,0.03599588618443606
48c1f673,prefix_last512,512,34,0.06640625
48c1f673,post_first512,512,10,0.01953125
48c1f673,post_last512,512,22,0.04296875
48c1f673,lateral_prefix,644,49,0.07608695652173914
4936af16,full,5559,2856,0.5137614678899083
4936af16,prefix,1568,625,0.3985969387755102
4936af16,post_ps,3991,2231,0.5590077674768229
4936af16,prefix_last512,512,275,0.537109375
4936af16,post_first512,512,280,0.546875
4936af16,post_last512,512,274,0.53515625
4936af16,lateral_prefix,735,358,0.48707482993197276
493b5b31,full,6884,290,0.0421266705403835
493b5b31,prefix,2213,70,0.031631269769543606
493b5b31,post_ps,4671,220,0.047099122243630914
493b5b31,prefix_last512,512,12,0.0234375
493b5b31,post_first512,512,17,0.033203125
493b5b31,post_last512,512,22,0.04296875
493b5b31,lateral_prefix,811,21,0.025893958076448828
49dbc14c,full,5198,3170,0.6098499422854944
49dbc14c,prefix,1326,561,0.4230769230769231
49dbc14c,post_ps,3872,2609,0.6738119834710744
49dbc14c,prefix_last512,512,339,0.662109375
49dbc14c,post_first512,512,338,0.66015625
49dbc14c,post_last512,512,330,0.64453125
49dbc14c,lateral_prefix,473,315,0.6659619450317125
4a035ec2,full,4522,401,0.08867757629367537
4a035ec2,prefix,1934,176,0.09100310237849017
4a035ec2,post_ps,2588,225,0.08693972179289026
4a035ec2,prefix_last512,512,81,0.158203125
4a035ec2,post_first512,512,70,0.13671875
4a035ec2,post_last512,512,34,0.06640625
4a035ec2,lateral_prefix,627,87,0.13875598086124402
4a335117,full,6727,1801,0.267727070016352
4a335117,prefix,1712,359,0.20969626168224298
4a335117,post_ps,5015,1442,0.2875373878364905
4a335117,prefix_last512,512,152,0.296875
4a335117,post_first512,512,122,0.23828125
4a335117,post_last512,512,130,0.25390625
4a335117,lateral_prefix,693,196,0.2828282828282828
4a8ecc0b,full,7374,135,0.018307567127746133
4a8ecc0b,prefix,1565,19,0.012140575079872205
4a8ecc0b,post_ps,5809,116,0.01996901359958685
4a8ecc0b,prefix_last512,512,2,0.00390625
4a8ecc0b,post_first512,512,9,0.017578125
4a8ecc0b,post_last512,512,9,0.017578125
4a8ecc0b,lateral_prefix,459,2,0.004357298474945534
4b462989,full,4738,1742,0.3676656817222457
4b462989,prefix,1632,510,0.3125
4b462989,post_ps,3106,1232,0.3966516419832582
4b462989,prefix_last512,512,262,0.51171875
4b462989,post_first512,512,240,0.46875
4b462989,post_last512,512,163,0.318359375
4b462989,lateral_prefix,746,357,0.4785522788203753
4b831d20,full,9433,349,0.03699777377292484
4b831d20,prefix,2121,65,0.030645921735030647
4b831d20,post_ps,7312,284,0.038840262582056896
4b831d20,prefix_last512,512,8,0.015625
4b831d20,post_first512,512,20,0.0390625
4b831d20,post_last512,512,13,0.025390625
4b831d20,lateral_prefix,716,16,0.0223463687150838
4c2208f5,full,7248,274,0.03780353200883002
4c2208f5,prefix,1864,71,0.038090128755364806
4c2208f5,post_ps,5384,203,0.037704309063893014
4c2208f5,prefix_last512,512,16,0.03125
4c2208f5,post_first512,512,24,0.046875
4c2208f5,post_last512,512,15,0.029296875
4c2208f5,lateral_prefix,779,25,0.03209242618741977
4c3168cf,full,5959,1264,0.212116126866924
4c3168cf,prefix,1625,244,0.15015384615384617
4c3168cf,post_ps,4334,1020,0.23534840793724043
4c3168cf,prefix_last512,512,126,0.24609375
4c3168cf,post_first512,512,132,0.2578125
4c3168cf,post_last512,512,86,0.16796875
4c3168cf,lateral_prefix,724,174,0.24033149171270718
4c3df468,full,6903,3344,0.48442706069824715
4c3df468,prefix,1511,610,0.40370615486432826
4c3df468,post_ps,5392,2734,0.5070474777448071
4c3df468,prefix_last512,512,297,0.580078125
4c3df468,post_first512,512,285,0.556640625
4c3df468,post_last512,512,283,0.552734375
4c3df468,lateral_prefix,733,408,0.5566166439290586
4caa7289,full,6854,3853,0.5621534870148818
4caa7289,prefix,1458,549,0.3765432098765432
4caa7289,post_ps,5396,3304,0.6123054114158636
4caa7289,prefix_last512,512,301,0.587890625
4caa7289,post_first512,512,297,0.580078125
4caa7289,post_last512,512,350,0.68359375
4caa7289,lateral_prefix,757,402,0.5310435931307794
4cd1ac61,full,6709,729,0.10866000894321061
4cd1ac61,prefix,2220,193,0.08693693693693694
4cd1ac61,post_ps,4489,536,0.11940298507462686
4cd1ac61,prefix_last512,512,27,0.052734375
4cd1ac61,post_first512,512,37,0.072265625
4cd1ac61,post_last512,512,61,0.119140625
4cd1ac61,lateral_prefix,853,70,0.08206330597889801
4cecf7b3,full,7676,3496,0.45544554455445546
4cecf7b3,prefix,1657,589,0.35546167773083887
4cecf7b3,post_ps,6019,2907,0.48297059312178103
4cecf7b3,prefix_last512,512,252,0.4921875
4cecf7b3,post_first512,512,270,0.52734375
4cecf7b3,post_last512,512,200,0.390625
4cecf7b3,lateral_prefix,814,367,0.45085995085995084
4ddde4c1,full,6417,442,0.06887953872526102
4ddde4c1,prefix,1945,105,0.05398457583547558
4ddde4c1,post_ps,4472,337,0.07535778175313058
4ddde4c1,prefix_last512,512,32,0.0625
4ddde4c1,post_first512,512,43,0.083984375
4ddde4c1,post_last512,512,47,0.091796875
4ddde4c1,lateral_prefix,773,50,0.0646830530401035
4e050c92,full,5236,906,0.17303284950343775
4e050c92,prefix,1531,187,0.12214239059438275
4e050c92,post_ps,3705,719,0.19406207827260458
4e050c92,prefix_last512,512,99,0.193359375
4e050c92,post_first512,512,108,0.2109375
4e050c92,post_last512,512,85,0.166015625
4e050c92,lateral_prefix,704,146,0.20738636363636365
4ed93db6,full,6496,256,0.03940886699507389
4ed93db6,prefix,1839,82,0.044589450788472
4ed93db6,post_ps,4657,174,0.037363109297831223
4ed93db6,prefix_last512,512,16,0.03125
4ed93db6,post_first512,512,18,0.03515625
4ed93db6,post_last512,512,21,0.041015625
4ed93db6,lateral_prefix,734,29,0.039509536784741145
4f3eb9e9,full,5911,331,0.05599729318220267
4f3eb9e9,prefix,1214,97,0.07990115321252059
4f3eb9e9,post_ps,4697,234,0.049819033425590804
4f3eb9e9,prefix_last512,512,53,0.103515625
4f3eb9e9,post_first512,512,18,0.03515625
4f3eb9e9,post_last512,512,22,0.04296875
4f3eb9e9,lateral_prefix,686,69,0.10058309037900874
4f4ac5ce,full,6899,3875,0.5616756051601681
4f4ac5ce,prefix,1737,786,0.4525043177892919
4f4ac5ce,post_ps,5162,3089,0.5984114684230918
4f4ac5ce,prefix_last512,512,337,0.658203125
4f4ac5ce,post_first512,512,335,0.654296875
4f4ac5ce,post_last512,512,274,0.53515625
4f4ac5ce,lateral_prefix,736,452,0.6141304347826086
4f4afcc6,full,7184,480,0.066815144766147
4f4afcc6,prefix,1539,70,0.04548408057179987
4f4afcc6,post_ps,5645,410,0.07263064658990256
4f4afcc6,prefix_last512,512,24,0.046875
4f4afcc6,post_first512,512,17,0.033203125
4f4afcc6,post_last512,512,70,0.13671875
4f4afcc6,lateral_prefix,660,33,0.05
4f69febf,full,7599,246,0.03237268061587051
4f69febf,prefix,2139,90,0.04207573632538569
4f69febf,post_ps,5460,156,0.02857142857142857
4f69febf,prefix_last512,512,7,0.013671875
4f69febf,post_first512,512,7,0.013671875
4f69febf,post_last512,512,12,0.0234375
4f69febf,lateral_prefix,727,14,0.01925722145804677
4fbe9c06,full,7938,4749,0.5982615268329554
4fbe9c06,prefix,1651,885,0.536038764385221
4fbe9c06,post_ps,6287,3864,0.6146015587720693
4fbe9c06,prefix_last512,512,297,0.580078125
4fbe9c06,post_first512,512,312,0.609375
4fbe9c06,post_last512,512,281,0.548828125
4fbe9c06,lateral_prefix,715,419,0.586013986013986
504c8b08,full,8012,1479,0.18459810284573142
504c8b08,prefix,1645,295,0.17933130699088146
504c8b08,post_ps,6367,1184,0.18595885032197268
504c8b08,prefix_last512,512,130,0.25390625
504c8b08,post_first512,512,122,0.23828125
504c8b08,post_last512,512,120,0.234375
504c8b08,lateral_prefix,663,155,0.23378582202111614
511e1db0,full,5645,358,0.06341895482728079
511e1db0,prefix,1824,141,0.07730263157894737
511e1db0,post_ps,3821,217,0.05679141585972258
511e1db0,prefix_last512,512,21,0.041015625
511e1db0,post_first512,512,21,0.041015625
511e1db0,post_last512,512,14,0.02734375
511e1db0,lateral_prefix,678,29,0.04277286135693215
512943b2,full,6681,4867,0.7284837599161802
512943b2,prefix,1652,988,0.5980629539951574
512943b2,post_ps,5029,3879,0.7713263074169815
512943b2,prefix_last512,512,411,0.802734375
512943b2,post_first512,512,424,0.828125
512943b2,post_last512,512,397,0.775390625
512943b2,lateral_prefix,710,551,0.776056338028169
5138a660,full,4829,1859,0.38496583143507973
5138a660,prefix,1270,480,0.3779527559055118
5138a660,post_ps,3559,1379,0.38746838999719024
5138a660,prefix_last512,512,206,0.40234375
5138a660,post_first512,512,210,0.41015625
5138a660,post_last512,512,172,0.3359375
5138a660,lateral_prefix,215,95,0.4418604651162791
516088b7,full,8300,4530,0.5457831325301205
516088b7,prefix,1655,595,0.3595166163141994
516088b7,post_ps,6645,3935,0.5921745673438675
516088b7,prefix_last512,512,289,0.564453125
516088b7,post_first512,512,276,0.5390625
516088b7,post_last512,512,334,0.65234375
516088b7,lateral_prefix,671,390,0.5812220566318927
521a7819,full,7224,1052,0.14562569213732005
521a7819,prefix,2024,231,0.11413043478260869
521a7819,post_ps,5200,821,0.15788461538461537
521a7819,prefix_last512,512,71,0.138671875
521a7819,post_first512,512,91,0.177734375
521a7819,post_last512,512,47,0.091796875
521a7819,lateral_prefix,782,100,0.1278772378516624
5254b6db,full,5115,1089,0.2129032258064516
5254b6db,prefix,1841,369,0.200434546442151
5254b6db,post_ps,3274,720,0.21991447770311545
5254b6db,prefix_last512,512,127,0.248046875
5254b6db,post_first512,512,153,0.298828125
5254b6db,post_last512,512,95,0.185546875
5254b6db,lateral_prefix,737,167,0.2265943012211669
529e88ca,full,5253,2627,0.5000951837045498
529e88ca,prefix,1836,748,0.4074074074074074
529e88ca,post_ps,3417,1879,0.549897570968686
529e88ca,prefix_last512,512,290,0.56640625
529e88ca,post_first512,512,282,0.55078125
529e88ca,post_last512,512,244,0.4765625
529e88ca,lateral_prefix,757,406,0.5363276089828269
52f1e77a,full,6053,367,0.06063109202048571
52f1e77a,prefix,1611,90,0.055865921787709494
52f1e77a,post_ps,4442,277,0.062359297613687525
52f1e77a,prefix_last512,512,31,0.060546875
52f1e77a,post_first512,512,34,0.06640625
52f1e77a,post_last512,512,34,0.06640625
52f1e77a,lateral_prefix,736,49,0.06657608695652174
5305524b,full,6457,2103,0.3256930463063342
5305524b,prefix,1559,367,0.2354073123797306
5305524b,post_ps,4898,1736,0.35443037974683544
5305524b,prefix_last512,512,174,0.33984375
5305524b,post_first512,512,192,0.375
5305524b,post_last512,512,171,0.333984375
5305524b,lateral_prefix,724,254,0.35082872928176795
53134831,full,7214,3865,0.5357637926254505
53134831,prefix,2088,895,0.428639846743295
53134831,post_ps,5126,2970,0.5793991416309013
53134831,prefix_last512,512,286,0.55859375
53134831,post_first512,512,298,0.58203125
53134831,post_last512,512,271,0.529296875
53134831,lateral_prefix,800,433,0.54125
5397ceb1,full,6811,542,0.07957715460284834
5397ceb1,prefix,1556,93,0.05976863753213368
5397ceb1,post_ps,5255,449,0.08544243577545195
5397ceb1,prefix_last512,512,24,0.046875
5397ceb1,post_first512,512,23,0.044921875
5397ceb1,post_last512,512,50,0.09765625
5397ceb1,lateral_prefix,726,34,0.046831955922865015
53f23031,full,10200,357,0.035
53f23031,prefix,1650,6,0.0036363636363636364
53f23031,post_ps,8550,351,0.04105263157894737
53f23031,prefix_last512,512,2,0.00390625
53f23031,post_first512,512,5,0.009765625
53f23031,post_last512,512,55,0.107421875
53f23031,lateral_prefix,621,2,0.00322061191626409
543198e8,full,8311,2243,0.26988328720972204
543198e8,prefix,1808,451,0.24944690265486727
543198e8,post_ps,6503,1792,0.2755651237890204
543198e8,prefix_last512,512,162,0.31640625
543198e8,post_first512,512,167,0.326171875
543198e8,post_last512,512,86,0.16796875
543198e8,lateral_prefix,716,223,0.31145251396648044
54753541,full,5679,1519,0.2674766684275401
54753541,prefix,1653,317,0.19177253478523895
54753541,post_ps,4026,1202,0.2985593641331346
54753541,prefix_last512,512,142,0.27734375
54753541,post_first512,512,157,0.306640625
54753541,post_last512,512,156,0.3046875
54753541,lateral_prefix,772,207,0.26813471502590674
54a7e3c2,full,7893,2444,0.30964145445331304
54a7e3c2,prefix,1738,323,0.1858457997698504
54a7e3c2,post_ps,6155,2121,0.3445978878960195
54a7e3c2,prefix_last512,512,170,0.33203125
54a7e3c2,post_first512,512,233,0.455078125
54a7e3c2,post_last512,512,160,0.3125
54a7e3c2,lateral_prefix,760,226,0.29736842105263156
5542c301,full,5433,2487,0.45775814467145226
5542c301,prefix,1842,759,0.41205211726384366
5542c301,post_ps,3591,1728,0.48120300751879697
5542c301,prefix_last512,512,222,0.43359375
5542c301,post_first512,512,248,0.484375
5542c301,post_last512,512,243,0.474609375
5542c301,lateral_prefix,742,324,0.4366576819407008
5567d551,full,8390,5358,0.6386174016686531
5567d551,prefix,1501,798,0.5316455696202531
5567d551,post_ps,6889,4560,0.6619248076643925
5567d551,prefix_last512,512,325,0.634765625
5567d551,post_first512,512,344,0.671875
5567d551,post_last512,512,219,0.427734375
5567d551,lateral_prefix,744,465,0.625
55efee7f,full,6577,377,0.05732096700623385
55efee7f,prefix,1776,324,0.18243243243243243
55efee7f,post_ps,4801,53,0.011039366798583628
55efee7f,prefix_last512,512,1,0.001953125
55efee7f,post_first512,512,2,0.00390625
55efee7f,post_last512,512,10,0.01953125
55efee7f,lateral_prefix,710,1,0.0014084507042253522
5663b2b7,full,6907,1007,0.14579412190531346
5663b2b7,prefix,1935,228,0.11782945736434108
5663b2b7,post_ps,4972,779,0.1566773934030571
5663b2b7,prefix_last512,512,80,0.15625
5663b2b7,post_first512,512,79,0.154296875
5663b2b7,post_last512,512,77,0.150390625
5663b2b7,lateral_prefix,668,104,0.15568862275449102
5693dde2,full,4846,2524,0.5208419314898886
5693dde2,prefix,1358,475,0.34977908689248893
5693dde2,post_ps,3488,2049,0.5874426605504587
5693dde2,prefix_last512,512,311,0.607421875
5693dde2,post_first512,512,300,0.5859375
5693dde2,post_last512,512,318,0.62109375
5693dde2,lateral_prefix,655,380,0.5801526717557252
56b00794,full,7293,3229,0.4427533251062663
56b00794,prefix,1228,612,0.498371335504886
56b00794,post_ps,6065,2617,0.4314921681780709
56b00794,prefix_last512,512,288,0.5625
56b00794,post_first512,512,254,0.49609375
56b00794,post_last512,512,158,0.30859375
56b00794,lateral_prefix,618,327,0.529126213592233
57796579,full,7622,493,0.06468118604040934
57796579,prefix,1732,97,0.05600461893764434
57796579,post_ps,5890,396,0.06723259762308999
57796579,prefix_last512,512,22,0.04296875
57796579,post_first512,512,20,0.0390625
57796579,post_last512,512,66,0.12890625
57796579,lateral_prefix,737,27,0.036635006784260515
577eec7c,full,6085,1876,0.30829909613804435
577eec7c,prefix,1546,322,0.20827943078913325
577eec7c,post_ps,4539,1554,0.34236615994712494
577eec7c,prefix_last512,512,145,0.283203125
577eec7c,post_first512,512,146,0.28515625
577eec7c,post_last512,512,195,0.380859375
577eec7c,lateral_prefix,413,118,0.2857142857142857
57f05c51,full,6478,382,0.05896881753627663
57f05c51,prefix,1707,105,0.061511423550087874
57f05c51,post_ps,4771,277,0.05805910710542863
57f05c51,prefix_last512,512,25,0.048828125
57f05c51,post_first512,512,28,0.0546875
57f05c51,post_last512,512,36,0.0703125
57f05c51,lateral_prefix,647,34,0.05255023183925812
58850d2c,full,6918,140,0.02023706273489448
58850d2c,prefix,1923,30,0.015600624024960999
58850d2c,post_ps,4995,110,0.022022022022022022
58850d2c,prefix_last512,512,9,0.017578125
58850d2c,post_first512,512,9,0.017578125
58850d2c,post_last512,512,8,0.015625
58850d2c,lateral_prefix,685,11,0.016058394160583942
58fa8486,full,6126,1630,0.2660790075089781
58fa8486,prefix,1651,365,0.22107813446396124
58fa8486,post_ps,4475,1265,0.28268156424581004
58fa8486,prefix_last512,512,159,0.310546875
58fa8486,post_first512,512,188,0.3671875
58fa8486,post_last512,512,115,0.224609375
58fa8486,lateral_prefix,737,237,0.32157394843962006
591cc951,full,6669,255,0.038236617183985605
591cc951,prefix,2060,213,0.10339805825242719
591cc951,post_ps,4609,42,0.009112605771316989
591cc951,prefix_last512,512,2,0.00390625
591cc951,post_first512,512,4,0.0078125
591cc951,post_last512,512,7,0.013671875
591cc951,lateral_prefix,917,4,0.004362050163576881
593876b6,full,6366,259,0.040684888469996856
593876b6,prefix,1524,85,0.0557742782152231
593876b6,post_ps,4842,174,0.03593556381660471
593876b6,prefix_last512,512,29,0.056640625
593876b6,post_first512,512,16,0.03125
593876b6,post_last512,512,19,0.037109375
593876b6,lateral_prefix,648,31,0.047839506172839504
59f8b2e8,full,5668,1836,0.323923782639379
59f8b2e8,prefix,1921,572,0.29776158250910983
59f8b2e8,post_ps,3747,1264,0.337336535895383
59f8b2e8,prefix_last512,512,204,0.3984375
59f8b2e8,post_first512,512,189,0.369140625
59f8b2e8,post_last512,512,168,0.328125
59f8b2e8,lateral_prefix,791,312,0.3944374209860936
5a1a8fd8,full,6814,3348,0.4913413560316994
5a1a8fd8,prefix,1554,558,0.3590733590733591
5a1a8fd8,post_ps,5260,2790,0.5304182509505704
5a1a8fd8,prefix_last512,512,268,0.5234375
5a1a8fd8,post_first512,512,227,0.443359375
5a1a8fd8,post_last512,512,308,0.6015625
5a1a8fd8,lateral_prefix,654,326,0.4984709480122324
5a5269a9,full,8053,3612,0.4485284986961381
5a5269a9,prefix,1540,594,0.38571428571428573
5a5269a9,post_ps,6513,3018,0.46338093044679873
5a5269a9,prefix_last512,512,259,0.505859375
5a5269a9,post_first512,512,268,0.5234375
5a5269a9,post_last512,512,243,0.474609375
5a5269a9,lateral_prefix,619,311,0.5024232633279483
5a5d1982,full,5446,1555,0.2855306647080426
5a5d1982,prefix,1552,449,0.28930412371134023
5a5d1982,post_ps,3894,1106,0.2840267077555213
5a5d1982,prefix_last512,512,167,0.326171875
5a5d1982,post_first512,512,129,0.251953125
5a5d1982,post_last512,512,84,0.1640625
5a5d1982,lateral_prefix,641,195,0.3042121684867395
5a63b5d1,full,8052,4290,0.5327868852459017
5a63b5d1,prefix,1835,894,0.4871934604904632
5a63b5d1,post_ps,6217,3396,0.546244169213447
5a63b5d1,prefix_last512,512,290,0.56640625
5a63b5d1,post_first512,512,271,0.529296875
5a63b5d1,post_last512,512,248,0.484375
5a63b5d1,lateral_prefix,772,434,0.5621761658031088
5aa03df7,full,6752,1899,0.28125
5aa03df7,prefix,1881,282,0.14992025518341306
5aa03df7,post_ps,4871,1617,0.3319646889755697
5aa03df7,prefix_last512,512,125,0.244140625
5aa03df7,post_first512,512,153,0.298828125
5aa03df7,post_last512,512,109,0.212890625
5aa03df7,lateral_prefix,654,137,0.20948012232415902
5aa403d0,full,4702,2525,0.5370055295618885
5aa403d0,prefix,1584,719,0.45391414141414144
5aa403d0,post_ps,3118,1806,0.5792174470814625
5aa403d0,prefix_last512,512,334,0.65234375
5aa403d0,post_first512,512,317,0.619140625
5aa403d0,post_last512,512,311,0.607421875
5aa403d0,lateral_prefix,718,449,0.6253481894150418
5aef5c6c,full,4853,3000,0.6181743251596951
5aef5c6c,prefix,1732,969,0.5594688221709007
5aef5c6c,post_ps,3121,2031,0.6507529637936559
5aef5c6c,prefix_last512,512,325,0.634765625
5aef5c6c,post_first512,512,332,0.6484375
5aef5c6c,post_last512,512,341,0.666015625
5aef5c6c,lateral_prefix,671,416,0.6199701937406855
5b7b6324,full,8197,4338,0.5292180065877761
5b7b6324,prefix,1633,792,0.484996938150643
5b7b6324,post_ps,6564,3546,0.5402193784277879
5b7b6324,prefix_last512,512,382,0.74609375
5b7b6324,post_first512,512,339,0.662109375
5b7b6324,post_last512,512,218,0.42578125
5b7b6324,lateral_prefix,810,551,0.6802469135802469
5bd25f59,full,6120,166,0.02712418300653595
5bd25f59,prefix,1910,74,0.0387434554973822
5bd25f59,post_ps,4210,92,0.021852731591448932
5bd25f59,prefix_last512,512,11,0.021484375
5bd25f59,post_first512,512,5,0.009765625
5bd25f59,post_last512,512,19,0.037109375
5bd25f59,lateral_prefix,672,15,0.022321428571428572
5beded95,full,4779,2598,0.5436283741368487
5beded95,prefix,1722,692,0.40185830429732866
5beded95,post_ps,3057,1906,0.6234870788354596
5beded95,prefix_last512,512,297,0.580078125
5beded95,post_first512,512,288,0.5625
5beded95,post_last512,512,294,0.57421875
5beded95,lateral_prefix,645,372,0.5767441860465117
5cb483ac,full,5206,568,0.10910487898578564
5cb483ac,prefix,1354,108,0.07976366322008863
5cb483ac,post_ps,3852,460,0.11941848390446522
5cb483ac,prefix_last512,512,58,0.11328125
5cb483ac,post_first512,512,52,0.1015625
5cb483ac,post_last512,512,61,0.119140625
5cb483ac,lateral_prefix,626,61,0.09744408945686901
5cdd8dbc,full,5751,2143,0.37263084680925057
5cdd8dbc,prefix,1741,460,0.26421596783457785
5cdd8dbc,post_ps,4010,1683,0.41970074812967584
5cdd8dbc,prefix_last512,512,214,0.41796875
5cdd8dbc,post_first512,512,217,0.423828125
5cdd8dbc,post_last512,512,196,0.3828125
5cdd8dbc,lateral_prefix,715,287,0.4013986013986014
5d11dfb5,full,7643,3315,0.43373021065026823
5d11dfb5,prefix,1748,392,0.2242562929061785
5d11dfb5,post_ps,5895,2923,0.495843935538592
5d11dfb5,prefix_last512,512,216,0.421875
5d11dfb5,post_first512,512,233,0.455078125
5d11dfb5,post_last512,512,197,0.384765625
5d11dfb5,lateral_prefix,661,252,0.3812405446293495
5d7198fd,full,4797,202,0.04210965186574943
5d7198fd,prefix,1429,63,0.044086773967809655
5d7198fd,post_ps,3368,139,0.041270783847980996
5d7198fd,prefix_last512,512,17,0.033203125
5d7198fd,post_first512,512,36,0.0703125
5d7198fd,post_last512,512,15,0.029296875
5d7198fd,lateral_prefix,887,30,0.033821871476888386
5def1ce5,full,7997,224,0.028010503938977117
5def1ce5,prefix,1554,49,0.03153153153153153
5def1ce5,post_ps,6443,175,0.027161260282477107
5def1ce5,prefix_last512,512,15,0.029296875
5def1ce5,post_first512,512,12,0.0234375
5def1ce5,post_last512,512,11,0.021484375
5def1ce5,lateral_prefix,702,23,0.03276353276353276
5eae34a8,full,6652,3030,0.4555021046301864
5eae34a8,prefix,1748,754,0.43135011441647597
5eae34a8,post_ps,4904,2276,0.4641109298531811
5eae34a8,prefix_last512,512,268,0.5234375
5eae34a8,post_first512,512,278,0.54296875
5eae34a8,post_last512,512,248,0.484375
5eae34a8,lateral_prefix,676,361,0.5340236686390533
5f4d2a52,full,7112,1298,0.18250843644544432
5f4d2a52,prefix,1887,174,0.09220985691573927
5f4d2a52,post_ps,5225,1124,0.21511961722488038
5f4d2a52,prefix_last512,512,71,0.138671875
5f4d2a52,post_first512,512,113,0.220703125
5f4d2a52,post_last512,512,117,0.228515625
5f4d2a52,lateral_prefix,766,101,0.13185378590078328
5f6756c5,full,8064,274,0.0339781746031746
5f6756c5,prefix,2133,82,0.03844350679793718
5f6756c5,post_ps,5931,192,0.03237228123419322
5f6756c5,prefix_last512,512,18,0.03515625
5f6756c5,post_first512,512,11,0.021484375
5f6756c5,post_last512,512,16,0.03125
5f6756c5,lateral_prefix,898,36,0.0400890868596882
5f75f796,full,7324,3227,0.440606226105953
5f75f796,prefix,1762,437,0.24801362088535756
5f75f796,post_ps,5562,2790,0.5016181229773463
5f75f796,prefix_last512,512,213,0.416015625
5f75f796,post_first512,512,262,0.51171875
5f75f796,post_last512,512,257,0.501953125
5f75f796,lateral_prefix,682,267,0.3914956011730205
5fb1c15f,full,4857,2282,0.4698373481572987
5fb1c15f,prefix,1997,784,0.3925888833249875
5fb1c15f,post_ps,2860,1498,0.5237762237762238
5fb1c15f,prefix_last512,512,301,0.587890625
5fb1c15f,post_first512,512,244,0.4765625
5fb1c15f,post_last512,512,260,0.5078125
5fb1c15f,lateral_prefix,855,490,0.5730994152046783
5fffa282,full,6223,568,0.09127430499758958
5fffa282,prefix,2022,232,0.11473788328387735
5fffa282,post_ps,4201,336,0.07998095691502023
5fffa282,prefix_last512,512,70,0.13671875
5fffa282,post_first512,512,53,0.103515625
5fffa282,post_last512,512,51,0.099609375
5fffa282,lateral_prefix,732,94,0.1284153005464481
60e37807,full,4641,108,0.023270846800258566
60e37807,prefix,1942,38,0.01956745623069001
60e37807,post_ps,2699,70,0.025935531678399407
60e37807,prefix_last512,512,4,0.0078125
60e37807,post_first512,512,9,0.017578125
60e37807,post_last512,512,14,0.02734375
60e37807,lateral_prefix,748,8,0.0106951871657754
61f27424,full,8341,688,0.08248411461455461
61f27424,prefix,2121,212,0.09995285242809995
61f27424,post_ps,6220,476,0.07652733118971061
61f27424,prefix_last512,512,49,0.095703125
61f27424,post_first512,512,40,0.078125
61f27424,post_last512,512,51,0.099609375
61f27424,lateral_prefix,687,65,0.09461426491994178
62569ae3,full,5242,1412,0.26936283861121707
62569ae3,prefix,1654,291,0.1759371221281741
62569ae3,post_ps,3588,1121,0.3124303232998885
62569ae3,prefix_last512,512,173,0.337890625
62569ae3,post_first512,512,197,0.384765625
62569ae3,post_last512,512,124,0.2421875
62569ae3,lateral_prefix,649,209,0.3220338983050847
62a6f539,full,5253,3280,0.6244051018465638
62a6f539,prefix,1560,695,0.44551282051282054
62a6f539,post_ps,3693,2585,0.6999729217438397
62a6f539,prefix_last512,512,348,0.6796875
62a6f539,post_first512,512,371,0.724609375
62a6f539,post_last512,512,349,0.681640625
62a6f539,lateral_prefix,700,468,0.6685714285714286
633774dc,full,7972,2667,0.3345459106874059
633774dc,prefix,1739,397,0.2282921219091432
633774dc,post_ps,6233,2270,0.3641905984277234
633774dc,prefix_last512,512,171,0.333984375
633774dc,post_first512,512,171,0.333984375
633774dc,post_last512,512,110,0.21484375
633774dc,lateral_prefix,723,245,0.338865836791148
63559d57,full,5810,3321,0.5716006884681584
63559d57,prefix,1741,641,0.36817920735209647
63559d57,post_ps,4069,2680,0.6586384861145245
63559d57,prefix_last512,512,327,0.638671875
63559d57,post_first512,512,328,0.640625
63559d57,post_last512,512,329,0.642578125
63559d57,lateral_prefix,644,398,0.6180124223602484
647f2a41,full,5836,1806,0.30945853324194655
647f2a41,prefix,1955,120,0.061381074168797956
647f2a41,post_ps,3881,1686,0.43442411749549087
647f2a41,prefix_last512,512,50,0.09765625
647f2a41,post_first512,512,39,0.076171875
647f2a41,post_last512,512,348,0.6796875
647f2a41,lateral_prefix,718,60,0.08356545961002786
65156b96,full,5046,245,0.04855330955212049
65156b96,prefix,1825,83,0.04547945205479452
65156b96,post_ps,3221,162,0.050294939459795095
65156b96,prefix_last512,512,28,0.0546875
65156b96,post_first512,512,22,0.04296875
65156b96,post_last512,512,45,0.087890625
65156b96,lateral_prefix,641,32,0.0499219968798752
653612bc,full,5946,230,0.038681466532122434
653612bc,prefix,1341,66,0.049217002237136466
653612bc,post_ps,4605,164,0.035613463626492946
653612bc,prefix_last512,512,28,0.0546875
653612bc,post_first512,512,11,0.021484375
653612bc,post_last512,512,24,0.046875
653612bc,lateral_prefix,637,32,0.05023547880690738
656a067b,full,4896,939,0.19178921568627452
656a067b,prefix,1845,316,0.17127371273712738
656a067b,post_ps,3051,623,0.20419534578826615
656a067b,prefix_last512,512,137,0.267578125
656a067b,post_first512,512,125,0.244140625
656a067b,post_last512,512,111,0.216796875
656a067b,lateral_prefix,760,191,0.2513157894736842
65a5466a,full,6117,1511,0.24701651136177866
65a5466a,prefix,1434,225,0.15690376569037656
65a5466a,post_ps,4683,1286,0.2746102925475123
65a5466a,prefix_last512,512,133,0.259765625
65a5466a,post_first512,512,160,0.3125
65a5466a,post_last512,512,134,0.26171875
65a5466a,lateral_prefix,619,146,0.2358642972536349
660d9546,full,6140,1148,0.18697068403908795
660d9546,prefix,1408,163,0.11576704545454546
660d9546,post_ps,4732,985,0.2081572273879966
660d9546,prefix_last512,512,97,0.189453125
660d9546,post_first512,512,112,0.21875
660d9546,post_last512,512,93,0.181640625
660d9546,lateral_prefix,650,118,0.18153846153846154
6767c111,full,8354,4061,0.4861144361982284
6767c111,prefix,1571,791,0.5035009548058561
6767c111,post_ps,6783,3270,0.4820875718708536
6767c111,prefix_last512,512,276,0.5390625
6767c111,post_first512,512,269,0.525390625
6767c111,post_last512,512,190,0.37109375
6767c111,lateral_prefix,720,374,0.5194444444444445
67847288,full,9174,4270,0.4654458251580554
67847288,prefix,1745,805,0.46131805157593125
67847288,post_ps,7429,3465,0.4664153991115897
67847288,prefix_last512,512,269,0.525390625
67847288,post_first512,512,257,0.501953125
67847288,post_last512,512,197,0.384765625
67847288,lateral_prefix,697,364,0.5222381635581061
67a8da4a,full,6645,1153,0.17351392024078255
67a8da4a,prefix,1734,230,0.13264129181084197
67a8da4a,post_ps,4911,923,0.187945428629607
67a8da4a,prefix_last512,512,86,0.16796875
67a8da4a,post_first512,512,118,0.23046875
67a8da4a,post_last512,512,116,0.2265625
67a8da4a,lateral_prefix,777,146,0.1879021879021879
684a6fc1,full,11449,5663,0.49462835182111975
684a6fc1,prefix,1631,732,0.4488044144696505
684a6fc1,post_ps,9818,4931,0.5022407822367081
684a6fc1,prefix_last512,512,285,0.556640625
684a6fc1,post_first512,512,301,0.587890625
684a6fc1,post_last512,512,266,0.51953125
684a6fc1,lateral_prefix,622,348,0.5594855305466238
698930d1,full,6498,767,0.1180363188673438
698930d1,prefix,1757,61,0.03471826977803073
698930d1,post_ps,4741,706,0.1489137312803206
698930d1,prefix_last512,512,22,0.04296875
698930d1,post_first512,512,44,0.0859375
698930d1,post_last512,512,122,0.23828125
698930d1,lateral_prefix,724,36,0.049723756906077346
699ea575,full,5474,2320,0.4238217025940811
699ea575,prefix,1354,463,0.3419497784342688
699ea575,post_ps,4120,1857,0.4507281553398058
699ea575,prefix_last512,512,228,0.4453125
699ea575,post_first512,512,243,0.474609375
699ea575,post_last512,512,222,0.43359375
699ea575,lateral_prefix,660,269,0.4075757575757576
69c1bdad,full,4645,1719,0.37007534983853607
69c1bdad,prefix,1931,610,0.3158984981874676
69c1bdad,post_ps,2714,1109,0.4086219602063375
69c1bdad,prefix_last512,512,186,0.36328125
69c1bdad,post_first512,512,230,0.44921875
69c1bdad,post_last512,512,190,0.37109375
69c1bdad,lateral_prefix,810,288,0.35555555555555557
69e41fa6,full,7167,2899,0.40449281428770756
69e41fa6,prefix,1395,335,0.24014336917562723
69e41fa6,post_ps,5772,2564,0.4442134442134442
69e41fa6,prefix_last512,512,226,0.44140625
69e41fa6,post_first512,512,233,0.455078125
69e41fa6,post_last512,512,161,0.314453125
69e41fa6,lateral_prefix,664,289,0.4352409638554217
6a0ff78e,full,7890,330,0.04182509505703422
6a0ff78e,prefix,1425,70,0.04912280701754386
6a0ff78e,post_ps,6465,260,0.04021655065738593
6a0ff78e,prefix_last512,512,21,0.041015625
6a0ff78e,post_first512,512,24,0.046875
6a0ff78e,post_last512,512,20,0.0390625
6a0ff78e,lateral_prefix,622,33,0.05305466237942122
6a8fa194,full,4657,283,0.060768735237277216
6a8fa194,prefix,1640,114,0.06951219512195123
6a8fa194,post_ps,3017,169,0.05601590984421611
6a8fa194,prefix_last512,512,43,0.083984375
6a8fa194,post_first512,512,32,0.0625
6a8fa194,post_last512,512,30,0.05859375
6a8fa194,lateral_prefix,658,53,0.08054711246200608
6ae68655,full,5948,1122,0.1886348352387357
6ae68655,prefix,1744,286,0.16399082568807338
6ae68655,post_ps,4204,836,0.1988582302568982
6ae68655,prefix_last512,512,152,0.296875
6ae68655,post_first512,512,114,0.22265625
6ae68655,post_last512,512,86,0.16796875
6ae68655,lateral_prefix,747,210,0.28112449799196787
6d1d74e1,full,7316,2147,0.29346637506834333
6d1d74e1,prefix,1486,357,0.24024226110363392
6d1d74e1,post_ps,5830,1790,0.307032590051458
6d1d74e1,prefix_last512,512,146,0.28515625
6d1d74e1,post_first512,512,166,0.32421875
6d1d74e1,post_last512,512,199,0.388671875
6d1d74e1,lateral_prefix,709,214,0.3018335684062059
6d590e26,full,7842,2361,0.30107115531752104
6d590e26,prefix,1746,336,0.19243986254295534
6d590e26,post_ps,6096,2025,0.33218503937007876
6d590e26,prefix_last512,512,138,0.26953125
6d590e26,post_first512,512,186,0.36328125
6d590e26,post_last512,512,195,0.380859375
6d590e26,lateral_prefix,731,185,0.253077975376197
6d6d93af,full,5305,2143,0.40395852968897267
6d6d93af,prefix,1710,577,0.3374269005847953
6d6d93af,post_ps,3595,1566,0.4356050069541029
6d6d93af,prefix_last512,512,211,0.412109375
6d6d93af,post_first512,512,227,0.443359375
6d6d93af,post_last512,512,214,0.41796875
6d6d93af,lateral_prefix,809,330,0.4079110012360939
6dbe4b60,full,6673,3128,0.46875468305110146
6dbe4b60,prefix,2025,804,0.397037037037037
6dbe4b60,post_ps,4648,2324,0.5
6dbe4b60,prefix_last512,512,229,0.447265625
6dbe4b60,post_first512,512,246,0.48046875
6dbe4b60,post_last512,512,199,0.388671875
6dbe4b60,lateral_prefix,836,362,0.43301435406698563
6e6d122c,full,7083,1828,0.25808273330509673
6e6d122c,prefix,1451,210,0.1447277739490007
6e6d122c,post_ps,5632,1618,0.2872869318181818
6e6d122c,prefix_last512,512,118,0.23046875
6e6d122c,post_first512,512,134,0.26171875
6e6d122c,post_last512,512,148,0.2890625
6e6d122c,lateral_prefix,610,139,0.2278688524590164
6e9ccd38,full,9619,378,0.03929722424368438
6e9ccd38,prefix,1337,56,0.041884816753926704
6e9ccd38,post_ps,8282,322,0.03887949770586815
6e9ccd38,prefix_last512,512,16,0.03125
6e9ccd38,post_first512,512,9,0.017578125
6e9ccd38,post_last512,512,27,0.052734375
6e9ccd38,lateral_prefix,690,22,0.03188405797101449
6ea22614,full,7894,3391,0.429566759564226
6ea22614,prefix,1923,727,0.3780551222048882
6ea22614,post_ps,5971,2664,0.44615642270976386
6ea22614,prefix_last512,512,272,0.53125
6ea22614,post_first512,512,257,0.501953125
6ea22614,post_last512,512,175,0.341796875
6ea22614,lateral_prefix,576,296,0.5138888888888888
6ede926a,full,6621,2296,0.34677541156924935
6ede926a,prefix,1683,523,0.3107546048722519
6ede926a,post_ps,4938,1773,0.35905224787363305
6ede926a,prefix_last512,512,218,0.42578125
6ede926a,post_first512,512,189,0.369140625
6ede926a,post_last512,512,235,0.458984375
6ede926a,lateral_prefix,792,288,0.36363636363636365
708caea9,full,8482,1677,0.19771280358406038
708caea9,prefix,1934,256,0.13236814891416754
708caea9,post_ps,6548,1421,0.21701282834453267
708caea9,prefix_last512,512,99,0.193359375
708caea9,post_first512,512,158,0.30859375
708caea9,post_last512,512,48,0.09375
708caea9,lateral_prefix,735,112,0.1523809523809524
70925e23,full,8072,847,0.10493062438057482
70925e23,prefix,2125,145,0.06823529411764706
70925e23,post_ps,5947,702,0.11804271061039179
70925e23,prefix_last512,512,29,0.056640625
70925e23,post_first512,512,52,0.1015625
70925e23,post_last512,512,97,0.189453125
70925e23,lateral_prefix,739,60,0.08119079837618404
70e1788b,full,11338,460,0.040571529370259304
70e1788b,prefix,2053,92,0.044812469556746226
70e1788b,post_ps,9285,368,0.03963381798599892
70e1788b,prefix_last512,512,21,0.041015625
70e1788b,post_first512,512,7,0.013671875
70e1788b,post_last512,512,26,0.05078125
70e1788b,lateral_prefix,771,43,0.055771725032425425
71642c7d,full,6657,1492,0.22412498122277302
71642c7d,prefix,2009,242,0.12045793927327028
71642c7d,post_ps,4648,1250,0.2689328743545611
71642c7d,prefix_last512,512,118,0.23046875
71642c7d,post_first512,512,135,0.263671875
71642c7d,post_last512,512,134,0.26171875
71642c7d,lateral_prefix,640,147,0.2296875
71ccf778,full,4623,209,0.045208738914125024
71ccf778,prefix,1925,85,0.04415584415584416
71ccf778,post_ps,2698,124,0.04595997034840623
71ccf778,prefix_last512,512,17,0.033203125
71ccf778,post_first512,512,21,0.041015625
71ccf778,post_last512,512,23,0.044921875
71ccf778,lateral_prefix,707,20,0.028288543140028287
7224331b,full,7566,5219,0.6897964578376949
7224331b,prefix,1503,923,0.614105123087159
7224331b,post_ps,6063,4296,0.7085601187530925
7224331b,prefix_last512,512,375,0.732421875
7224331b,post_first512,512,365,0.712890625
7224331b,post_last512,512,319,0.623046875
7224331b,lateral_prefix,672,490,0.7291666666666666
722cf0d8,full,7275,282,0.03876288659793815
722cf0d8,prefix,2132,88,0.04127579737335835
722cf0d8,post_ps,5143,194,0.03772117441182189
722cf0d8,prefix_last512,512,20,0.0390625
722cf0d8,post_first512,512,26,0.05078125
722cf0d8,post_last512,512,12,0.0234375
722cf0d8,lateral_prefix,730,29,0.03972602739726028
7256229b,full,6972,4506,0.6462994836488812
7256229b,prefix,1557,909,0.5838150289017341
7256229b,post_ps,5415,3597,0.6642659279778393
7256229b,prefix_last512,512,357,0.697265625
7256229b,post_first512,512,370,0.72265625
7256229b,post_last512,512,317,0.619140625
7256229b,lateral_prefix,606,421,0.6947194719471947
726f3dc2,full,8619,3065,0.3556096995011022
726f3dc2,prefix,1896,602,0.31751054852320676
726f3dc2,post_ps,6723,2463,0.36635430611334224
726f3dc2,prefix_last512,512,218,0.42578125
726f3dc2,post_first512,512,204,0.3984375
726f3dc2,post_last512,512,194,0.37890625
726f3dc2,lateral_prefix,758,318,0.41952506596306066
7271dd80,full,5765,253,0.04388551604509974
7271dd80,prefix,1425,70,0.04912280701754386
7271dd80,post_ps,4340,183,0.04216589861751152
7271dd80,prefix_last512,512,31,0.060546875
7271dd80,post_first512,512,21,0.041015625
7271dd80,post_last512,512,19,0.037109375
7271dd80,lateral_prefix,200,18,0.09
727a3a10,full,6342,1735,0.2735730053610848
727a3a10,prefix,1945,285,0.14652956298200515
727a3a10,post_ps,4397,1450,0.3297702979304071
727a3a10,prefix_last512,512,125,0.244140625
727a3a10,post_first512,512,213,0.416015625
727a3a10,post_last512,512,215,0.419921875
727a3a10,lateral_prefix,732,160,0.2185792349726776
729665c0,full,5775,2421,0.4192207792207792
729665c0,prefix,1512,55,0.036375661375661374
729665c0,post_ps,4263,2366,0.555008210180624
729665c0,prefix_last512,512,41,0.080078125
729665c0,post_first512,512,31,0.060546875
729665c0,post_last512,512,378,0.73828125
729665c0,lateral_prefix,634,47,0.07413249211356467
729e9750,full,7427,4165,0.5607917059377945
729e9750,prefix,1508,779,0.51657824933687
729e9750,post_ps,5919,3386,0.5720560905558372
729e9750,prefix_last512,512,331,0.646484375
729e9750,post_first512,512,303,0.591796875
729e9750,post_last512,512,269,0.525390625
729e9750,lateral_prefix,626,402,0.6421725239616614
729f4217,full,7592,3796,0.5
729f4217,prefix,1397,512,0.36649964209019326
729f4217,post_ps,6195,3284,0.5301049233252623
729f4217,prefix_last512,512,271,0.529296875
729f4217,post_first512,512,243,0.474609375
729f4217,post_last512,512,215,0.419921875
729f4217,lateral_prefix,641,337,0.5257410296411856
72dd8501,full,6928,3365,0.48571016166281755
72dd8501,prefix,1735,524,0.30201729106628245
72dd8501,post_ps,5193,2841,0.5470826112073945
72dd8501,prefix_last512,512,296,0.578125
72dd8501,post_first512,512,270,0.52734375
72dd8501,post_last512,512,216,0.421875
72dd8501,lateral_prefix,675,341,0.5051851851851852
73348914,full,5686,1147,0.2017235314808301
73348914,prefix,1465,197,0.13447098976109215
73348914,post_ps,4221,950,0.22506515043828476
73348914,prefix_last512,512,117,0.228515625
73348914,post_first512,512,92,0.1796875
73348914,post_last512,512,96,0.1875
73348914,lateral_prefix,725,154,0.21241379310344827
739a914f,full,7319,2964,0.4049733570159858
739a914f,prefix,1814,630,0.3472987872105843
739a914f,post_ps,5505,2334,0.42397820163487737
739a914f,prefix_last512,512,176,0.34375
739a914f,post_first512,512,172,0.3359375
739a914f,post_last512,512,202,0.39453125
739a914f,lateral_prefix,471,169,0.35881104033970274
73b1447d,full,7522,2601,0.3457856952938048
73b1447d,prefix,1852,422,0.22786177105831534
73b1447d,post_ps,5670,2179,0.3843033509700176
73b1447d,prefix_last512,512,154,0.30078125
73b1447d,post_first512,512,180,0.3515625
73b1447d,post_last512,512,206,0.40234375
73b1447d,lateral_prefix,750,220,0.29333333333333333
74b6186b,full,5148,3162,0.6142191142191142
74b6186b,prefix,1743,981,0.5628227194492255
74b6186b,post_ps,3405,2181,0.6405286343612335
74b6186b,prefix_last512,512,336,0.65625
74b6186b,post_first512,512,333,0.650390625
74b6186b,post_last512,512,306,0.59765625
74b6186b,lateral_prefix,714,468,0.6554621848739496
75c20ec7,full,7205,4527,0.6283136710617626
75c20ec7,prefix,1844,994,0.5390455531453362
75c20ec7,post_ps,5361,3533,0.6590188397686999
75c20ec7,prefix_last512,512,370,0.72265625
75c20ec7,post_first512,512,363,0.708984375
75c20ec7,post_last512,512,352,0.6875
75c20ec7,lateral_prefix,788,512,0.649746192893401
75cd5f11,full,6410,1614,0.2517940717628705
75cd5f11,prefix,1464,242,0.16530054644808742
75cd5f11,post_ps,4946,1372,0.27739587545491307
75cd5f11,prefix_last512,512,130,0.25390625
75cd5f11,post_first512,512,125,0.244140625
75cd5f11,post_last512,512,133,0.259765625
75cd5f11,lateral_prefix,633,144,0.22748815165876776
75d20a82,full,7002,994,0.1419594401599543
75d20a82,prefix,1935,228,0.11782945736434108
75d20a82,post_ps,5067,766,0.15117426485099664
75d20a82,prefix_last512,512,80,0.15625
75d20a82,post_first512,512,79,0.154296875
75d20a82,post_last512,512,36,0.0703125
75d20a82,lateral_prefix,668,104,0.15568862275449102
76201745,full,5858,2761,0.4713212700580403
76201745,prefix,1410,568,0.40283687943262414
76201745,post_ps,4448,2193,0.49303057553956836
76201745,prefix_last512,512,253,0.494140625
76201745,post_first512,512,237,0.462890625
76201745,post_last512,512,252,0.4921875
76201745,lateral_prefix,625,303,0.4848
764072a5,full,4594,2614,0.5690030474531999
764072a5,prefix,1645,727,0.4419452887537994
764072a5,post_ps,2949,1887,0.6398779247202442
764072a5,prefix_last512,512,298,0.58203125
764072a5,post_first512,512,318,0.62109375
764072a5,post_last512,512,314,0.61328125
764072a5,lateral_prefix,661,365,0.5521936459909228
77b0d905,full,5923,1349,0.2277562046260341
77b0d905,prefix,1749,282,0.16123499142367068
77b0d905,post_ps,4174,1067,0.25563009103977
77b0d905,prefix_last512,512,151,0.294921875
77b0d905,post_first512,512,146,0.28515625
77b0d905,post_last512,512,127,0.248046875
77b0d905,lateral_prefix,753,207,0.2749003984063745
77e4821c,full,6540,3839,0.5870030581039756
77e4821c,prefix,1147,426,0.3714036617262424
77e4821c,post_ps,5393,3413,0.632857407750788
77e4821c,prefix_last512,512,288,0.5625
77e4821c,post_first512,512,346,0.67578125
77e4821c,post_last512,512,289,0.564453125
77e4821c,lateral_prefix,263,168,0.6387832699619772
7850c72e,full,7712,344,0.044605809128630707
7850c72e,prefix,2215,83,0.03747178329571106
7850c72e,post_ps,5497,261,0.04748044387847917
7850c72e,prefix_last512,512,16,0.03125
7850c72e,post_first512,512,22,0.04296875
7850c72e,post_last512,512,21,0.041015625
7850c72e,lateral_prefix,736,22,0.029891304347826088
78a4a386,full,6246,1297,0.20765289785462696
78a4a386,prefix,1127,153,0.13575865128660158
78a4a386,post_ps,5119,1144,0.223481148661848
78a4a386,prefix_last512,512,89,0.173828125
78a4a386,post_first512,512,119,0.232421875
78a4a386,post_last512,512,177,0.345703125
78a4a386,lateral_prefix,804,142,0.17661691542288557
79507629,full,7320,937,0.12800546448087433
79507629,prefix,2018,380,0.18830525272547077
79507629,post_ps,5302,557,0.1050546963410034
79507629,prefix_last512,512,55,0.107421875
79507629,post_first512,512,57,0.111328125
79507629,post_last512,512,55,0.107421875
79507629,lateral_prefix,731,88,0.12038303693570451
796dbd4c,full,8069,3001,0.37191721402899985
796dbd4c,prefix,1821,497,0.2729269632070291
796dbd4c,post_ps,6248,2504,0.4007682458386684
796dbd4c,prefix_last512,512,155,0.302734375
796dbd4c,post_first512,512,162,0.31640625
796dbd4c,post_last512,512,214,0.41796875
796dbd4c,lateral_prefix,632,184,0.2911392405063291
7987f2f2,full,5714,2564,0.44872243612180607
7987f2f2,prefix,2009,853,0.42458934793429565
7987f2f2,post_ps,3705,1711,0.46180836707152495
7987f2f2,prefix_last512,512,321,0.626953125
7987f2f2,post_first512,512,309,0.603515625
7987f2f2,post_last512,512,170,0.33203125
7987f2f2,lateral_prefix,612,380,0.6209150326797386
7993a768,full,7047,1210,0.17170427132112956
7993a768,prefix,1560,116,0.07435897435897436
7993a768,post_ps,5487,1094,0.19938035356296702
7993a768,prefix_last512,512,38,0.07421875
7993a768,post_first512,512,73,0.142578125
7993a768,post_last512,512,214,0.41796875
7993a768,lateral_prefix,630,42,0.06666666666666667
7a5660b0,full,6936,258,0.037197231833910036
7a5660b0,prefix,1938,88,0.04540763673890609
7a5660b0,post_ps,4998,170,0.034013605442176874
7a5660b0,prefix_last512,512,20,0.0390625
7a5660b0,post_first512,512,14,0.02734375
7a5660b0,post_last512,512,17,0.033203125
7a5660b0,lateral_prefix,714,28,0.0392156862745098
7acda2df,full,4552,541,0.11884885764499122
7acda2df,prefix,1461,190,0.1300479123887748
7acda2df,post_ps,3091,351,0.11355548366224523
7acda2df,prefix_last512,512,72,0.140625
7acda2df,post_first512,512,44,0.0859375
7acda2df,post_last512,512,55,0.107421875
7acda2df,lateral_prefix,710,114,0.16056338028169015
7b2c7b3c,full,4231,153,0.03616166390924131
7b2c7b3c,prefix,1647,49,0.029751062537947785
7b2c7b3c,post_ps,2584,104,0.04024767801857585
7b2c7b3c,prefix_last512,512,36,0.0703125
7b2c7b3c,post_first512,512,32,0.0625
7b2c7b3c,post_last512,512,8,0.015625
7b2c7b3c,lateral_prefix,821,37,0.04506699147381242
7b38844c,full,5197,618,0.11891475851452761
7b38844c,prefix,1448,55,0.03798342541436464
7b38844c,post_ps,3749,563,0.15017337956788476
7b38844c,prefix_last512,512,16,0.03125
7b38844c,post_first512,512,20,0.0390625
7b38844c,post_last512,512,96,0.1875
7b38844c,lateral_prefix,647,20,0.030911901081916538
7bb17b96,full,5295,2223,0.4198300283286119
7bb17b96,prefix,1373,468,0.3408594319009468
7bb17b96,post_ps,3922,1755,0.4474757776644569
7bb17b96,prefix_last512,512,230,0.44921875
7bb17b96,post_first512,512,244,0.4765625
7bb17b96,post_last512,512,179,0.349609375
7bb17b96,lateral_prefix,678,301,0.443952802359882
7c607683,full,7001,2344,0.3348093129552921
7c607683,prefix,1673,406,0.24267782426778242
7c607683,post_ps,5328,1938,0.36373873873873874
7c607683,prefix_last512,512,100,0.1953125
7c607683,post_first512,512,174,0.33984375
7c607683,post_last512,512,192,0.375
7c607683,lateral_prefix,297,75,0.25252525252525254
7cbbd047,full,6790,1030,0.15169366715758467
7cbbd047,prefix,1669,178,0.10665068903535051
7cbbd047,post_ps,5121,852,0.16637375512595196
7cbbd047,prefix_last512,512,90,0.17578125
7cbbd047,post_first512,512,82,0.16015625
7cbbd047,post_last512,512,63,0.123046875
7cbbd047,lateral_prefix,649,107,0.16486902927580893
7cd4bb31,full,7959,2477,0.3112200025128785
7cd4bb31,prefix,1520,292,0.19210526315789472
7cd4bb31,post_ps,6439,2185,0.3393384065848734
7cd4bb31,prefix_last512,512,194,0.37890625
7cd4bb31,post_first512,512,237,0.462890625
7cd4bb31,post_last512,512,85,0.166015625
7cd4bb31,lateral_prefix,712,238,0.3342696629213483
7d50373e,full,6494,1643,0.253002771789344
7d50373e,prefix,1372,186,0.13556851311953352
7d50373e,post_ps,5122,1457,0.2844591956267083
7d50373e,prefix_last512,512,105,0.205078125
7d50373e,post_first512,512,114,0.22265625
7d50373e,post_last512,512,136,0.265625
7d50373e,lateral_prefix,632,126,0.19936708860759494
7d57c75d,full,6147,532,0.08654628273954774
7d57c75d,prefix,1742,87,0.04994259471871412
7d57c75d,post_ps,4405,445,0.10102156640181612
7d57c75d,prefix_last512,512,20,0.0390625
7d57c75d,post_first512,512,19,0.037109375
7d57c75d,post_last512,512,73,0.142578125
7d57c75d,lateral_prefix,664,33,0.04969879518072289
7e208414,full,5732,478,0.08339148639218423
7e208414,prefix,1506,87,0.05776892430278884
7e208414,post_ps,4226,391,0.09252247988641742
7e208414,prefix_last512,512,32,0.0625
7e208414,post_first512,512,25,0.048828125
7e208414,post_last512,512,131,0.255859375
7e208414,lateral_prefix,708,43,0.06073446327683616
7e721392,full,8301,4458,0.537043729671124
7e721392,prefix,2127,956,0.44945933239304187
7e721392,post_ps,6174,3502,0.5672173631357305
7e721392,prefix_last512,512,278,0.54296875
7e721392,post_first512,512,303,0.591796875
7e721392,post_last512,512,242,0.47265625
7e721392,lateral_prefix,912,490,0.5372807017543859
7ff89f8f,full,9539,1941,0.20348044868434847
7ff89f8f,prefix,2202,394,0.17892824704813806
7ff89f8f,post_ps,7337,1547,0.2108491208940984
7ff89f8f,prefix_last512,512,89,0.173828125
7ff89f8f,post_first512,512,27,0.052734375
7ff89f8f,post_last512,512,52,0.1015625
7ff89f8f,lateral_prefix,773,135,0.17464424320827943
8050c789,full,4940,1241,0.2512145748987854
8050c789,prefix,1863,475,0.2549651100375738
8050c789,post_ps,3077,766,0.24894377640558987
8050c789,prefix_last512,512,140,0.2734375
8050c789,post_first512,512,136,0.265625
8050c789,post_last512,512,98,0.19140625
8050c789,lateral_prefix,703,184,0.26173541963015645
807f0298,full,5499,2106,0.3829787234042553
807f0298,prefix,1752,452,0.2579908675799087
807f0298,post_ps,3747,1654,0.44141980250867363
807f0298,prefix_last512,512,285,0.556640625
807f0298,post_first512,512,265,0.517578125
807f0298,post_last512,512,195,0.380859375
807f0298,lateral_prefix,857,401,0.4679113185530922
811f52b3,full,6674,416,0.06233143542103686
811f52b3,prefix,1838,86,0.046789989118607184
811f52b3,post_ps,4836,330,0.06823821339950373
811f52b3,prefix_last512,512,20,0.0390625
811f52b3,post_first512,512,30,0.05859375
811f52b3,post_last512,512,82,0.16015625
811f52b3,lateral_prefix,670,27,0.04029850746268657
81bf5923,full,6386,484,0.07579079235828375
81bf5923,prefix,1843,106,0.05751492132392838
81bf5923,post_ps,4543,378,0.08320493066255778
81bf5923,prefix_last512,512,4,0.0078125
81bf5923,post_first512,512,20,0.0390625
81bf5923,post_last512,512,151,0.294921875
81bf5923,lateral_prefix,644,4,0.006211180124223602
81fc01c6,full,7655,1259,0.164467668190725
81fc01c6,prefix,1746,214,0.12256586483390607
81fc01c6,post_ps,5909,1045,0.17684887459807075
81fc01c6,prefix_last512,512,58,0.11328125
81fc01c6,post_first512,512,79,0.154296875
81fc01c6,post_last512,512,22,0.04296875
81fc01c6,lateral_prefix,711,77,0.10829817158931083
8255c867,full,5338,1166,0.218433870363432
8255c867,prefix,1749,341,0.1949685534591195
8255c867,post_ps,3589,825,0.229869044302034
8255c867,prefix_last512,512,130,0.25390625
8255c867,post_first512,512,97,0.189453125
8255c867,post_last512,512,140,0.2734375
8255c867,lateral_prefix,655,169,0.2580152671755725
82aab6d2,full,7889,2797,0.3545443021929269
82aab6d2,prefix,1749,224,0.12807318467695827
82aab6d2,post_ps,6140,2573,0.4190553745928339
82aab6d2,prefix_last512,512,113,0.220703125
82aab6d2,post_first512,512,92,0.1796875
82aab6d2,post_last512,512,223,0.435546875
82aab6d2,lateral_prefix,729,146,0.20027434842249658
82fcf37c,full,7397,3860,0.5218331756117345
82fcf37c,prefix,1383,562,0.4063629790310918
82fcf37c,post_ps,6014,3298,0.5483870967741935
82fcf37c,prefix_last512,512,245,0.478515625
82fcf37c,post_first512,512,346,0.67578125
82fcf37c,post_last512,512,231,0.451171875
82fcf37c,lateral_prefix,719,309,0.4297635605006954
833af382,full,5377,1445,0.2687372140598847
833af382,prefix,1749,394,0.2252715837621498
833af382,post_ps,3628,1051,0.28969128996692395
833af382,prefix_last512,512,146,0.28515625
833af382,post_first512,512,99,0.193359375
833af382,post_last512,512,154,0.30078125
833af382,lateral_prefix,764,199,0.2604712041884817
8382f4b6,full,6680,4021,0.6019461077844311
8382f4b6,prefix,1713,763,0.4454173963806188
8382f4b6,post_ps,4967,3258,0.6559291322730018
8382f4b6,prefix_last512,512,308,0.6015625
8382f4b6,post_first512,512,345,0.673828125
8382f4b6,post_last512,512,287,0.560546875
8382f4b6,lateral_prefix,842,539,0.6401425178147269
84633df4,full,6719,3532,0.525673463312993
84633df4,prefix,1747,708,0.40526617057813397
84633df4,post_ps,4972,2824,0.5679806918744972
84633df4,prefix_last512,512,298,0.58203125
84633df4,post_first512,512,288,0.5625
84633df4,post_last512,512,302,0.58984375
84633df4,lateral_prefix,656,368,0.5609756097560976
8478df29,full,6698,4091,0.6107793371155569
8478df29,prefix,1841,856,0.46496469310157523
8478df29,post_ps,4857,3235,0.6660490014412188
8478df29,prefix_last512,512,366,0.71484375
8478df29,post_first512,512,363,0.708984375
8478df29,post_last512,512,332,0.6484375
8478df29,lateral_prefix,757,538,0.7107001321003963
84815d5a,full,5286,1291,0.24423004161937192
84815d5a,prefix,1639,275,0.16778523489932887
84815d5a,post_ps,3647,1016,0.27858513846997535
84815d5a,prefix_last512,512,144,0.28125
84815d5a,post_first512,512,167,0.326171875
84815d5a,post_last512,512,111,0.216796875
84815d5a,lateral_prefix,440,141,0.32045454545454544
84c3b497,full,6887,1196,0.17366051981995062
84c3b497,prefix,1575,247,0.1568253968253968
84c3b497,post_ps,5312,949,0.17865210843373494
84c3b497,prefix_last512,512,129,0.251953125
84c3b497,post_first512,512,107,0.208984375
84c3b497,post_last512,512,88,0.171875
84c3b497,lateral_prefix,720,167,0.23194444444444445
85380836,full,8175,3400,0.41590214067278286
85380836,prefix,1557,675,0.43352601156069365
85380836,post_ps,6618,2725,0.41175581746751283
85380836,prefix_last512,512,240,0.46875
85380836,post_first512,512,244,0.4765625
85380836,post_last512,512,195,0.380859375
85380836,lateral_prefix,732,336,0.45901639344262296
8612b37f,full,6807,3854,0.5661818716027619
8612b37f,prefix,1642,846,0.5152253349573691
8612b37f,post_ps,5165,3008,0.5823814133591481
8612b37f,prefix_last512,512,300,0.5859375
8612b37f,post_first512,512,310,0.60546875
8612b37f,post_last512,512,270,0.52734375
8612b37f,lateral_prefix,708,386,0.5451977401129944
861e71df,full,6284,829,0.13192234245703374
861e71df,prefix,1584,116,0.07323232323232323
861e71df,post_ps,4700,713,0.15170212765957447
861e71df,prefix_last512,512,46,0.08984375
861e71df,post_first512,512,64,0.125
861e71df,post_last512,512,82,0.16015625
861e71df,lateral_prefix,366,37,0.10109289617486339
86454a6f,full,9100,7289,0.800989010989011
86454a6f,prefix,1136,824,0.7253521126760564
86454a6f,post_ps,7964,6465,0.8117780010045204
86454a6f,prefix_last512,512,423,0.826171875
86454a6f,post_first512,512,425,0.830078125
86454a6f,post_last512,512,397,0.775390625
86454a6f,lateral_prefix,725,569,0.7848275862068965
8648abae,full,6086,287,0.047157410450213606
8648abae,prefix,1842,74,0.04017372421281216
8648abae,post_ps,4244,213,0.050188501413760606
8648abae,prefix_last512,512,28,0.0546875
8648abae,post_first512,512,19,0.037109375
8648abae,post_last512,512,21,0.041015625
8648abae,lateral_prefix,639,32,0.050078247261345854
865033f8,full,5303,3036,0.5725061286064492
865033f8,prefix,1746,692,0.3963344788087056
865033f8,post_ps,3557,2344,0.6589822884453191
865033f8,prefix_last512,512,328,0.640625
865033f8,post_first512,512,348,0.6796875
865033f8,post_last512,512,313,0.611328125
865033f8,lateral_prefix,756,440,0.582010582010582
87695469,full,8654,3701,0.4276635082042986
87695469,prefix,1651,611,0.3700787401574803
87695469,post_ps,7003,3090,0.4412394687990861
87695469,prefix_last512,512,237,0.462890625
87695469,post_first512,512,239,0.466796875
87695469,post_last512,512,219,0.427734375
87695469,lateral_prefix,632,284,0.44936708860759494
877ed19c,full,5631,1560,0.2770378263185935
877ed19c,prefix,1923,433,0.2251690067602704
877ed19c,post_ps,3708,1127,0.30393743257820927
877ed19c,prefix_last512,512,191,0.373046875
877ed19c,post_first512,512,208,0.40625
877ed19c,post_last512,512,99,0.193359375
877ed19c,lateral_prefix,640,237,0.3703125
87aa3730,full,7293,1572,0.2155491567256273
87aa3730,prefix,1686,268,0.15895610913404506
87aa3730,post_ps,5607,1304,0.23256643481362582
87aa3730,prefix_last512,512,163,0.318359375
87aa3730,post_first512,512,140,0.2734375
87aa3730,post_last512,512,60,0.1171875
87aa3730,lateral_prefix,761,206,0.2706964520367937
884ecb5f,full,8054,332,0.04122175316612863
884ecb5f,prefix,1330,70,0.05263157894736842
884ecb5f,post_ps,6724,262,0.03896490184414039
884ecb5f,prefix_last512,512,27,0.052734375
884ecb5f,post_first512,512,25,0.048828125
884ecb5f,post_last512,512,19,0.037109375
884ecb5f,lateral_prefix,366,17,0.04644808743169399
8902c3f6,full,6533,3012,0.4610439308127966
8902c3f6,prefix,1574,616,0.39135959339263027
8902c3f6,post_ps,4959,2396,0.4831619278080258
8902c3f6,prefix_last512,512,217,0.423828125
8902c3f6,post_first512,512,246,0.48046875
8902c3f6,post_last512,512,249,0.486328125
8902c3f6,lateral_prefix,641,274,0.42745709828393136
896d15b9,full,5698,3454,0.6061776061776062
896d15b9,prefix,1419,621,0.4376321353065539
896d15b9,post_ps,4279,2833,0.6620705772376724
896d15b9,prefix_last512,512,322,0.62890625
896d15b9,post_first512,512,367,0.716796875
896d15b9,post_last512,512,340,0.6640625
896d15b9,lateral_prefix,635,395,0.6220472440944882
8995c945,full,8198,908,0.11075872163942425
8995c945,prefix,1474,93,0.06309362279511534
8995c945,post_ps,6724,815,0.12120761451516954
8995c945,prefix_last512,512,34,0.06640625
8995c945,post_first512,512,20,0.0390625
8995c945,post_last512,512,68,0.1328125
8995c945,lateral_prefix,364,17,0.046703296703296704
89969c7a,full,6317,2269,0.3591894886813361
89969c7a,prefix,1370,381,0.2781021897810219
89969c7a,post_ps,4947,1888,0.38164544168182735
89969c7a,prefix_last512,512,170,0.33203125
89969c7a,post_first512,512,156,0.3046875
89969c7a,post_last512,512,208,0.40625
89969c7a,lateral_prefix,248,88,0.3548387096774194
89f1085d,full,7497,2382,0.31772709083633455
89f1085d,prefix,1503,395,0.26280771789753826
89f1085d,post_ps,5994,1987,0.3314981648314982
89f1085d,prefix_last512,512,171,0.333984375
89f1085d,post_first512,512,188,0.3671875
89f1085d,post_last512,512,141,0.275390625
89f1085d,lateral_prefix,834,259,0.3105515587529976
89f36adf,full,7041,3913,0.5557449225962221
89f36adf,prefix,1749,691,0.3950829045168668
89f36adf,post_ps,5292,3222,0.608843537414966
89f36adf,prefix_last512,512,310,0.60546875
89f36adf,post_first512,512,322,0.62890625
89f36adf,post_last512,512,336,0.65625
89f36adf,lateral_prefix,629,372,0.5914149443561209
89fdb2f2,full,3570,1578,0.44201680672268906
89fdb2f2,prefix,1539,492,0.31968810916179335
89fdb2f2,post_ps,2031,1086,0.534711964549483
89fdb2f2,prefix_last512,512,287,0.560546875
89fdb2f2,post_first512,512,281,0.548828125
89fdb2f2,post_last512,512,178,0.34765625
89fdb2f2,lateral_prefix,656,365,0.5564024390243902
8a3da6d1,full,6334,2574,0.40637827597095044
8a3da6d1,prefix,1741,460,0.26421596783457785
8a3da6d1,post_ps,4593,2114,0.46026562159808404
8a3da6d1,prefix_last512,512,303,0.591796875
8a3da6d1,post_first512,512,304,0.59375
8a3da6d1,post_last512,512,220,0.4296875
8a3da6d1,lateral_prefix,654,377,0.5764525993883792
8a89da23,full,5575,838,0.1503139013452915
8a89da23,prefix,1640,250,0.1524390243902439
8a89da23,post_ps,3935,588,0.149428208386277
8a89da23,prefix_last512,512,64,0.125
8a89da23,post_first512,512,61,0.119140625
8a89da23,post_last512,512,80,0.15625
8a89da23,lateral_prefix,632,81,0.1281645569620253
8a9c8932,full,6344,282,0.044451450189155105
8a9c8932,prefix,1681,71,0.042236763831052945
8a9c8932,post_ps,4663,211,0.04524983915933948
8a9c8932,prefix_last512,512,9,0.017578125
8a9c8932,post_first512,512,17,0.033203125
8a9c8932,post_last512,512,32,0.0625
8a9c8932,lateral_prefix,811,25,0.030826140567200986
8ac2f237,full,6775,307,0.045313653136531365
8ac2f237,prefix,1456,82,0.05631868131868132
8ac2f237,post_ps,5319,225,0.04230118443316413
8ac2f237,prefix_last512,512,27,0.052734375
8ac2f237,post_first512,512,31,0.060546875
8ac2f237,post_last512,512,24,0.046875
8ac2f237,lateral_prefix,723,39,0.05394190871369295
8b12bab6,full,6980,3844,0.5507163323782235
8b12bab6,prefix,1746,794,0.4547537227949599
8b12bab6,post_ps,5234,3050,0.5827283148643485
8b12bab6,prefix_last512,512,332,0.6484375
8b12bab6,post_first512,512,342,0.66796875
8b12bab6,post_last512,512,256,0.5
8b12bab6,lateral_prefix,653,391,0.5987748851454824
8b5be31b,full,7439,4236,0.5694313751848367
8b5be31b,prefix,1767,838,0.4742501414827391
8b5be31b,post_ps,5672,3398,0.599083215796897
8b5be31b,prefix_last512,512,346,0.67578125
8b5be31b,post_first512,512,296,0.578125
8b5be31b,post_last512,512,269,0.525390625
8b5be31b,lateral_prefix,732,459,0.6270491803278688
8b95d6d1,full,2783,1120,0.4024434063959756
8b95d6d1,prefix,1052,190,0.1806083650190114
8b95d6d1,post_ps,1731,930,0.537261698440208
8b95d6d1,prefix_last512,512,124,0.2421875
8b95d6d1,post_first512,512,251,0.490234375
8b95d6d1,post_last512,512,309,0.603515625
8b95d6d1,lateral_prefix,247,82,0.3319838056680162
8b9d8326,full,7832,4751,0.6066138917262512
8b9d8326,prefix,1669,706,0.42300778909526665
8b9d8326,post_ps,6163,4045,0.6563361999026448
8b9d8326,prefix_last512,512,394,0.76953125
8b9d8326,post_first512,512,376,0.734375
8b9d8326,post_last512,512,165,0.322265625
8b9d8326,lateral_prefix,695,509,0.7323741007194244
8bb9c1e6,full,6382,752,0.1178314008147916
8bb9c1e6,prefix,1836,201,0.10947712418300654
8bb9c1e6,post_ps,4546,551,0.12120545534535855
8bb9c1e6,prefix_last512,512,92,0.1796875
8bb9c1e6,post_first512,512,110,0.21484375
8bb9c1e6,post_last512,512,37,0.072265625
8bb9c1e6,lateral_prefix,781,145,0.1856594110115237
8bda1a11,full,7438,3923,0.5274267276149502
8bda1a11,prefix,1457,650,0.4461221688400824
8bda1a11,post_ps,5981,3273,0.5472329041966226
8bda1a11,prefix_last512,512,237,0.462890625
8bda1a11,post_first512,512,276,0.5390625
8bda1a11,post_last512,512,261,0.509765625
8bda1a11,lateral_prefix,625,301,0.4816
8bfa881d,full,5843,2466,0.4220434708197844
8bfa881d,prefix,1754,589,0.33580387685290763
8bfa881d,post_ps,4089,1877,0.4590364392271949
8bfa881d,prefix_last512,512,245,0.478515625
8bfa881d,post_first512,512,226,0.44140625
8bfa881d,post_last512,512,247,0.482421875
8bfa881d,lateral_prefix,730,336,0.4602739726027397
8c167025,full,7113,945,0.13285533530156052
8c167025,prefix,1745,232,0.1329512893982808
8c167025,post_ps,5368,713,0.1328241430700447
8c167025,prefix_last512,512,62,0.12109375
8c167025,post_first512,512,63,0.123046875
8c167025,post_last512,512,42,0.08203125
8c167025,lateral_prefix,709,79,0.11142454160789844
8c8348e8,full,5581,1474,0.26411037448485936
8c8348e8,prefix,1693,279,0.16479621972829298
8c8348e8,post_ps,3888,1195,0.3073559670781893
8c8348e8,prefix_last512,512,136,0.265625
8c8348e8,post_first512,512,137,0.267578125
8c8348e8,post_last512,512,131,0.255859375
8c8348e8,lateral_prefix,726,188,0.25895316804407714
8cc21f01,full,5806,1865,0.3212194281777472
8cc21f01,prefix,1762,464,0.2633371169125993
8cc21f01,post_ps,4044,1401,0.3464391691394659
8cc21f01,prefix_last512,512,179,0.349609375
8cc21f01,post_first512,512,182,0.35546875
8cc21f01,post_last512,512,150,0.29296875
8cc21f01,lateral_prefix,700,227,0.3242857142857143
8cc800b3,full,8091,336,0.041527623285131626
8cc800b3,prefix,1515,77,0.050825082508250824
8cc800b3,post_ps,6576,259,0.03938564476885645
8cc800b3,prefix_last512,512,21,0.041015625
8cc800b3,post_first512,512,21,0.041015625
8cc800b3,post_last512,512,24,0.046875
8cc800b3,lateral_prefix,476,20,0.04201680672268908
8d5d46d7,full,7282,1763,0.24210381763251854
8d5d46d7,prefix,1527,138,0.09037328094302555
8d5d46d7,post_ps,5755,1625,0.28236316246741966
8d5d46d7,prefix_last512,512,83,0.162109375
8d5d46d7,post_first512,512,122,0.23828125
8d5d46d7,post_last512,512,103,0.201171875
8d5d46d7,lateral_prefix,704,107,0.15198863636363635
8d92cb49,full,4839,948,0.1959082455052697
8d92cb49,prefix,1250,142,0.1136
8d92cb49,post_ps,3589,806,0.224575090554472
8d92cb49,prefix_last512,512,80,0.15625
8d92cb49,post_first512,512,144,0.28125
8d92cb49,post_last512,512,113,0.220703125
8d92cb49,lateral_prefix,495,79,0.1595959595959596
8f201368,full,8151,3961,0.4859526438473807
8f201368,prefix,1802,820,0.4550499445061043
8f201368,post_ps,6349,3141,0.4947235785163018
8f201368,prefix_last512,512,262,0.51171875
8f201368,post_first512,512,266,0.51953125
8f201368,post_last512,512,239,0.466796875
8f201368,lateral_prefix,736,355,0.48233695652173914
90386ee4,full,5304,2363,0.44551282051282054
90386ee4,prefix,1464,433,0.2957650273224044
90386ee4,post_ps,3840,1930,0.5026041666666666
90386ee4,prefix_last512,512,228,0.4453125
90386ee4,post_first512,512,276,0.5390625
90386ee4,post_last512,512,283,0.552734375
90386ee4,lateral_prefix,666,301,0.4519519519519519
91abc4c7,full,7787,4420,0.5676126878130217
91abc4c7,prefix,1939,847,0.4368231046931408
91abc4c7,post_ps,5848,3573,0.6109781121751026
91abc4c7,prefix_last512,512,287,0.560546875
91abc4c7,post_first512,512,269,0.525390625
91abc4c7,post_last512,512,323,0.630859375
91abc4c7,lateral_prefix,755,386,0.5112582781456954
91b301ce,full,8512,1191,0.13992011278195488
91b301ce,prefix,1942,228,0.11740473738414006
91b301ce,post_ps,6570,963,0.14657534246575343
91b301ce,prefix_last512,512,84,0.1640625
91b301ce,post_first512,512,94,0.18359375
91b301ce,post_last512,512,63,0.123046875
91b301ce,lateral_prefix,899,149,0.1657397107897664
91db7070,full,5646,1664,0.2947219270279844
91db7070,prefix,1573,305,0.19389701207883026
91db7070,post_ps,4073,1359,0.3336606923643506
91db7070,prefix_last512,512,163,0.318359375
91db7070,post_first512,512,228,0.4453125
91db7070,post_last512,512,152,0.296875
91db7070,lateral_prefix,554,179,0.3231046931407942
925a7cd1,full,6501,1041,0.1601292108906322
925a7cd1,prefix,1984,252,0.12701612903225806
925a7cd1,post_ps,4517,789,0.17467345583351782
925a7cd1,prefix_last512,512,98,0.19140625
925a7cd1,post_first512,512,109,0.212890625
925a7cd1,post_last512,512,103,0.201171875
925a7cd1,lateral_prefix,985,177,0.17969543147208122
9283ae69,full,5118,1798,0.35130910511918717
9283ae69,prefix,1747,512,0.29307384087006294
9283ae69,post_ps,3371,1286,0.3814891723524177
9283ae69,prefix_last512,512,205,0.400390625
9283ae69,post_first512,512,173,0.337890625
9283ae69,post_last512,512,188,0.3671875
9283ae69,lateral_prefix,686,263,0.38338192419825073
9298ad5b,full,5807,2632,0.4532460823144481
9298ad5b,prefix,1843,640,0.34725990233315246
9298ad5b,post_ps,3964,1992,0.5025227043390514
9298ad5b,prefix_last512,512,269,0.525390625
9298ad5b,post_first512,512,215,0.419921875
9298ad5b,post_last512,512,241,0.470703125
9298ad5b,lateral_prefix,767,374,0.4876140808344198
9314ff13,full,4494,179,0.03983088562527815
9314ff13,prefix,1746,65,0.03722794959908362
9314ff13,post_ps,2748,114,0.04148471615720524
9314ff13,prefix_last512,512,18,0.03515625
9314ff13,post_first512,512,19,0.037109375
9314ff13,post_last512,512,25,0.048828125
9314ff13,lateral_prefix,731,30,0.04103967168262654
93209a3d,full,6300,3368,0.5346031746031746
93209a3d,prefix,1603,715,0.44603867747972553
93209a3d,post_ps,4697,2653,0.5648286140089419
93209a3d,prefix_last512,512,275,0.537109375
93209a3d,post_first512,512,291,0.568359375
93209a3d,post_last512,512,263,0.513671875
93209a3d,lateral_prefix,739,382,0.516914749661705
939d9c34,full,6627,2816,0.4249283235249736
939d9c34,prefix,1526,598,0.3918741808650065
939d9c34,post_ps,5101,2218,0.4348167026073319
939d9c34,prefix_last512,512,188,0.3671875
939d9c34,post_first512,512,234,0.45703125
939d9c34,post_last512,512,220,0.4296875
939d9c34,lateral_prefix,148,67,0.4527027027027027
93f5d2e6,full,5171,1525,0.2949139431444595
93f5d2e6,prefix,1480,288,0.1945945945945946
93f5d2e6,post_ps,3691,1237,0.3351395285830398
93f5d2e6,prefix_last512,512,155,0.302734375
93f5d2e6,post_first512,512,209,0.408203125
93f5d2e6,post_last512,512,149,0.291015625
93f5d2e6,lateral_prefix,687,200,0.29112081513828236
940a48d9,full,5627,1045,0.18571174693442333
940a48d9,prefix,1664,379,0.22776442307692307
940a48d9,post_ps,3963,666,0.1680545041635125
940a48d9,prefix_last512,512,139,0.271484375
940a48d9,post_first512,512,111,0.216796875
940a48d9,post_last512,512,96,0.1875
940a48d9,lateral_prefix,609,175,0.28735632183908044
940e709a,full,4989,1713,0.3433553818400481
940e709a,prefix,1641,429,0.26142595978062155
940e709a,post_ps,3348,1284,0.3835125448028674
940e709a,prefix_last512,512,226,0.44140625
940e709a,post_first512,512,182,0.35546875
940e709a,post_last512,512,205,0.400390625
940e709a,lateral_prefix,675,272,0.40296296296296297
9426ec1e,full,3923,535,0.1363752230435891
9426ec1e,prefix,1391,150,0.10783608914450037
9426ec1e,post_ps,2532,385,0.15205371248025276
9426ec1e,prefix_last512,512,93,0.181640625
9426ec1e,post_first512,512,84,0.1640625
9426ec1e,post_last512,512,85,0.166015625
9426ec1e,lateral_prefix,642,110,0.17133956386292834
94467f50,full,5116,1302,0.25449569976544173
94467f50,prefix,2081,633,0.30418068236424795
94467f50,post_ps,3035,669,0.22042833607907744
94467f50,prefix_last512,512,141,0.275390625
94467f50,post_first512,512,121,0.236328125
94467f50,post_last512,512,88,0.171875
94467f50,lateral_prefix,786,210,0.26717557251908397
944f36b9,full,6035,951,0.1575807787903894
944f36b9,prefix,1405,218,0.15516014234875444
944f36b9,post_ps,4630,733,0.15831533477321813
944f36b9,prefix_last512,512,142,0.27734375
944f36b9,post_first512,512,97,0.189453125
944f36b9,post_last512,512,142,0.27734375
944f36b9,lateral_prefix,476,137,0.28781512605042014
94d813a4,full,6591,1754,0.26612046730389927
94d813a4,prefix,1744,366,0.2098623853211009
94d813a4,post_ps,4847,1388,0.28636269857643903
94d813a4,prefix_last512,512,157,0.306640625
94d813a4,post_first512,512,190,0.37109375
94d813a4,post_last512,512,146,0.28515625
94d813a4,lateral_prefix,736,222,0.3016304347826087
95b559e7,full,4638,1066,0.22984044846916774
95b559e7,prefix,1751,193,0.1102227298686465
95b559e7,post_ps,2887,873,0.3023900242466228
95b559e7,prefix_last512,512,129,0.251953125
95b559e7,post_first512,512,139,0.271484375
95b559e7,post_last512,512,151,0.294921875
95b559e7,lateral_prefix,642,139,0.21651090342679127
95c8427f,full,8051,1492,0.1853185939634828
95c8427f,prefix,1716,226,0.1317016317016317
95c8427f,post_ps,6335,1266,0.19984214680347276
95c8427f,prefix_last512,512,123,0.240234375
95c8427f,post_first512,512,85,0.166015625
95c8427f,post_last512,512,80,0.15625
95c8427f,lateral_prefix,623,142,0.22792937399678972
96936c22,full,4997,868,0.1737042225335201
96936c22,prefix,1651,191,0.11568746214415505
96936c22,post_ps,3346,677,0.2023311416616856
96936c22,prefix_last512,512,95,0.185546875
96936c22,post_first512,512,85,0.166015625
96936c22,post_last512,512,156,0.3046875
96936c22,lateral_prefix,730,113,0.1547945205479452
96ae5806,full,11527,6365,0.552181833955062
96ae5806,prefix,1688,930,0.5509478672985783
96ae5806,post_ps,9839,5435,0.552393535928448
96ae5806,prefix_last512,512,327,0.638671875
96ae5806,post_first512,512,309,0.603515625
96ae5806,post_last512,512,249,0.486328125
96ae5806,lateral_prefix,635,393,0.6188976377952756
96b7eea1,full,6078,2286,0.3761105626850938
96b7eea1,prefix,1746,616,0.3528064146620848
96b7eea1,post_ps,4332,1670,0.38550323176361956
96b7eea1,prefix_last512,512,232,0.453125
96b7eea1,post_first512,512,216,0.421875
96b7eea1,post_last512,512,180,0.3515625
96b7eea1,lateral_prefix,677,310,0.45790251107828656
9719aa04,full,6665,273,0.040960240060015
9719aa04,prefix,1794,63,0.03511705685618729
9719aa04,post_ps,4871,210,0.043112297269554505
9719aa04,prefix_last512,512,15,0.029296875
9719aa04,post_first512,512,8,0.015625
9719aa04,post_last512,512,25,0.048828125
9719aa04,lateral_prefix,796,25,0.031407035175879394
974802e7,full,7537,4248,0.5636194772455885
974802e7,prefix,1694,931,0.5495867768595041
974802e7,post_ps,5843,3317,0.5676878315933596
974802e7,prefix_last512,512,339,0.662109375
974802e7,post_first512,512,367,0.716796875
974802e7,post_last512,512,264,0.515625
974802e7,lateral_prefix,762,480,0.6299212598425197
97cd5bf9,full,5099,3090,0.606001176701314
97cd5bf9,prefix,1650,906,0.5490909090909091
97cd5bf9,post_ps,3449,2184,0.6332270223253117
97cd5bf9,prefix_last512,512,336,0.65625
97cd5bf9,post_first512,512,328,0.640625
97cd5bf9,post_last512,512,324,0.6328125
97cd5bf9,lateral_prefix,695,439,0.6316546762589929
98177ced,full,6789,279,0.0410958904109589
98177ced,prefix,2017,66,0.03272186415468518
98177ced,post_ps,4772,213,0.04463537300922045
98177ced,prefix_last512,512,7,0.013671875
98177ced,post_first512,512,25,0.048828125
98177ced,post_last512,512,24,0.046875
98177ced,lateral_prefix,728,13,0.017857142857142856
9896fc0b,full,5109,1935,0.37874339401056956
9896fc0b,prefix,1514,507,0.33487450462351387
9896fc0b,post_ps,3595,1428,0.3972183588317107
9896fc0b,prefix_last512,512,251,0.490234375
9896fc0b,post_first512,512,178,0.34765625
9896fc0b,post_last512,512,195,0.380859375
9896fc0b,lateral_prefix,634,290,0.45741324921135645
98bc6f66,full,7720,3264,0.4227979274611399
98bc6f66,prefix,1657,673,0.40615570307785154
98bc6f66,post_ps,6063,2591,0.42734619825169057
98bc6f66,prefix_last512,512,279,0.544921875
98bc6f66,post_first512,512,235,0.458984375
98bc6f66,post_last512,512,277,0.541015625
98bc6f66,lateral_prefix,723,362,0.5006915629322268
992c99e8,full,6740,2357,0.3497032640949555
992c99e8,prefix,1836,500,0.27233115468409586
992c99e8,post_ps,4904,1857,0.3786704730831974
992c99e8,prefix_last512,512,189,0.369140625
992c99e8,post_first512,512,197,0.384765625
992c99e8,post_last512,512,200,0.390625
992c99e8,lateral_prefix,735,279,0.3795918367346939
992ce078,full,4661,192,0.04119287706500751
992ce078,prefix,1782,81,0.045454545454545456
992ce078,post_ps,2879,111,0.038555053838138245
992ce078,prefix_last512,512,15,0.029296875
992ce078,post_first512,512,21,0.041015625
992ce078,post_last512,512,20,0.0390625
992ce078,lateral_prefix,762,25,0.03280839895013123
99529c45,full,7591,4075,0.5368199183243314
99529c45,prefix,1751,764,0.43632210165619645
99529c45,post_ps,5840,3311,0.5669520547945206
99529c45,prefix_last512,512,296,0.578125
99529c45,post_first512,512,298,0.58203125
99529c45,post_last512,512,267,0.521484375
99529c45,lateral_prefix,655,379,0.5786259541984733
995ff498,full,6127,3207,0.5234209237799902
995ff498,prefix,1601,660,0.4122423485321674
995ff498,post_ps,4526,2547,0.5627485638532921
995ff498,prefix_last512,512,303,0.591796875
995ff498,post_first512,512,309,0.603515625
995ff498,post_last512,512,307,0.599609375
995ff498,lateral_prefix,712,422,0.5926966292134831
999daf80,full,5439,452,0.08310351167494025
999daf80,prefix,1875,165,0.088
999daf80,post_ps,3564,287,0.08052749719416386
999daf80,prefix_last512,512,41,0.080078125
999daf80,post_first512,512,42,0.08203125
999daf80,post_last512,512,34,0.06640625
999daf80,lateral_prefix,802,70,0.08728179551122195
9a6b0392,full,5802,2805,0.48345398138572904
9a6b0392,prefix,1547,665,0.4298642533936652
9a6b0392,post_ps,4255,2140,0.5029377203290247
9a6b0392,prefix_last512,512,242,0.47265625
9a6b0392,post_first512,512,271,0.529296875
9a6b0392,post_last512,512,279,0.544921875
9a6b0392,lateral_prefix,413,195,0.4721549636803874
9a8ae0d6,full,7835,3896,0.49725590299936184
9a8ae0d6,prefix,1541,679,0.4406229720960415
9a8ae0d6,post_ps,6294,3217,0.5111217032094058
9a8ae0d6,prefix_last512,512,306,0.59765625
9a8ae0d6,post_first512,512,297,0.580078125
9a8ae0d6,post_last512,512,226,0.44140625
9a8ae0d6,lateral_prefix,656,395,0.6021341463414634
9a95e33f,full,8156,1091,0.13376655223148604
9a95e33f,prefix,1709,103,0.06026916325336454
9a95e33f,post_ps,6447,988,0.1532495734450132
9a95e33f,prefix_last512,512,29,0.056640625
9a95e33f,post_first512,512,59,0.115234375
9a95e33f,post_last512,512,62,0.12109375
9a95e33f,lateral_prefix,480,26,0.05416666666666667
9ab94eeb,full,6372,3216,0.504708097928437
9ab94eeb,prefix,1930,840,0.43523316062176165
9ab94eeb,post_ps,4442,2376,0.534894191805493
9ab94eeb,prefix_last512,512,298,0.58203125
9ab94eeb,post_first512,512,266,0.51953125
9ab94eeb,post_last512,512,265,0.517578125
9ab94eeb,lateral_prefix,726,407,0.5606060606060606
9ad5410a,full,5749,463,0.08053574534701688
9ad5410a,prefix,1544,126,0.08160621761658031
9ad5410a,post_ps,4205,337,0.08014268727705114
9ad5410a,prefix_last512,512,34,0.06640625
9ad5410a,post_first512,512,33,0.064453125
9ad5410a,post_last512,512,74,0.14453125
9ad5410a,lateral_prefix,769,36,0.04681404421326398
9ae248be,full,6655,1986,0.2984222389181067
9ae248be,prefix,1384,298,0.2153179190751445
9ae248be,post_ps,5271,1688,0.32024283817112503
9ae248be,prefix_last512,512,162,0.31640625
9ae248be,post_first512,512,134,0.26171875
9ae248be,post_last512,512,132,0.2578125
9ae248be,lateral_prefix,675,205,0.3037037037037037
9af1ffd0,full,5454,339,0.06215621562156216
9af1ffd0,prefix,1929,147,0.07620528771384137
9af1ffd0,post_ps,3525,192,0.05446808510638298
9af1ffd0,prefix_last512,512,38,0.07421875
9af1ffd0,post_first512,512,29,0.056640625
9af1ffd0,post_last512,512,25,0.048828125
9af1ffd0,lateral_prefix,826,54,0.06537530266343826
9b5b61c1,full,7215,804,0.11143451143451144
9b5b61c1,prefix,1683,284,0.1687462863933452
9b5b61c1,post_ps,5532,520,0.09399855386840203
9b5b61c1,prefix_last512,512,200,0.390625
9b5b61c1,post_first512,512,82,0.16015625
9b5b61c1,post_last512,512,69,0.134765625
9b5b61c1,lateral_prefix,679,239,0.35198821796759944
9b9e3b49,full,6875,3623,0.5269818181818182
9b9e3b49,prefix,1757,667,0.37962435970404096
9b9e3b49,post_ps,5118,2956,0.5775693630324346
9b9e3b49,prefix_last512,512,335,0.654296875
9b9e3b49,post_first512,512,333,0.650390625
9b9e3b49,post_last512,512,266,0.51953125
9b9e3b49,lateral_prefix,716,438,0.611731843575419
9bd2bba3,full,9092,344,0.03783545974483062
9bd2bba3,prefix,1653,64,0.03871748336358137
9bd2bba3,post_ps,7439,280,0.037639467670385805
9bd2bba3,prefix_last512,512,14,0.02734375
9bd2bba3,post_first512,512,18,0.03515625
9bd2bba3,post_last512,512,22,0.04296875
9bd2bba3,lateral_prefix,651,19,0.029185867895545316
9c211c53,full,8842,4223,0.47760687627233656
9c211c53,prefix,1577,734,0.4654407102092581
9c211c53,post_ps,7265,3489,0.4802477632484515
9c211c53,prefix_last512,512,308,0.6015625
9c211c53,post_first512,512,307,0.599609375
9c211c53,post_last512,512,165,0.322265625
9c211c53,lateral_prefix,740,436,0.5891891891891892
9c350a6a,full,7794,3361,0.4312291506286887
9c350a6a,prefix,1742,644,0.36969001148105624
9c350a6a,post_ps,6052,2717,0.44894249834765365
9c350a6a,prefix_last512,512,306,0.59765625
9c350a6a,post_first512,512,297,0.580078125
9c350a6a,post_last512,512,209,0.408203125
9c350a6a,lateral_prefix,706,388,0.5495750708215298
9c8375f7,full,5432,1388,0.2555228276877761
9c8375f7,prefix,1758,370,0.21046643913538113
9c8375f7,post_ps,3674,1018,0.27708219923788785
9c8375f7,prefix_last512,512,193,0.376953125
9c8375f7,post_first512,512,221,0.431640625
9c8375f7,post_last512,512,102,0.19921875
9c8375f7,lateral_prefix,725,227,0.31310344827586206
9d072e4c,full,6798,955,0.1404824948514269
9d072e4c,prefix,1691,208,0.12300413956238912
9d072e4c,post_ps,5107,747,0.14626982572939104
9d072e4c,prefix_last512,512,81,0.158203125
9d072e4c,post_first512,512,74,0.14453125
9d072e4c,post_last512,512,67,0.130859375
9d072e4c,lateral_prefix,792,127,0.16035353535353536
9d3ec64c,full,4937,910,0.1843224630342313
9d3ec64c,prefix,1457,196,0.13452299245024021
9d3ec64c,post_ps,3480,714,0.20517241379310344
9d3ec64c,prefix_last512,512,103,0.201171875
9d3ec64c,post_first512,512,138,0.26953125
9d3ec64c,post_last512,512,77,0.150390625
9d3ec64c,lateral_prefix,120,45,0.375
9d4272e3,full,5771,2992,0.5184543406688615
9d4272e3,prefix,1741,828,0.4755887421022401
9d4272e3,post_ps,4030,2164,0.5369727047146402
9d4272e3,prefix_last512,512,294,0.57421875
9d4272e3,post_first512,512,298,0.58203125
9d4272e3,post_last512,512,223,0.435546875
9d4272e3,lateral_prefix,713,423,0.5932678821879382
9d5e14d4,full,6565,3462,0.5273419649657274
9d5e14d4,prefix,1165,428,0.36738197424892705
9d5e14d4,post_ps,5400,3034,0.5618518518518518
9d5e14d4,prefix_last512,512,223,0.435546875
9d5e14d4,post_first512,512,246,0.48046875
9d5e14d4,post_last512,512,286,0.55859375
9d5e14d4,lateral_prefix,175,80,0.45714285714285713
9da441ba,full,7283,1546,0.21227516133461485
9da441ba,prefix,1500,357,0.238
9da441ba,post_ps,5783,1189,0.20560262839356735
9da441ba,prefix_last512,512,212,0.4140625
9da441ba,post_first512,512,162,0.31640625
9da441ba,post_last512,512,72,0.140625
9da441ba,lateral_prefix,618,233,0.37702265372168287
9dede370,full,8057,2989,0.37098175499565594
9dede370,prefix,1760,426,0.24204545454545454
9dede370,post_ps,6297,2563,0.4070192154994442
9dede370,prefix_last512,512,184,0.359375
9dede370,post_first512,512,195,0.380859375
9dede370,post_last512,512,111,0.216796875
9dede370,lateral_prefix,725,227,0.31310344827586206
9def2eb2,full,7750,921,0.11883870967741936
9def2eb2,prefix,1747,178,0.10188895248998282
9def2eb2,post_ps,6003,743,0.12377144760952857
9def2eb2,prefix_last512,512,29,0.056640625
9def2eb2,post_first512,512,34,0.06640625
9def2eb2,post_last512,512,50,0.09765625
9def2eb2,lateral_prefix,669,29,0.043348281016442454
9df1b1f9,full,6444,4202,0.6520794537554314
9df1b1f9,prefix,1743,979,0.561675272518646
9df1b1f9,post_ps,4701,3223,0.6855988087640927
9df1b1f9,prefix_last512,512,357,0.697265625
9df1b1f9,post_first512,512,345,0.673828125
9df1b1f9,post_last512,512,287,0.560546875
9df1b1f9,lateral_prefix,671,461,0.6870342771982116
9dfff011,full,6067,2115,0.3486072193835504
9dfff011,prefix,1748,505,0.2889016018306636
9dfff011,post_ps,4319,1610,0.3727714748784441
9dfff011,prefix_last512,512,120,0.234375
9dfff011,post_first512,512,156,0.3046875
9dfff011,post_last512,512,202,0.39453125
9dfff011,lateral_prefix,687,168,0.2445414847161572
9e3e364d,full,5809,3002,0.5167843002237906
9e3e364d,prefix,1519,777,0.511520737327189
9e3e364d,post_ps,4290,2225,0.5186480186480187
9e3e364d,prefix_last512,512,355,0.693359375
9e3e364d,post_first512,512,236,0.4609375
9e3e364d,post_last512,512,194,0.37890625
9e3e364d,lateral_prefix,619,428,0.691437802907916
9efc812e,full,6100,131,0.021475409836065575
9efc812e,prefix,1650,29,0.017575757575757574
9efc812e,post_ps,4450,102,0.02292134831460674
9efc812e,prefix_last512,512,4,0.0078125
9efc812e,post_first512,512,6,0.01171875
9efc812e,post_last512,512,22,0.04296875
9efc812e,lateral_prefix,731,7,0.009575923392612859
9f0c7bae,full,4040,1118,0.27673267326732676
9f0c7bae,prefix,1498,304,0.20293724966622162
9f0c7bae,post_ps,2542,814,0.3202202989771833
9f0c7bae,prefix_last512,512,184,0.359375
9f0c7bae,post_first512,512,185,0.361328125
9f0c7bae,post_last512,512,178,0.34765625
9f0c7bae,lateral_prefix,797,238,0.2986198243412798
9ffce529,full,6675,2415,0.36179775280898874
9ffce529,prefix,1463,271,0.18523581681476417
9ffce529,post_ps,5212,2144,0.4113584036838066
9ffce529,prefix_last512,512,162,0.31640625
9ffce529,post_first512,512,164,0.3203125
9ffce529,post_last512,512,243,0.474609375
9ffce529,lateral_prefix,614,199,0.3241042345276873
a0383629,full,7687,4026,0.5237413815532718
a0383629,prefix,1855,838,0.4517520215633423
a0383629,post_ps,5832,3188,0.546639231824417
a0383629,prefix_last512,512,262,0.51171875
a0383629,post_first512,512,291,0.568359375
a0383629,post_last512,512,285,0.556640625
a0383629,lateral_prefix,666,351,0.527027027027027
a056d01e,full,8292,2031,0.24493487698986977
a056d01e,prefix,1735,263,0.1515850144092219
a056d01e,post_ps,6557,1768,0.2696355040414824
a056d01e,prefix_last512,512,120,0.234375
a056d01e,post_first512,512,137,0.267578125
a056d01e,post_last512,512,116,0.2265625
a056d01e,lateral_prefix,687,138,0.20087336244541484
a08d9e63,full,5199,1159,0.2229274860550106
a08d9e63,prefix,1514,216,0.142668428005284
a08d9e63,post_ps,3685,943,0.25590230664857533
a08d9e63,prefix_last512,512,100,0.1953125
a08d9e63,post_first512,512,129,0.251953125
a08d9e63,post_last512,512,116,0.2265625
a08d9e63,lateral_prefix,633,118,0.18641390205371247
a0b83014,full,6873,3664,0.5331005383384257
a0b83014,prefix,1838,889,0.4836779107725789
a0b83014,post_ps,5035,2775,0.551142005958292
a0b83014,prefix_last512,512,303,0.591796875
a0b83014,post_first512,512,289,0.564453125
a0b83014,post_last512,512,252,0.4921875
a0b83014,lateral_prefix,273,166,0.608058608058608
a0e92ed6,full,6446,2901,0.4500465404902265
a0e92ed6,prefix,1549,453,0.29244673983214975
a0e92ed6,post_ps,4897,2448,0.4998978966714315
a0e92ed6,prefix_last512,512,252,0.4921875
a0e92ed6,post_first512,512,250,0.48828125
a0e92ed6,post_last512,512,232,0.453125
a0e92ed6,lateral_prefix,873,389,0.44558991981672397
a15bc102,full,5124,2742,0.5351288056206089
a15bc102,prefix,1888,919,0.4867584745762712
a15bc102,post_ps,3236,1823,0.5633498145859085
a15bc102,prefix_last512,512,300,0.5859375
a15bc102,post_first512,512,333,0.650390625
a15bc102,post_last512,512,282,0.55078125
a15bc102,lateral_prefix,750,436,0.5813333333333334
a247e7cf,full,7237,4041,0.5583805444244853
a247e7cf,prefix,1563,825,0.527831094049904
a247e7cf,post_ps,5674,3216,0.5667959111737751
a247e7cf,prefix_last512,512,348,0.6796875
a247e7cf,post_first512,512,342,0.66796875
a247e7cf,post_last512,512,274,0.53515625
a247e7cf,lateral_prefix,680,425,0.625
a2e8e7f6,full,5812,2479,0.4265313145216793
a2e8e7f6,prefix,1052,190,0.1806083650190114
a2e8e7f6,post_ps,4760,2289,0.4808823529411765
a2e8e7f6,prefix_last512,512,124,0.2421875
a2e8e7f6,post_first512,512,251,0.490234375
a2e8e7f6,post_last512,512,235,0.458984375
a2e8e7f6,lateral_prefix,247,82,0.3319838056680162
a3518960,full,6992,249,0.03561212814645309
a3518960,prefix,2025,62,0.030617283950617285
a3518960,post_ps,4967,187,0.0376484799677874
a3518960,prefix_last512,512,12,0.0234375
a3518960,post_first512,512,13,0.025390625
a3518960,post_last512,512,21,0.041015625
a3518960,lateral_prefix,692,21,0.030346820809248554
a3f71395,full,7040,643,0.09133522727272728
a3f71395,prefix,1497,207,0.13827655310621242
a3f71395,post_ps,5543,436,0.07865776655240844
a3f71395,prefix_last512,512,79,0.154296875
a3f71395,post_first512,512,58,0.11328125
a3f71395,post_last512,512,41,0.080078125
a3f71395,lateral_prefix,681,92,0.13509544787077826
a4719920,full,7495,4730,0.6310873915943963
a4719920,prefix,1611,939,0.5828677839851024
a4719920,post_ps,5884,3791,0.6442895989123045
a4719920,prefix_last512,512,365,0.712890625
a4719920,post_first512,512,396,0.7734375
a4719920,post_last512,512,137,0.267578125
a4719920,lateral_prefix,674,457,0.6780415430267063
a48640d9,full,6586,829,0.12587306407531126
a48640d9,prefix,2054,200,0.09737098344693282
a48640d9,post_ps,4532,629,0.13879082082965577
a48640d9,prefix_last512,512,55,0.107421875
a48640d9,post_first512,512,85,0.166015625
a48640d9,post_last512,512,77,0.150390625
a48640d9,lateral_prefix,739,84,0.11366711772665765
a4cdbb0f,full,6759,279,0.041278295605858856
a4cdbb0f,prefix,1555,82,0.052733118971061095
a4cdbb0f,post_ps,5204,197,0.037855495772482706
a4cdbb0f,prefix_last512,512,26,0.05078125
a4cdbb0f,post_first512,512,24,0.046875
a4cdbb0f,post_last512,512,15,0.029296875
a4cdbb0f,lateral_prefix,659,34,0.051593323216995446
a4f989c2,full,7024,332,0.04726651480637813
a4f989c2,prefix,1639,74,0.04514948139109213
a4f989c2,post_ps,5385,258,0.0479108635097493
a4f989c2,prefix_last512,512,26,0.05078125
a4f989c2,post_first512,512,15,0.029296875
a4f989c2,post_last512,512,28,0.0546875
a4f989c2,lateral_prefix,662,31,0.04682779456193353
a5aa7973,full,6449,2281,0.3536982477903551
a5aa7973,prefix,1833,427,0.23295144571740317
a5aa7973,post_ps,4616,1854,0.4016464471403813
a5aa7973,prefix_last512,512,229,0.447265625
a5aa7973,post_first512,512,225,0.439453125
a5aa7973,post_last512,512,145,0.283203125
a5aa7973,lateral_prefix,794,313,0.39420654911838793
a5e6f7dc,full,7331,3755,0.5122084299549857
a5e6f7dc,prefix,1682,825,0.49048751486325803
a5e6f7dc,post_ps,5649,2930,0.5186758718357232
a5e6f7dc,prefix_last512,512,321,0.626953125
a5e6f7dc,post_first512,512,330,0.64453125
a5e6f7dc,post_last512,512,235,0.458984375
a5e6f7dc,lateral_prefix,672,387,0.5758928571428571
a612d5a0,full,7160,328,0.04581005586592179
a612d5a0,prefix,1831,77,0.042053522665210265
a612d5a0,post_ps,5329,251,0.047100769375117285
a612d5a0,prefix_last512,512,19,0.037109375
a612d5a0,post_first512,512,25,0.048828125
a612d5a0,post_last512,512,48,0.09375
a612d5a0,lateral_prefix,560,20,0.03571428571428571
a622ce4d,full,8047,3492,0.433950540574127
a622ce4d,prefix,1749,662,0.37850200114351057
a622ce4d,post_ps,6298,2830,0.44934899968243885
a622ce4d,prefix_last512,512,234,0.45703125
a622ce4d,post_first512,512,210,0.41015625
a622ce4d,post_last512,512,263,0.513671875
a622ce4d,lateral_prefix,675,313,0.46370370370370373
a645da9a,full,6766,1193,0.17632279042270174
a645da9a,prefix,1613,182,0.11283323000619963
a645da9a,post_ps,5153,1011,0.19619639045216378
a645da9a,prefix_last512,512,101,0.197265625
a645da9a,post_first512,512,82,0.16015625
a645da9a,post_last512,512,117,0.228515625
a645da9a,lateral_prefix,622,120,0.19292604501607716
a692b17e,full,5409,3229,0.596968016269181
a692b17e,prefix,1843,1098,0.5957677699403147
a692b17e,post_ps,3566,2131,0.5975883342680874
a692b17e,prefix_last512,512,324,0.6328125
a692b17e,post_first512,512,288,0.5625
a692b17e,post_last512,512,308,0.6015625
a692b17e,lateral_prefix,697,460,0.6599713055954088
a6b8ac67,full,7017,502,0.07154054439219039
a6b8ac67,prefix,1564,100,0.0639386189258312
a6b8ac67,post_ps,5453,402,0.0737208875848157
a6b8ac67,prefix_last512,512,43,0.083984375
a6b8ac67,post_first512,512,42,0.08203125
a6b8ac67,post_last512,512,31,0.060546875
a6b8ac67,lateral_prefix,679,54,0.07952871870397643
a6ed2eff,full,7054,3679,0.5215480578395236
a6ed2eff,prefix,1779,712,0.40022484541877457
a6ed2eff,post_ps,5275,2967,0.5624644549763033
a6ed2eff,prefix_last512,512,258,0.50390625
a6ed2eff,post_first512,512,314,0.61328125
a6ed2eff,post_last512,512,209,0.408203125
a6ed2eff,lateral_prefix,746,380,0.5093833780160858
a6f967fb,full,7032,281,0.03996018202502844
a6f967fb,prefix,2362,85,0.03598645215918713
a6f967fb,post_ps,4670,196,0.04197002141327623
a6f967fb,prefix_last512,512,17,0.033203125
a6f967fb,post_first512,512,18,0.03515625
a6f967fb,post_last512,512,19,0.037109375
a6f967fb,lateral_prefix,795,23,0.028930817610062894
a76db406,full,6451,75,0.011626104479925592
a76db406,prefix,1779,17,0.00955593029792018
a76db406,post_ps,4672,58,0.012414383561643835
a76db406,prefix_last512,512,2,0.00390625
a76db406,post_first512,512,2,0.00390625
a76db406,post_last512,512,7,0.013671875
a76db406,lateral_prefix,807,5,0.006195786864931847
a7744f5b,full,6017,948,0.15755359813860728
a7744f5b,prefix,1640,210,0.12804878048780488
a7744f5b,post_ps,4377,738,0.16860863605209048
a7744f5b,prefix_last512,512,85,0.166015625
a7744f5b,post_first512,512,121,0.236328125
a7744f5b,post_last512,512,76,0.1484375
a7744f5b,lateral_prefix,714,110,0.15406162464985995
a783cc24,full,3275,339,0.10351145038167939
a783cc24,prefix,1386,119,0.08585858585858586
a783cc24,post_ps,1889,220,0.11646373742721017
a783cc24,prefix_last512,512,77,0.150390625
a783cc24,post_first512,512,63,0.123046875
a783cc24,post_last512,512,48,0.09375
a783cc24,lateral_prefix,494,75,0.15182186234817813
a79fd2e7,full,6327,2869,0.45345345345345345
a79fd2e7,prefix,1923,557,0.28965158606344255
a79fd2e7,post_ps,4404,2312,0.5249772933696639
a79fd2e7,prefix_last512,512,277,0.541015625
a79fd2e7,post_first512,512,206,0.40234375
a79fd2e7,post_last512,512,229,0.447265625
a79fd2e7,lateral_prefix,797,389,0.4880803011292346
a7fc3e6b,full,6378,3871,0.6069300721229225
a7fc3e6b,prefix,1614,850,0.5266418835192069
a7fc3e6b,post_ps,4764,3021,0.6341309823677582
a7fc3e6b,prefix_last512,512,341,0.666015625
a7fc3e6b,post_first512,512,315,0.615234375
a7fc3e6b,post_last512,512,358,0.69921875
a7fc3e6b,lateral_prefix,383,262,0.6840731070496083
a85bb86f,full,5100,767,0.1503921568627451
a85bb86f,prefix,2001,310,0.1549225387306347
a85bb86f,post_ps,3099,457,0.14746692481445628
a85bb86f,prefix_last512,512,114,0.22265625
a85bb86f,post_first512,512,101,0.197265625
a85bb86f,post_last512,512,48,0.09375
a85bb86f,lateral_prefix,706,150,0.21246458923512748
a85e4bc3,full,5993,2926,0.4882362756549308
a85e4bc3,prefix,1412,646,0.45750708215297453
a85e4bc3,post_ps,4581,2280,0.4977079240340537
a85e4bc3,prefix_last512,512,257,0.501953125
a85e4bc3,post_first512,512,288,0.5625
a85e4bc3,post_last512,512,189,0.369140625
a85e4bc3,lateral_prefix,620,307,0.49516129032258066
a87433c9,full,7460,4042,0.5418230563002681
a87433c9,prefix,1739,716,0.4117308798159862
a87433c9,post_ps,5721,3326,0.5813668938996679
a87433c9,prefix_last512,512,280,0.546875
a87433c9,post_first512,512,309,0.603515625
a87433c9,post_last512,512,237,0.462890625
a87433c9,lateral_prefix,635,355,0.5590551181102362
a8ed028a,full,7310,333,0.04555403556771546
a8ed028a,prefix,1772,70,0.039503386004514675
a8ed028a,post_ps,5538,263,0.04749006861682918
a8ed028a,prefix_last512,512,21,0.041015625
a8ed028a,post_first512,512,18,0.03515625
a8ed028a,post_last512,512,20,0.0390625
a8ed028a,lateral_prefix,760,29,0.038157894736842106
a959858c,full,5770,3246,0.5625649913344888
a959858c,prefix,1366,542,0.3967789165446559
a959858c,post_ps,4404,2704,0.6139872842870118
a959858c,prefix_last512,512,167,0.326171875
a959858c,post_first512,512,248,0.484375
a959858c,post_last512,512,341,0.666015625
a959858c,lateral_prefix,0,0,
a9c9b150,full,5826,2925,0.5020597322348095
a9c9b150,prefix,1840,743,0.40380434782608693
a9c9b150,post_ps,3986,2182,0.5474159558454591
a9c9b150,prefix_last512,512,286,0.55859375
a9c9b150,post_first512,512,319,0.623046875
a9c9b150,post_last512,512,278,0.54296875
a9c9b150,lateral_prefix,805,429,0.5329192546583851
aa95015b,full,5761,1917,0.33275473008158307
aa95015b,prefix,1461,436,0.29842573579739906
aa95015b,post_ps,4300,1481,0.3444186046511628
aa95015b,prefix_last512,512,235,0.458984375
aa95015b,post_first512,512,174,0.33984375
aa95015b,post_last512,512,134,0.26171875
aa95015b,lateral_prefix,606,270,0.44554455445544555
aaaf3c03,full,4728,284,0.06006768189509306
aaaf3c03,prefix,1731,118,0.0681686886192952
aaaf3c03,post_ps,2997,166,0.05538872205538872
aaaf3c03,prefix_last512,512,27,0.052734375
aaaf3c03,post_first512,512,33,0.064453125
aaaf3c03,post_last512,512,31,0.060546875
aaaf3c03,lateral_prefix,773,50,0.0646830530401035
aaeffccb,full,4586,2492,0.5433929350196249
aaeffccb,prefix,1874,842,0.44930629669156885
aaeffccb,post_ps,2712,1650,0.6084070796460177
aaeffccb,prefix_last512,512,273,0.533203125
aaeffccb,post_first512,512,328,0.640625
aaeffccb,post_last512,512,296,0.578125
aaeffccb,lateral_prefix,611,324,0.530278232405892
ab112491,full,7178,329,0.04583449428810254
ab112491,prefix,1993,110,0.05519317611640743
ab112491,post_ps,5185,219,0.04223722275795564
ab112491,prefix_last512,512,27,0.052734375
ab112491,post_first512,512,23,0.044921875
ab112491,post_last512,512,19,0.037109375
ab112491,lateral_prefix,654,31,0.047400611620795105
ab18d3fc,full,7337,2161,0.294534550906365
ab18d3fc,prefix,1643,374,0.22763237979306147
ab18d3fc,post_ps,5694,1787,0.31383912890762206
ab18d3fc,prefix_last512,512,193,0.376953125
ab18d3fc,post_first512,512,149,0.291015625
ab18d3fc,post_last512,512,136,0.265625
ab18d3fc,lateral_prefix,488,189,0.38729508196721313
ab3ced07,full,6008,2622,0.43641810918774965
ab3ced07,prefix,1758,535,0.3043230944254835
ab3ced07,post_ps,4250,2087,0.49105882352941177
ab3ced07,prefix_last512,512,233,0.455078125
ab3ced07,post_first512,512,200,0.390625
ab3ced07,post_last512,512,373,0.728515625
ab3ced07,lateral_prefix,749,340,0.4539385847797063
ab6fe95d,full,7424,1754,0.23626077586206898
ab6fe95d,prefix,1933,379,0.19606828763579928
ab6fe95d,post_ps,5491,1375,0.2504097614277909
ab6fe95d,prefix_last512,512,99,0.193359375
ab6fe95d,post_first512,512,145,0.283203125
ab6fe95d,post_last512,512,134,0.26171875
ab6fe95d,lateral_prefix,868,162,0.18663594470046083
ab94878e,full,7652,340,0.04443282801881861
ab94878e,prefix,1648,94,0.05703883495145631
ab94878e,post_ps,6004,246,0.040972684876748836
ab94878e,prefix_last512,512,20,0.0390625
ab94878e,post_first512,512,26,0.05078125
ab94878e,post_last512,512,22,0.04296875
ab94878e,lateral_prefix,681,31,0.04552129221732746
abf460d2,full,4763,2439,0.5120722233886206
abf460d2,prefix,1546,565,0.3654592496765847
abf460d2,post_ps,3217,1874,0.5825303077401306
abf460d2,prefix_last512,512,327,0.638671875
abf460d2,post_first512,512,371,0.724609375
abf460d2,post_last512,512,253,0.494140625
abf460d2,lateral_prefix,699,428,0.6123032904148784
ac6f01d5,full,6729,162,0.024074899687917966
ac6f01d5,prefix,1725,27,0.01565217391304348
ac6f01d5,post_ps,5004,135,0.02697841726618705
ac6f01d5,prefix_last512,512,6,0.01171875
ac6f01d5,post_first512,512,5,0.009765625
ac6f01d5,post_last512,512,19,0.037109375
ac6f01d5,lateral_prefix,507,6,0.011834319526627219
ad2133a8,full,7187,1989,0.2767496869347433
ad2133a8,prefix,1458,344,0.23593964334705075
ad2133a8,post_ps,5729,1645,0.2871356257636586
ad2133a8,prefix_last512,512,148,0.2890625
ad2133a8,post_first512,512,159,0.310546875
ad2133a8,post_last512,512,156,0.3046875
ad2133a8,lateral_prefix,642,191,0.29750778816199375
add9c322,full,5519,3037,0.5502808479797064
add9c322,prefix,1587,738,0.46502835538752363
add9c322,post_ps,3932,2299,0.5846897253306206
add9c322,prefix_last512,512,269,0.525390625
add9c322,post_first512,512,318,0.62109375
add9c322,post_last512,512,286,0.55859375
add9c322,lateral_prefix,668,363,0.5434131736526946
ae069086,full,6741,44,0.006527221480492508
ae069086,prefix,1971,12,0.0060882800608828
ae069086,post_ps,4770,32,0.0067085953878406705
ae069086,prefix_last512,512,2,0.00390625
ae069086,post_first512,512,1,0.001953125
ae069086,post_last512,512,4,0.0078125
ae069086,lateral_prefix,728,5,0.006868131868131868
ae0784a8,full,9171,4907,0.5350561552720532
ae0784a8,prefix,1348,411,0.30489614243323443
ae0784a8,post_ps,7823,4496,0.574715582257446
ae0784a8,prefix_last512,512,208,0.40625
ae0784a8,post_first512,512,270,0.52734375
ae0784a8,post_last512,512,285,0.556640625
ae0784a8,lateral_prefix,508,206,0.40551181102362205
ae35f33a,full,6469,1953,0.3019013757922399
ae35f33a,prefix,2019,822,0.40713224368499257
ae35f33a,post_ps,4450,1131,0.2541573033707865
ae35f33a,prefix_last512,512,222,0.43359375
ae35f33a,post_first512,512,188,0.3671875
ae35f33a,post_last512,512,71,0.138671875
ae35f33a,lateral_prefix,674,314,0.4658753709198813
ae8959c3,full,6645,514,0.07735139202407826
ae8959c3,prefix,2127,202,0.09496944052656324
ae8959c3,post_ps,4518,312,0.06905710491367861
ae8959c3,prefix_last512,512,35,0.068359375
ae8959c3,post_first512,512,28,0.0546875
ae8959c3,post_last512,512,53,0.103515625
ae8959c3,lateral_prefix,684,58,0.0847953216374269
aed44918,full,4020,2643,0.6574626865671642
aed44918,prefix,1301,738,0.5672559569561876
aed44918,post_ps,2719,1905,0.7006252298639205
aed44918,prefix_last512,512,340,0.6640625
aed44918,post_first512,512,366,0.71484375
aed44918,post_last512,512,354,0.69140625
aed44918,lateral_prefix,699,470,0.6723891273247496
aee6393a,full,7146,3492,0.48866498740554154
aee6393a,prefix,1281,645,0.5035128805620609
aee6393a,post_ps,5865,2847,0.4854219948849105
aee6393a,prefix_last512,512,276,0.5390625
aee6393a,post_first512,512,266,0.51953125
aee6393a,post_last512,512,184,0.359375
aee6393a,lateral_prefix,705,360,0.5106382978723404
af7a59ce,full,4330,1115,0.2575057736720554
af7a59ce,prefix,1306,251,0.19218989280245022
af7a59ce,post_ps,3024,864,0.2857142857142857
af7a59ce,prefix_last512,512,157,0.306640625
af7a59ce,post_first512,512,164,0.3203125
af7a59ce,post_last512,512,142,0.27734375
af7a59ce,lateral_prefix,600,187,0.31166666666666665
aff4e561,full,7723,2658,0.3441667745694678
aff4e561,prefix,1697,521,0.3070123747790218
aff4e561,post_ps,6026,2137,0.354629936939927
aff4e561,prefix_last512,512,175,0.341796875
aff4e561,post_first512,512,263,0.513671875
aff4e561,post_last512,512,328,0.640625
aff4e561,lateral_prefix,712,234,0.32865168539325845
b04b58a3,full,5229,287,0.05488621151271754
b04b58a3,prefix,1827,121,0.0662287903667214
b04b58a3,post_ps,3402,166,0.04879482657260435
b04b58a3,prefix_last512,512,31,0.060546875
b04b58a3,post_first512,512,21,0.041015625
b04b58a3,post_last512,512,28,0.0546875
b04b58a3,lateral_prefix,799,48,0.060075093867334166
b0d42b0d,full,6357,3394,0.5338996381941167
b0d42b0d,prefix,1386,606,0.43722943722943725
b0d42b0d,post_ps,4971,2788,0.5608529470931403
b0d42b0d,prefix_last512,512,338,0.66015625
b0d42b0d,post_first512,512,313,0.611328125
b0d42b0d,post_last512,512,305,0.595703125
b0d42b0d,lateral_prefix,663,432,0.6515837104072398
b0f53bf4,full,4202,1153,0.2743931461208948
b0f53bf4,prefix,1447,394,0.2722874913614375
b0f53bf4,post_ps,2755,759,0.2754990925589837
b0f53bf4,prefix_last512,512,185,0.361328125
b0f53bf4,post_first512,512,128,0.25
b0f53bf4,post_last512,512,100,0.1953125
b0f53bf4,lateral_prefix,755,268,0.35496688741721855
b19b0395,full,7196,286,0.039744302390216785
b19b0395,prefix,1383,67,0.04844540853217643
b19b0395,post_ps,5813,219,0.037674178565284704
b19b0395,prefix_last512,512,26,0.05078125
b19b0395,post_first512,512,18,0.03515625
b19b0395,post_last512,512,23,0.044921875
b19b0395,lateral_prefix,625,31,0.0496
b1efb8a4,full,7562,376,0.04972229568897117
b1efb8a4,prefix,1564,66,0.04219948849104859
b1efb8a4,post_ps,5998,310,0.051683894631543846
b1efb8a4,prefix_last512,512,18,0.03515625
b1efb8a4,post_first512,512,20,0.0390625
b1efb8a4,post_last512,512,62,0.12109375
b1efb8a4,lateral_prefix,668,24,0.03592814371257485
b32902c0,full,5737,2778,0.4842252048108768
b32902c0,prefix,1929,711,0.36858475894245724
b32902c0,post_ps,3808,2067,0.5428046218487395
b32902c0,prefix_last512,512,312,0.609375
b32902c0,post_first512,512,321,0.626953125
b32902c0,post_last512,512,270,0.52734375
b32902c0,lateral_prefix,757,439,0.5799207397622193
b32e4903,full,7420,461,0.062129380053908355
b32e4903,prefix,1650,226,0.13696969696969696
b32e4903,post_ps,5770,235,0.04072790294627383
b32e4903,prefix_last512,512,27,0.052734375
b32e4903,post_first512,512,23,0.044921875
b32e4903,post_last512,512,16,0.03125
b32e4903,lateral_prefix,713,33,0.04628330995792426
b3388334,full,7807,1793,0.22966568464198797
b3388334,prefix,1727,300,0.17371163867979156
b3388334,post_ps,6080,1493,0.2455592105263158
b3388334,prefix_last512,512,132,0.2578125
b3388334,post_first512,512,90,0.17578125
b3388334,post_last512,512,87,0.169921875
b3388334,lateral_prefix,639,157,0.24569640062597808
b37fd114,full,9786,836,0.08542816268138156
b37fd114,prefix,1625,171,0.10523076923076922
b37fd114,post_ps,8161,665,0.08148511211861291
b37fd114,prefix_last512,512,89,0.173828125
b37fd114,post_first512,512,79,0.154296875
b37fd114,post_last512,512,8,0.015625
b37fd114,lateral_prefix,610,100,0.16393442622950818
b38e3116,full,7954,420,0.05280362081971335
b38e3116,prefix,1743,76,0.04360298336201951
b38e3116,post_ps,6211,344,0.055385606182579296
b38e3116,prefix_last512,512,18,0.03515625
b38e3116,post_first512,512,27,0.052734375
b38e3116,post_last512,512,53,0.103515625
b38e3116,lateral_prefix,724,27,0.03729281767955801
b4d8dd4f,full,5909,664,0.11237095955322389
b4d8dd4f,prefix,1650,252,0.15272727272727274
b4d8dd4f,post_ps,4259,412,0.09673632308053534
b4d8dd4f,prefix_last512,512,56,0.109375
b4d8dd4f,post_first512,512,30,0.05859375
b4d8dd4f,post_last512,512,45,0.087890625
b4d8dd4f,lateral_prefix,339,35,0.10324483775811209
b4f37e6e,full,4499,1421,0.3158479662147144
b4f37e6e,prefix,1507,371,0.24618447246184472
b4f37e6e,post_ps,2992,1050,0.35093582887700536
b4f37e6e,prefix_last512,512,252,0.4921875
b4f37e6e,post_first512,512,194,0.37890625
b4f37e6e,post_last512,512,199,0.388671875
b4f37e6e,lateral_prefix,657,294,0.4474885844748858
b56bc0aa,full,7431,1528,0.20562508410711883
b56bc0aa,prefix,1829,271,0.1481683980317113
b56bc0aa,post_ps,5602,1257,0.22438414851838628
b56bc0aa,prefix_last512,512,80,0.15625
b56bc0aa,post_first512,512,98,0.19140625
b56bc0aa,post_last512,512,109,0.212890625
b56bc0aa,lateral_prefix,725,108,0.1489655172413793
b585b4fa,full,5999,726,0.12102017002833805
b585b4fa,prefix,1705,218,0.1278592375366569
b585b4fa,post_ps,4294,508,0.11830461108523521
b585b4fa,prefix_last512,512,69,0.134765625
b585b4fa,post_first512,512,84,0.1640625
b585b4fa,post_last512,512,49,0.095703125
b585b4fa,lateral_prefix,671,107,0.15946348733233978
b5aa9634,full,8747,351,0.04012804390076598
b5aa9634,prefix,1421,43,0.030260380014074596
b5aa9634,post_ps,7326,308,0.042042042042042045
b5aa9634,prefix_last512,512,11,0.021484375
b5aa9634,post_first512,512,16,0.03125
b5aa9634,post_last512,512,23,0.044921875
b5aa9634,lateral_prefix,732,20,0.0273224043715847
b7974e66,full,7170,3566,0.49735006973500695
b7974e66,prefix,1612,635,0.3939205955334988
b7974e66,post_ps,5558,2931,0.5273479668945664
b7974e66,prefix_last512,512,246,0.48046875
b7974e66,post_first512,512,233,0.455078125
b7974e66,post_last512,512,274,0.53515625
b7974e66,lateral_prefix,821,391,0.4762484774665043
b7cdcecb,full,7620,3181,0.4174540682414698
b7cdcecb,prefix,1452,555,0.3822314049586777
b7cdcecb,post_ps,6168,2626,0.425745784695201
b7cdcecb,prefix_last512,512,254,0.49609375
b7cdcecb,post_first512,512,310,0.60546875
b7cdcecb,post_last512,512,251,0.490234375
b7cdcecb,lateral_prefix,610,295,0.48360655737704916
b7fea9ef,full,5575,841,0.15085201793721972
b7fea9ef,prefix,1709,298,0.1743709771796372
b7fea9ef,post_ps,3866,543,0.1404552509053285
b7fea9ef,prefix_last512,512,73,0.142578125
b7fea9ef,post_first512,512,64,0.125
b7fea9ef,post_last512,512,56,0.109375
b7fea9ef,lateral_prefix,493,73,0.14807302231237324
b85f7b06,full,5453,1054,0.1932880982945168
b85f7b06,prefix,1650,287,0.17393939393939395
b85f7b06,post_ps,3803,767,0.20168288193531422
b85f7b06,prefix_last512,512,131,0.255859375
b85f7b06,post_first512,512,111,0.216796875
b85f7b06,post_last512,512,92,0.1796875
b85f7b06,lateral_prefix,676,167,0.2470414201183432
b881d27e,full,5442,2370,0.4355016538037486
b881d27e,prefix,1433,339,0.23656664340544312
b881d27e,post_ps,4009,2031,0.506610127213769
b881d27e,prefix_last512,512,237,0.462890625
b881d27e,post_first512,512,247,0.482421875
b881d27e,post_last512,512,255,0.498046875
b881d27e,lateral_prefix,662,270,0.4078549848942598
b8c49c1a,full,6254,1325,0.211864406779661
b8c49c1a,prefix,1935,342,0.17674418604651163
b8c49c1a,post_ps,4319,983,0.22759898124565872
b8c49c1a,prefix_last512,512,157,0.306640625
b8c49c1a,post_first512,512,140,0.2734375
b8c49c1a,post_last512,512,121,0.236328125
b8c49c1a,lateral_prefix,649,191,0.2942989214175655
b95e7121,full,7492,483,0.06446876668446343
b95e7121,prefix,1186,63,0.05311973018549747
b95e7121,post_ps,6306,420,0.06660323501427212
b95e7121,prefix_last512,512,48,0.09375
b95e7121,post_first512,512,25,0.048828125
b95e7121,post_last512,512,41,0.080078125
b95e7121,lateral_prefix,7,0,0.0
b977be4a,full,7495,1735,0.2314876584389593
b977be4a,prefix,1578,275,0.17427122940430925
b977be4a,post_ps,5917,1460,0.2467466621598783
b977be4a,prefix_last512,512,150,0.29296875
b977be4a,post_first512,512,131,0.255859375
b977be4a,post_last512,512,109,0.212890625
b977be4a,lateral_prefix,704,189,0.2684659090909091
ba48188d,full,5534,924,0.16696783520057826
ba48188d,prefix,1368,187,0.13669590643274854
ba48188d,post_ps,4166,737,0.17690830532885263
ba48188d,prefix_last512,512,113,0.220703125
ba48188d,post_first512,512,98,0.19140625
ba48188d,post_last512,512,75,0.146484375
ba48188d,lateral_prefix,734,154,0.2098092643051771
bb2cdd83,full,5665,827,0.14598411297440422
bb2cdd83,prefix,1840,275,0.14945652173913043
bb2cdd83,post_ps,3825,552,0.14431372549019608
bb2cdd83,prefix_last512,512,81,0.158203125
bb2cdd83,post_first512,512,117,0.228515625
bb2cdd83,post_last512,512,32,0.0625
bb2cdd83,lateral_prefix,745,119,0.1597315436241611
bb337fa0,full,8216,5402,0.6574975657254138
bb337fa0,prefix,1343,805,0.5994043186895012
bb337fa0,post_ps,6873,4597,0.6688491197439255
bb337fa0,prefix_last512,512,310,0.60546875
bb337fa0,post_first512,512,340,0.6640625
bb337fa0,post_last512,512,285,0.556640625
bb337fa0,lateral_prefix,399,257,0.6441102756892231
bb682ebd,full,5931,1522,0.25661777103355254
bb682ebd,prefix,1792,330,0.18415178571428573
bb682ebd,post_ps,4139,1192,0.28799226866392846
bb682ebd,prefix_last512,512,138,0.26953125
bb682ebd,post_first512,512,126,0.24609375
bb682ebd,post_last512,512,139,0.271484375
bb682ebd,lateral_prefix,676,165,0.2440828402366864
bc4381e2,full,6885,3641,0.5288307915758896
bc4381e2,prefix,1930,760,0.39378238341968913
bc4381e2,post_ps,4955,2881,0.5814328960645813
bc4381e2,prefix_last512,512,269,0.525390625
bc4381e2,post_first512,512,258,0.50390625
bc4381e2,post_last512,512,334,0.65234375
bc4381e2,lateral_prefix,713,367,0.514726507713885
bcebcc5f,full,7889,3769,0.4777538344530359
bcebcc5f,prefix,1631,732,0.4488044144696505
bcebcc5f,post_ps,6258,3037,0.4852988175135826
bcebcc5f,prefix_last512,512,285,0.556640625
bcebcc5f,post_first512,512,301,0.587890625
bcebcc5f,post_last512,512,218,0.42578125
bcebcc5f,lateral_prefix,622,348,0.5594855305466238
bd2c2f34,full,11621,7102,0.6111350141984339
bd2c2f34,prefix,1798,915,0.5088987764182424
bd2c2f34,post_ps,9823,6187,0.6298483151786624
bd2c2f34,prefix_last512,512,350,0.68359375
bd2c2f34,post_first512,512,364,0.7109375
bd2c2f34,post_last512,512,283,0.552734375
bd2c2f34,lateral_prefix,750,497,0.6626666666666666
bd4ae5da,full,6905,4356,0.6308472121650978
bd4ae5da,prefix,1899,997,0.5250131648235914
bd4ae5da,post_ps,5006,3359,0.670994806232521
bd4ae5da,prefix_last512,512,320,0.625
bd4ae5da,post_first512,512,325,0.634765625
bd4ae5da,post_last512,512,391,0.763671875
bd4ae5da,lateral_prefix,717,424,0.5913528591352859
bd6f0e19,full,6979,1305,0.1869895400487176
bd6f0e19,prefix,1839,10,0.005437737901033171
bd6f0e19,post_ps,5140,1295,0.2519455252918288
bd6f0e19,prefix_last512,512,5,0.009765625
bd6f0e19,post_first512,512,5,0.009765625
bd6f0e19,post_last512,512,294,0.57421875
bd6f0e19,lateral_prefix,738,5,0.006775067750677507
bd8f847e,full,6161,1089,0.17675701996429152
bd8f847e,prefix,1200,104,0.08666666666666667
bd8f847e,post_ps,4961,985,0.19854867970167306
bd8f847e,prefix_last512,512,56,0.109375
bd8f847e,post_first512,512,70,0.13671875
bd8f847e,post_last512,512,77,0.150390625
bd8f847e,lateral_prefix,297,41,0.13804713804713806
be063506,full,6539,1657,0.25340266095733294
be063506,prefix,2039,532,0.260912211868563
be063506,post_ps,4500,1125,0.25
be063506,prefix_last512,512,196,0.3828125
be063506,post_first512,512,202,0.39453125
be063506,post_last512,512,14,0.02734375
be063506,lateral_prefix,782,264,0.3375959079283887
be35c8f2,full,5898,1859,0.3151915903696168
be35c8f2,prefix,1672,271,0.16208133971291866
be35c8f2,post_ps,4226,1588,0.375769048745859
be35c8f2,prefix_last512,512,123,0.240234375
be35c8f2,post_first512,512,237,0.462890625
be35c8f2,post_last512,512,175,0.341796875
be35c8f2,lateral_prefix,686,178,0.2594752186588921
be83e781,full,4776,2144,0.4489112227805695
be83e781,prefix,1555,466,0.2996784565916399
be83e781,post_ps,3221,1678,0.5209562247749147
be83e781,prefix_last512,512,281,0.548828125
be83e781,post_first512,512,267,0.521484375
be83e781,post_last512,512,269,0.525390625
be83e781,lateral_prefix,758,342,0.45118733509234826
beda8696,full,7868,4080,0.5185561769191662
beda8696,prefix,1956,966,0.4938650306748466
beda8696,post_ps,5912,3114,0.5267253044654939
beda8696,prefix_last512,512,340,0.6640625
beda8696,post_first512,512,319,0.623046875
beda8696,post_last512,512,205,0.400390625
beda8696,lateral_prefix,988,625,0.6325910931174089
bf39bc20,full,5047,2711,0.5371507826431543
bf39bc20,prefix,1744,675,0.38704128440366975
bf39bc20,post_ps,3303,2036,0.6164093248561914
bf39bc20,prefix_last512,512,333,0.650390625
bf39bc20,post_first512,512,279,0.544921875
bf39bc20,post_last512,512,346,0.67578125
bf39bc20,lateral_prefix,792,494,0.6237373737373737
bf70b410,full,8000,3041,0.380125
bf70b410,prefix,1653,376,0.22746521476104054
bf70b410,post_ps,6347,2665,0.41988340948479597
bf70b410,prefix_last512,512,158,0.30859375
bf70b410,post_first512,512,162,0.31640625
bf70b410,post_last512,512,211,0.412109375
bf70b410,lateral_prefix,773,215,0.278137128072445
bffe3082,full,7186,2200,0.30615084887280825
bffe3082,prefix,1463,420,0.28708133971291866
bffe3082,post_ps,5723,1780,0.3110256858291106
bffe3082,prefix_last512,512,217,0.423828125
bffe3082,post_first512,512,188,0.3671875
bffe3082,post_last512,512,136,0.265625
bffe3082,lateral_prefix,679,285,0.41973490427098675
c03b9305,full,6067,2878,0.4743695401351574
c03b9305,prefix,1812,681,0.3758278145695364
c03b9305,post_ps,4255,2197,0.5163337250293772
c03b9305,prefix_last512,512,241,0.470703125
c03b9305,post_first512,512,239,0.466796875
c03b9305,post_last512,512,287,0.560546875
c03b9305,lateral_prefix,779,322,0.41335044929396664
c03d4aed,full,6375,1017,0.1595294117647059
c03d4aed,prefix,1734,161,0.09284890426758939
c03d4aed,post_ps,4641,856,0.18444300797241975
c03d4aed,prefix_last512,512,82,0.16015625
c03d4aed,post_first512,512,82,0.16015625
c03d4aed,post_last512,512,85,0.166015625
c03d4aed,lateral_prefix,703,107,0.15220483641536273
c03fba65,full,5669,2534,0.4469924148879873
c03fba65,prefix,1970,642,0.32588832487309644
c03fba65,post_ps,3699,1892,0.5114895917815626
c03fba65,prefix_last512,512,215,0.419921875
c03fba65,post_first512,512,269,0.525390625
c03fba65,post_last512,512,281,0.548828125
c03fba65,lateral_prefix,798,342,0.42857142857142855
c07fd0cd,full,6035,2617,0.43363711681855843
c07fd0cd,prefix,1844,585,0.31724511930585686
c07fd0cd,post_ps,4191,2032,0.48484848484848486
c07fd0cd,prefix_last512,512,274,0.53515625
c07fd0cd,post_first512,512,238,0.46484375
c07fd0cd,post_last512,512,227,0.443359375
c07fd0cd,lateral_prefix,613,322,0.5252854812398042
c1708b88,full,7960,4958,0.6228643216080402
c1708b88,prefix,1645,912,0.5544072948328268
c1708b88,post_ps,6315,4046,0.6406967537608868
c1708b88,prefix_last512,512,378,0.73828125
c1708b88,post_first512,512,398,0.77734375
c1708b88,post_last512,512,367,0.716796875
c1708b88,lateral_prefix,616,449,0.7288961038961039
c1d046f4,full,6917,93,0.013445135174208473
c1d046f4,prefix,1404,13,0.009259259259259259
c1d046f4,post_ps,5513,80,0.014511155450752766
c1d046f4,prefix_last512,512,2,0.00390625
c1d046f4,post_first512,512,6,0.01171875
c1d046f4,post_last512,512,9,0.017578125
c1d046f4,lateral_prefix,657,3,0.0045662100456621
c2717d4f,full,6682,448,0.06704579467225381
c2717d4f,prefix,1961,295,0.15043345232024477
c2717d4f,post_ps,4721,153,0.03240838805337852
c2717d4f,prefix_last512,512,24,0.046875
c2717d4f,post_first512,512,18,0.03515625
c2717d4f,post_last512,512,15,0.029296875
c2717d4f,lateral_prefix,700,31,0.04428571428571428
c2c4db09,full,7851,1779,0.2265953381734811
c2c4db09,prefix,1812,367,0.20253863134657837
c2c4db09,post_ps,6039,1412,0.23381354528895512
c2c4db09,prefix_last512,512,179,0.349609375
c2c4db09,post_first512,512,210,0.41015625
c2c4db09,post_last512,512,62,0.12109375
c2c4db09,lateral_prefix,647,239,0.3693972179289026
c2c6fc71,full,8840,3250,0.36764705882352944
c2c6fc71,prefix,1721,521,0.3027309703660662
c2c6fc71,post_ps,7119,2729,0.3833403567916842
c2c6fc71,prefix_last512,512,169,0.330078125
c2c6fc71,post_first512,512,249,0.486328125
c2c6fc71,post_last512,512,139,0.271484375
c2c6fc71,lateral_prefix,649,211,0.325115562403698
c36625df,full,6386,4770,0.7469464453492014
c36625df,prefix,1644,1122,0.6824817518248175
c36625df,post_ps,4742,3648,0.7692956558414171
c36625df,prefix_last512,512,418,0.81640625
c36625df,post_first512,512,416,0.8125
c36625df,post_last512,512,333,0.650390625
c36625df,lateral_prefix,617,482,0.7811993517017828
c3957531,full,7254,278,0.03832368348497381
c3957531,prefix,1938,77,0.03973168214654283
c3957531,post_ps,5316,201,0.03781038374717833
c3957531,prefix_last512,512,19,0.037109375
c3957531,post_first512,512,11,0.021484375
c3957531,post_last512,512,23,0.044921875
c3957531,lateral_prefix,710,30,0.04225352112676056
c42fe306,full,7023,3897,0.5548910721913712
c42fe306,prefix,1928,864,0.44813278008298757
c42fe306,post_ps,5095,3033,0.5952894995093229
c42fe306,prefix_last512,512,319,0.623046875
c42fe306,post_first512,512,329,0.642578125
c42fe306,post_last512,512,268,0.5234375
c42fe306,lateral_prefix,765,454,0.5934640522875817
c43812e2,full,7293,4483,0.6146990264637323
c43812e2,prefix,1766,1053,0.5962627406568517
c43812e2,post_ps,5527,3430,0.6205898317351185
c43812e2,prefix_last512,512,372,0.7265625
c43812e2,post_first512,512,374,0.73046875
c43812e2,post_last512,512,156,0.3046875
c43812e2,lateral_prefix,691,493,0.7134587554269175
c472c0b5,full,4867,387,0.07951510170536265
c472c0b5,prefix,1813,292,0.16105901820187535
c472c0b5,post_ps,3054,95,0.031106745252128355
c472c0b5,prefix_last512,512,17,0.033203125
c472c0b5,post_first512,512,8,0.015625
c472c0b5,post_last512,512,21,0.041015625
c472c0b5,lateral_prefix,656,24,0.036585365853658534
c47e0767,full,6099,720,0.11805213969503198
c47e0767,prefix,1743,74,0.042455536431440045
c47e0767,post_ps,4356,646,0.14830119375573922
c47e0767,prefix_last512,512,23,0.044921875
c47e0767,post_first512,512,23,0.044921875
c47e0767,post_last512,512,76,0.1484375
c47e0767,lateral_prefix,674,25,0.037091988130563795
c50b42f6,full,7920,1487,0.18775252525252525
c50b42f6,prefix,1906,380,0.1993704092339979
c50b42f6,post_ps,6014,1107,0.18407050216162288
c50b42f6,prefix_last512,512,121,0.236328125
c50b42f6,post_first512,512,108,0.2109375
c50b42f6,post_last512,512,63,0.123046875
c50b42f6,lateral_prefix,640,146,0.228125
c593337f,full,7118,2229,0.31314976116886767
c593337f,prefix,1910,619,0.3240837696335079
c593337f,post_ps,5208,1610,0.30913978494623656
c593337f,prefix_last512,512,218,0.42578125
c593337f,post_first512,512,216,0.421875
c593337f,post_last512,512,145,0.283203125
c593337f,lateral_prefix,938,391,0.4168443496801706
c59b6c4a,full,7460,1104,0.14798927613941018
c59b6c4a,prefix,1961,284,0.14482406935237124
c59b6c4a,post_ps,5499,820,0.149118021458447
c59b6c4a,prefix_last512,512,114,0.22265625
c59b6c4a,post_first512,512,85,0.166015625
c59b6c4a,post_last512,512,77,0.150390625
c59b6c4a,lateral_prefix,717,148,0.20641562064156208
c66be2b8,full,6207,1631,0.2627678427581763
c66be2b8,prefix,2053,404,0.19678519240136386
c66be2b8,post_ps,4154,1227,0.29537794896485314
c66be2b8,prefix_last512,512,141,0.275390625
c66be2b8,post_first512,512,158,0.30859375
c66be2b8,post_last512,512,151,0.294921875
c66be2b8,lateral_prefix,878,214,0.2437357630979499
c6797dd7,full,6281,1130,0.17990765801623945
c6797dd7,prefix,1617,433,0.26777983920841064
c6797dd7,post_ps,4664,697,0.149442538593482
c6797dd7,prefix_last512,512,61,0.119140625
c6797dd7,post_first512,512,102,0.19921875
c6797dd7,post_last512,512,61,0.119140625
c6797dd7,lateral_prefix,22,1,0.045454545454545456
c6b782a4,full,6675,1827,0.27370786516853934
c6b782a4,prefix,1798,495,0.2753058954393771
c6b782a4,post_ps,4877,1332,0.2731187205249129
c6b782a4,prefix_last512,512,162,0.31640625
c6b782a4,post_first512,512,150,0.29296875
c6b782a4,post_last512,512,114,0.22265625
c6b782a4,lateral_prefix,730,229,0.3136986301369863
c6c96179,full,5813,1903,0.3273696886289351
c6c96179,prefix,1809,373,0.20619126589275844
c6c96179,post_ps,4004,1530,0.3821178821178821
c6c96179,prefix_last512,512,157,0.306640625
c6c96179,post_first512,512,168,0.328125
c6c96179,post_last512,512,257,0.501953125
c6c96179,lateral_prefix,668,192,0.2874251497005988
c70c0e01,full,6057,4142,0.6838368829453525
c70c0e01,prefix,1745,1122,0.6429799426934097
c70c0e01,post_ps,4312,3020,0.7003710575139147
c70c0e01,prefix_last512,512,389,0.759765625
c70c0e01,post_first512,512,366,0.71484375
c70c0e01,post_last512,512,338,0.66015625
c70c0e01,lateral_prefix,615,470,0.7642276422764228
c84c65be,full,10243,4430,0.4324904813043054
c84c65be,prefix,1747,697,0.3989696622781912
c84c65be,post_ps,8496,3733,0.4393832391713748
c84c65be,prefix_last512,512,259,0.505859375
c84c65be,post_first512,512,259,0.505859375
c84c65be,post_last512,512,178,0.34765625
c84c65be,lateral_prefix,733,356,0.48567530695770805
c8d9680c,full,7741,2751,0.3553804418033846
c8d9680c,prefix,1460,329,0.22534246575342465
c8d9680c,post_ps,6281,2422,0.38560738735870087
c8d9680c,prefix_last512,512,194,0.37890625
c8d9680c,post_first512,512,194,0.37890625
c8d9680c,post_last512,512,150,0.29296875
c8d9680c,lateral_prefix,726,235,0.3236914600550964
c908edd0,full,6751,321,0.04754851133165457
c908edd0,prefix,1458,65,0.04458161865569273
c908edd0,post_ps,5293,256,0.048365766106177974
c908edd0,prefix_last512,512,14,0.02734375
c908edd0,post_first512,512,19,0.037109375
c908edd0,post_last512,512,23,0.044921875
c908edd0,lateral_prefix,732,26,0.03551912568306011
c9578d27,full,6202,3099,0.49967752337955496
c9578d27,prefix,1715,523,0.30495626822157434
c9578d27,post_ps,4487,2576,0.5741029641185648
c9578d27,prefix_last512,512,178,0.34765625
c9578d27,post_first512,512,295,0.576171875
c9578d27,post_last512,512,295,0.576171875
c9578d27,lateral_prefix,774,243,0.313953488372093
c96c018a,full,7679,570,0.07422841515822373
c96c018a,prefix,1443,105,0.07276507276507277
c96c018a,post_ps,6236,465,0.07456703014753047
c96c018a,prefix_last512,512,42,0.08203125
c96c018a,post_first512,512,45,0.087890625
c96c018a,post_last512,512,39,0.076171875
c96c018a,lateral_prefix,287,31,0.10801393728222997
c99f9fae,full,8394,313,0.03728853943292828
c99f9fae,prefix,2033,70,0.03443187407771766
c99f9fae,post_ps,6361,243,0.038201540638264427
c99f9fae,prefix_last512,512,10,0.01953125
c99f9fae,post_first512,512,8,0.015625
c99f9fae,post_last512,512,31,0.060546875
c99f9fae,lateral_prefix,638,10,0.01567398119122257
c9e6734f,full,6388,313,0.04899812147777082
c9e6734f,prefix,1653,65,0.03932244404113733
c9e6734f,post_ps,4735,248,0.05237592397043295
c9e6734f,prefix_last512,512,13,0.025390625
c9e6734f,post_first512,512,19,0.037109375
c9e6734f,post_last512,512,27,0.052734375
c9e6734f,lateral_prefix,693,21,0.030303030303030304
c9e980e8,full,6262,957,0.15282657297987864
c9e980e8,prefix,1903,308,0.16184971098265896
c9e980e8,post_ps,4359,649,0.14888735948612067
c9e980e8,prefix_last512,512,77,0.150390625
c9e980e8,post_first512,512,74,0.14453125
c9e980e8,post_last512,512,71,0.138671875
c9e980e8,lateral_prefix,723,100,0.13831258644536654
c9fedcf3,full,5210,296,0.056813819577735125
c9fedcf3,prefix,1693,83,0.0490253987005316
c9fedcf3,post_ps,3517,213,0.06056297981234006
c9fedcf3,prefix_last512,512,18,0.03515625
c9fedcf3,post_first512,512,19,0.037109375
c9fedcf3,post_last512,512,58,0.11328125
c9fedcf3,lateral_prefix,682,25,0.036656891495601175
cad13e8f,full,6866,288,0.04194581998252257
cad13e8f,prefix,2018,56,0.027750247770069375
cad13e8f,post_ps,4848,232,0.04785478547854786
cad13e8f,prefix_last512,512,12,0.0234375
cad13e8f,post_first512,512,25,0.048828125
cad13e8f,post_last512,512,27,0.052734375
cad13e8f,lateral_prefix,725,17,0.023448275862068966
cb34231f,full,7510,664,0.08841544607190413
cb34231f,prefix,1901,63,0.03314045239347712
cb34231f,post_ps,5609,601,0.10714922446068818
cb34231f,prefix_last512,512,19,0.037109375
cb34231f,post_first512,512,19,0.037109375
cb34231f,post_last512,512,108,0.2109375
cb34231f,lateral_prefix,705,22,0.031205673758865248
cb879f40,full,7904,2792,0.3532388663967611
cb879f40,prefix,1589,389,0.2448080553807426
cb879f40,post_ps,6315,2403,0.3805225653206651
cb879f40,prefix_last512,512,251,0.490234375
cb879f40,post_first512,512,260,0.5078125
cb879f40,post_last512,512,164,0.3203125
cb879f40,lateral_prefix,739,300,0.4059539918809202
cbb406b5,full,8135,3972,0.488260602335587
cbb406b5,prefix,1807,739,0.4089651355838406
cbb406b5,post_ps,6328,3233,0.5109039190897599
cbb406b5,prefix_last512,512,264,0.515625
cbb406b5,post_first512,512,300,0.5859375
cbb406b5,post_last512,512,127,0.248046875
cbb406b5,lateral_prefix,690,346,0.5014492753623189
cbe51de1,full,5362,360,0.06713912719134651
cbe51de1,prefix,1399,176,0.12580414581844174
cbe51de1,post_ps,3963,184,0.0464294726217512
cbe51de1,prefix_last512,512,44,0.0859375
cbe51de1,post_first512,512,20,0.0390625
cbe51de1,post_last512,512,29,0.056640625
cbe51de1,lateral_prefix,618,52,0.08414239482200647
cbe62450,full,7858,2564,0.3262916772715704
cbe62450,prefix,1600,184,0.115
cbe62450,post_ps,6258,2380,0.38031319910514544
cbe62450,prefix_last512,512,89,0.173828125
cbe62450,post_first512,512,101,0.197265625
cbe62450,post_last512,512,164,0.3203125
cbe62450,lateral_prefix,726,122,0.16804407713498623
cc08aa63,full,5018,2038,0.40613790354722995
cc08aa63,prefix,1744,491,0.2815366972477064
cc08aa63,post_ps,3274,1547,0.47251069028711057
cc08aa63,prefix_last512,512,270,0.52734375
cc08aa63,post_first512,512,259,0.505859375
cc08aa63,post_last512,512,268,0.5234375
cc08aa63,lateral_prefix,758,339,0.4472295514511873
cc8a1d57,full,8321,1318,0.15839442374714577
cc8a1d57,prefix,1683,162,0.0962566844919786
cc8a1d57,post_ps,6638,1156,0.17414884001205183
cc8a1d57,prefix_last512,512,56,0.109375
cc8a1d57,post_first512,512,68,0.1328125
cc8a1d57,post_last512,512,174,0.33984375
cc8a1d57,lateral_prefix,821,104,0.12667478684531058
ccedb12b,full,6427,2736,0.4257040609926871
ccedb12b,prefix,2026,731,0.3608094768015795
ccedb12b,post_ps,4401,2005,0.45557827766416725
ccedb12b,prefix_last512,512,272,0.53125
ccedb12b,post_first512,512,263,0.513671875
ccedb12b,post_last512,512,179,0.349609375
ccedb12b,lateral_prefix,763,405,0.5307994757536042
cd7f1687,full,5981,3812,0.6373516134425682
cd7f1687,prefix,1749,849,0.4854202401372213
cd7f1687,post_ps,4232,2963,0.7001417769376181
cd7f1687,prefix_last512,512,356,0.6953125
cd7f1687,post_first512,512,370,0.72265625
cd7f1687,post_last512,512,338,0.66015625
cd7f1687,lateral_prefix,729,479,0.6570644718792867
cda7eb37,full,7620,1156,0.15170603674540684
cda7eb37,prefix,1647,119,0.07225258044930176
cda7eb37,post_ps,5973,1037,0.17361459902896367
cda7eb37,prefix_last512,512,56,0.109375
cda7eb37,post_first512,512,66,0.12890625
cda7eb37,post_last512,512,63,0.123046875
cda7eb37,lateral_prefix,717,73,0.10181311018131102
cdc31d65,full,6608,2945,0.4456719128329298
cdc31d65,prefix,1768,770,0.43552036199095023
cdc31d65,post_ps,4840,2175,0.4493801652892562
cdc31d65,prefix_last512,512,259,0.505859375
cdc31d65,post_first512,512,298,0.58203125
cdc31d65,post_last512,512,190,0.37109375
cdc31d65,lateral_prefix,343,177,0.5160349854227405
cdc60a53,full,7631,4092,0.5362337832525226
cdc60a53,prefix,1753,842,0.4803194523673702
cdc60a53,post_ps,5878,3250,0.5529091527730521
cdc60a53,prefix_last512,512,314,0.61328125
cdc60a53,post_first512,512,274,0.53515625
cdc60a53,post_last512,512,227,0.443359375
cdc60a53,lateral_prefix,710,417,0.5873239436619718
ce55ba43,full,5658,3594,0.6352067868504772
ce55ba43,prefix,1554,963,0.6196911196911197
ce55ba43,post_ps,4104,2631,0.6410818713450293
ce55ba43,prefix_last512,512,388,0.7578125
ce55ba43,post_first512,512,350,0.68359375
ce55ba43,post_last512,512,208,0.40625
ce55ba43,lateral_prefix,829,623,0.7515078407720145
ce8399b7,full,3548,209,0.05890642615558061
ce8399b7,prefix,1933,149,0.07708225556130367
ce8399b7,post_ps,1615,60,0.03715170278637771
ce8399b7,prefix_last512,512,21,0.041015625
ce8399b7,post_first512,512,21,0.041015625
ce8399b7,post_last512,512,22,0.04296875
ce8399b7,lateral_prefix,678,29,0.04277286135693215
cf50c9d1,full,6634,1135,0.17108833283087127
cf50c9d1,prefix,1776,352,0.1981981981981982
cf50c9d1,post_ps,4858,783,0.161177439275422
cf50c9d1,prefix_last512,512,50,0.09765625
cf50c9d1,post_first512,512,83,0.162109375
cf50c9d1,post_last512,512,135,0.263671875
cf50c9d1,lateral_prefix,740,60,0.08108108108108109
d00e7eb9,full,7321,3433,0.4689250102445021
d00e7eb9,prefix,1617,656,0.4056895485466914
d00e7eb9,post_ps,5704,2777,0.48685133239831696
d00e7eb9,prefix_last512,512,253,0.494140625
d00e7eb9,post_first512,512,283,0.552734375
d00e7eb9,post_last512,512,211,0.412109375
d00e7eb9,lateral_prefix,513,253,0.49317738791423
d011f41b,full,3906,176,0.04505888376856119
d011f41b,prefix,1639,74,0.04514948139109213
d011f41b,post_ps,2267,102,0.044993383325981476
d011f41b,prefix_last512,512,26,0.05078125
d011f41b,post_first512,512,15,0.029296875
d011f41b,post_last512,512,27,0.052734375
d011f41b,lateral_prefix,662,31,0.04682779456193353
d07aed8f,full,4709,1389,0.29496708430664687
d07aed8f,prefix,1752,412,0.23515981735159816
d07aed8f,post_ps,2957,977,0.33040243490023674
d07aed8f,prefix_last512,512,129,0.251953125
d07aed8f,post_first512,512,170,0.33203125
d07aed8f,post_last512,512,171,0.333984375
d07aed8f,lateral_prefix,626,142,0.2268370607028754
d085e611,full,7852,3699,0.4710901681100357
d085e611,prefix,1661,720,0.4334738109572547
d085e611,post_ps,6191,2979,0.4811823614924891
d085e611,prefix_last512,512,257,0.501953125
d085e611,post_first512,512,208,0.40625
d085e611,post_last512,512,296,0.578125
d085e611,lateral_prefix,711,367,0.5161744022503516
d0a0e7b5,full,5423,722,0.13313664023603172
d0a0e7b5,prefix,1607,191,0.11885500933416304
d0a0e7b5,post_ps,3816,531,0.1391509433962264
d0a0e7b5,prefix_last512,512,85,0.166015625
d0a0e7b5,post_first512,512,81,0.158203125
d0a0e7b5,post_last512,512,95,0.185546875
d0a0e7b5,lateral_prefix,765,136,0.17777777777777778
d0a43760,full,5502,81,0.014721919302071973
d0a43760,prefix,1461,30,0.02053388090349076
d0a43760,post_ps,4041,51,0.012620638455827766
d0a43760,prefix_last512,512,8,0.015625
d0a43760,post_first512,512,1,0.001953125
d0a43760,post_last512,512,12,0.0234375
d0a43760,lateral_prefix,389,4,0.010282776349614395
d0cb63ae,full,6859,2280,0.33240997229916897
d0cb63ae,prefix,1636,381,0.23288508557457213
d0cb63ae,post_ps,5223,1899,0.36358414704192993
d0cb63ae,prefix_last512,512,192,0.375
d0cb63ae,post_first512,512,253,0.494140625
d0cb63ae,post_last512,512,153,0.298828125
d0cb63ae,lateral_prefix,676,250,0.3698224852071006
d114d9c2,full,7543,3342,0.4430597905342702
d114d9c2,prefix,1337,446,0.3335826477187734
d114d9c2,post_ps,6206,2896,0.4666451820818563
d114d9c2,prefix_last512,512,169,0.330078125
d114d9c2,post_first512,512,161,0.314453125
d114d9c2,post_last512,512,277,0.541015625
d114d9c2,lateral_prefix,657,206,0.3135464231354642
d1457cc5,full,8443,2493,0.29527419163804336
d1457cc5,prefix,1523,501,0.32895600787918583
d1457cc5,post_ps,6920,1992,0.2878612716763006
d1457cc5,prefix_last512,512,98,0.19140625
d1457cc5,post_first512,512,136,0.265625
d1457cc5,post_last512,512,122,0.23828125
d1457cc5,lateral_prefix,325,78,0.24
d1ecf309,full,7864,3784,0.4811800610376399
d1ecf309,prefix,1696,479,0.2824292452830189
d1ecf309,post_ps,6168,3305,0.5358300907911803
d1ecf309,prefix_last512,512,243,0.474609375
d1ecf309,post_first512,512,222,0.43359375
d1ecf309,post_last512,512,256,0.5
d1ecf309,lateral_prefix,624,307,0.49198717948717946
d1ee630d,full,7879,3201,0.4062698311968524
d1ee630d,prefix,1589,514,0.3234738829452486
d1ee630d,post_ps,6290,2687,0.4271860095389507
d1ee630d,prefix_last512,512,255,0.498046875
d1ee630d,post_first512,512,252,0.4921875
d1ee630d,post_last512,512,203,0.396484375
d1ee630d,lateral_prefix,651,315,0.4838709677419355
d217e0c5,full,5713,749,0.13110449851216524
d217e0c5,prefix,1875,242,0.12906666666666666
d217e0c5,post_ps,3838,507,0.1321000521104742
d217e0c5,prefix_last512,512,110,0.21484375
d217e0c5,post_first512,512,78,0.15234375
d217e0c5,post_last512,512,54,0.10546875
d217e0c5,lateral_prefix,712,139,0.1952247191011236
d24ff243,full,7116,1701,0.23903878583473862
d24ff243,prefix,1475,214,0.14508474576271185
d24ff243,post_ps,5641,1487,0.2636057436624712
d24ff243,prefix_last512,512,130,0.25390625
d24ff243,post_first512,512,146,0.28515625
d24ff243,post_last512,512,100,0.1953125
d24ff243,lateral_prefix,402,113,0.2810945273631841
d273674e,full,5738,1135,0.19780411293133496
d273674e,prefix,1839,329,0.1789015769439913
d273674e,post_ps,3899,806,0.20671967171069505
d273674e,prefix_last512,512,111,0.216796875
d273674e,post_first512,512,112,0.21875
d273674e,post_last512,512,122,0.23828125
d273674e,lateral_prefix,613,133,0.2169657422512235
d2f3b1ab,full,7018,1553,0.2212881162724423
d2f3b1ab,prefix,1437,220,0.15309672929714682
d2f3b1ab,post_ps,5581,1333,0.23884608493101595
d2f3b1ab,prefix_last512,512,140,0.2734375
d2f3b1ab,post_first512,512,127,0.248046875
d2f3b1ab,post_last512,512,93,0.181640625
d2f3b1ab,lateral_prefix,625,165,0.264
d3df146b,full,7252,2016,0.277992277992278
d3df146b,prefix,1465,313,0.2136518771331058
d3df146b,post_ps,5787,1703,0.29428028339381374
d3df146b,prefix_last512,512,127,0.248046875
d3df146b,post_first512,512,149,0.291015625
d3df146b,post_last512,512,116,0.2265625
d3df146b,lateral_prefix,644,168,0.2608695652173913
d40f61d5,full,5880,909,0.15459183673469387
d40f61d5,prefix,1841,286,0.15535035306898426
d40f61d5,post_ps,4039,623,0.15424610051993068
d40f61d5,prefix_last512,512,60,0.1171875
d40f61d5,post_first512,512,60,0.1171875
d40f61d5,post_last512,512,66,0.12890625
d40f61d5,lateral_prefix,660,83,0.12575757575757576
d41beaf2,full,6592,1776,0.26941747572815533
d41beaf2,prefix,1839,420,0.22838499184339314
d41beaf2,post_ps,4753,1356,0.2852934988428361
d41beaf2,prefix_last512,512,94,0.18359375
d41beaf2,post_first512,512,102,0.19921875
d41beaf2,post_last512,512,117,0.228515625
d41beaf2,lateral_prefix,772,145,0.1878238341968912
d463e527,full,6991,356,0.05092261479044486
d463e527,prefix,2224,82,0.0368705035971223
d463e527,post_ps,4767,274,0.05747849800713237
d463e527,prefix_last512,512,13,0.025390625
d463e527,post_first512,512,11,0.021484375
d463e527,post_last512,512,42,0.08203125
d463e527,lateral_prefix,735,19,0.02585034013605442
d4f60a28,full,6435,2317,0.3600621600621601
d4f60a28,prefix,1934,637,0.3293691830403309
d4f60a28,post_ps,4501,1680,0.37325038880248834
d4f60a28,prefix_last512,512,204,0.3984375
d4f60a28,post_first512,512,134,0.26171875
d4f60a28,post_last512,512,198,0.38671875
d4f60a28,lateral_prefix,652,257,0.3941717791411043
d50c649a,full,6548,1964,0.2999389126450825
d50c649a,prefix,1675,347,0.20716417910447762
d50c649a,post_ps,4873,1617,0.33182844243792325
d50c649a,prefix_last512,512,174,0.33984375
d50c649a,post_first512,512,199,0.388671875
d50c649a,post_last512,512,85,0.166015625
d50c649a,lateral_prefix,776,250,0.32216494845360827
d543916f,full,6281,3068,0.48845725202993157
d543916f,prefix,1482,563,0.3798920377867746
d543916f,post_ps,4799,2505,0.5219837466138779
d543916f,prefix_last512,512,275,0.537109375
d543916f,post_first512,512,224,0.4375
d543916f,post_last512,512,296,0.578125
d543916f,lateral_prefix,626,311,0.4968051118210863
d5df0ff5,full,5490,160,0.029143897996357013
d5df0ff5,prefix,1458,18,0.012345679012345678
d5df0ff5,post_ps,4032,142,0.03521825396825397
d5df0ff5,prefix_last512,512,8,0.015625
d5df0ff5,post_first512,512,13,0.025390625
d5df0ff5,post_last512,512,15,0.029296875
d5df0ff5,lateral_prefix,733,9,0.01227830832196453
d60430e6,full,4176,1408,0.3371647509578544
d60430e6,prefix,1665,390,0.23423423423423423
d60430e6,post_ps,2511,1018,0.4054161688570291
d60430e6,prefix_last512,512,169,0.330078125
d60430e6,post_first512,512,204,0.3984375
d60430e6,post_last512,512,200,0.390625
d60430e6,lateral_prefix,691,213,0.30824891461649784
d63196fe,full,5881,961,0.16340758374426118
d63196fe,prefix,1371,146,0.10649161196207148
d63196fe,post_ps,4510,815,0.18070953436807094
d63196fe,prefix_last512,512,70,0.13671875
d63196fe,post_first512,512,102,0.19921875
d63196fe,post_last512,512,88,0.171875
d63196fe,lateral_prefix,417,58,0.13908872901678657
d6c320d9,full,6946,252,0.036279873308378924
d6c320d9,prefix,1494,51,0.03413654618473896
d6c320d9,post_ps,5452,201,0.036867204695524576
d6c320d9,prefix_last512,512,18,0.03515625
d6c320d9,post_first512,512,21,0.041015625
d6c320d9,post_last512,512,17,0.033203125
d6c320d9,lateral_prefix,707,27,0.03818953323903819
d6dd7330,full,7660,483,0.06305483028720626
d6dd7330,prefix,1467,60,0.0408997955010225
d6dd7330,post_ps,6193,423,0.06830292265461005
d6dd7330,prefix_last512,512,24,0.046875
d6dd7330,post_first512,512,19,0.037109375
d6dd7330,post_last512,512,37,0.072265625
d6dd7330,lateral_prefix,664,31,0.046686746987951805
d7ba4f9d,full,7771,2435,0.31334448590914943
d7ba4f9d,prefix,1748,465,0.2660183066361556
d7ba4f9d,post_ps,6023,1970,0.3270795284741823
d7ba4f9d,prefix_last512,512,151,0.294921875
d7ba4f9d,post_first512,512,131,0.255859375
d7ba4f9d,post_last512,512,176,0.34375
d7ba4f9d,lateral_prefix,720,199,0.2763888888888889
d7eb0be8,full,7208,336,0.04661487236403995
d7eb0be8,prefix,1807,76,0.042058660763696736
d7eb0be8,post_ps,5401,260,0.04813923347528235
d7eb0be8,prefix_last512,512,24,0.046875
d7eb0be8,post_first512,512,28,0.0546875
d7eb0be8,post_last512,512,22,0.04296875
d7eb0be8,lateral_prefix,662,25,0.0377643504531722
d84b621b,full,5746,1553,0.2702749738948834
d84b621b,prefix,1752,272,0.1552511415525114
d84b621b,post_ps,3994,1281,0.32073109664496746
d84b621b,prefix_last512,512,141,0.275390625
d84b621b,post_first512,512,173,0.337890625
d84b621b,post_last512,512,152,0.296875
d84b621b,lateral_prefix,804,213,0.26492537313432835
d90aa14c,full,12141,4898,0.4034264063915658
d90aa14c,prefix,2123,1027,0.4837494112105511
d90aa14c,post_ps,10018,3871,0.3864044719504891
d90aa14c,prefix_last512,512,281,0.548828125
d90aa14c,post_first512,512,290,0.56640625
d90aa14c,post_last512,512,101,0.197265625
d90aa14c,lateral_prefix,1038,561,0.5404624277456648
d924e971,full,5308,574,0.1081386586284853
d924e971,prefix,2124,368,0.17325800376647835
d924e971,post_ps,3184,206,0.06469849246231156
d924e971,prefix_last512,512,48,0.09375
d924e971,post_first512,512,40,0.078125
d924e971,post_last512,512,23,0.044921875
d924e971,lateral_prefix,707,71,0.10042432814710042
d9ae59b2,full,5150,2168,0.42097087378640774
d9ae59b2,prefix,1502,594,0.3954727030625832
d9ae59b2,post_ps,3648,1574,0.43146929824561403
d9ae59b2,prefix_last512,512,240,0.46875
d9ae59b2,post_first512,512,230,0.44921875
d9ae59b2,post_last512,512,225,0.439453125
d9ae59b2,lateral_prefix,707,291,0.4115983026874116
d9d6d94d,full,6660,1103,0.1656156156156156
d9d6d94d,prefix,1741,304,0.1746122917863297
d9d6d94d,post_ps,4919,799,0.16243138849359626
d9d6d94d,prefix_last512,512,110,0.21484375
d9d6d94d,post_first512,512,103,0.201171875
d9d6d94d,post_last512,512,72,0.140625
d9d6d94d,lateral_prefix,735,158,0.21496598639455783
d9eca87b,full,7932,4492,0.5663136661623802
d9eca87b,prefix,1559,749,0.4804361770365619
d9eca87b,post_ps,6373,3743,0.5873215126314137
d9eca87b,prefix_last512,512,316,0.6171875
d9eca87b,post_first512,512,304,0.59375
d9eca87b,post_last512,512,280,0.546875
d9eca87b,lateral_prefix,651,389,0.5975422427035331
da2d4d7c,full,3567,876,0.24558452481076534
da2d4d7c,prefix,1453,199,0.13695801789401238
da2d4d7c,post_ps,2114,677,0.32024597918637654
da2d4d7c,prefix_last512,512,137,0.267578125
da2d4d7c,post_first512,512,186,0.36328125
da2d4d7c,post_last512,512,119,0.232421875
da2d4d7c,lateral_prefix,678,156,0.23008849557522124
da3bfe4e,full,7107,3828,0.5386238919375264
da3bfe4e,prefix,1558,584,0.3748395378690629
da3bfe4e,post_ps,5549,3244,0.5846098396107406
da3bfe4e,prefix_last512,512,286,0.55859375
da3bfe4e,post_first512,512,297,0.580078125
da3bfe4e,post_last512,512,275,0.537109375
da3bfe4e,lateral_prefix,803,418,0.5205479452054794
da3cf798,full,7591,3744,0.4932156501119747
da3cf798,prefix,1747,720,0.41213508872352606
da3cf798,post_ps,5844,3024,0.5174537987679672
da3cf798,prefix_last512,512,270,0.52734375
da3cf798,post_first512,512,289,0.564453125
da3cf798,post_last512,512,219,0.427734375
da3cf798,lateral_prefix,680,343,0.5044117647058823
da940160,full,6792,2302,0.3389281507656066
da940160,prefix,1660,373,0.2246987951807229
da940160,post_ps,5132,1929,0.37587685113016367
da940160,prefix_last512,512,189,0.369140625
da940160,post_first512,512,232,0.453125
da940160,post_last512,512,177,0.345703125
da940160,lateral_prefix,618,209,0.33818770226537215
dafc88c3,full,7187,348,0.04842075970502296
dafc88c3,prefix,1615,71,0.04396284829721362
dafc88c3,post_ps,5572,277,0.04971284996410624
dafc88c3,prefix_last512,512,14,0.02734375
dafc88c3,post_first512,512,20,0.0390625
dafc88c3,post_last512,512,50,0.09765625
dafc88c3,lateral_prefix,817,26,0.03182374541003672
dbee6c86,full,9114,465,0.05102040816326531
dbee6c86,prefix,1745,92,0.05272206303724929
dbee6c86,post_ps,7369,373,0.05061745148595467
dbee6c86,prefix_last512,512,21,0.041015625
dbee6c86,post_first512,512,21,0.041015625
dbee6c86,post_last512,512,16,0.03125
dbee6c86,lateral_prefix,641,29,0.0452418096723869
dc5fbe29,full,6555,2189,0.3339435545385202
dc5fbe29,prefix,1352,271,0.20044378698224852
dc5fbe29,post_ps,5203,1918,0.36863348068422064
dc5fbe29,prefix_last512,512,140,0.2734375
dc5fbe29,post_first512,512,205,0.400390625
dc5fbe29,post_last512,512,167,0.326171875
dc5fbe29,lateral_prefix,203,88,0.43349753694581283
dc7da28f,full,6672,492,0.0737410071942446
dc7da28f,prefix,1898,200,0.1053740779768177
dc7da28f,post_ps,4774,292,0.0611646418098031
dc7da28f,prefix_last512,512,66,0.12890625
dc7da28f,post_first512,512,42,0.08203125
dc7da28f,post_last512,512,16,0.03125
dc7da28f,lateral_prefix,678,81,0.11946902654867257
dc7f9757,full,6203,3332,0.5371594389811382
dc7f9757,prefix,1843,718,0.38958220293000545
dc7f9757,post_ps,4360,2614,0.5995412844036697
dc7f9757,prefix_last512,512,333,0.650390625
dc7f9757,post_first512,512,309,0.603515625
dc7f9757,post_last512,512,336,0.65625
dc7f9757,lateral_prefix,729,439,0.6021947873799726
dd168de0,full,5095,345,0.06771344455348381
dd168de0,prefix,1791,65,0.036292573981016193
dd168de0,post_ps,3304,280,0.0847457627118644
dd168de0,prefix_last512,512,22,0.04296875
dd168de0,post_first512,512,18,0.03515625
dd168de0,post_last512,512,101,0.197265625
dd168de0,lateral_prefix,758,35,0.04617414248021108
dd64382d,full,5058,2930,0.5792803479636219
dd64382d,prefix,1934,973,0.5031023784901758
dd64382d,post_ps,3124,1957,0.6264404609475032
dd64382d,prefix_last512,512,338,0.66015625
dd64382d,post_first512,512,321,0.626953125
dd64382d,post_last512,512,304,0.59375
dd64382d,lateral_prefix,818,533,0.6515892420537898
dd6bc5b2,full,5764,538,0.09333795975017349
dd6bc5b2,prefix,2162,109,0.05041628122109158
dd6bc5b2,post_ps,3602,429,0.11910049972237646
dd6bc5b2,prefix_last512,512,13,0.025390625
dd6bc5b2,post_first512,512,20,0.0390625
dd6bc5b2,post_last512,512,47,0.091796875
dd6bc5b2,lateral_prefix,641,22,0.0343213728549142
dd7d638e,full,6046,2029,0.3355937810122395
dd7d638e,prefix,1745,430,0.24641833810888253
dd7d638e,post_ps,4301,1599,0.3717740060451058
dd7d638e,prefix_last512,512,198,0.38671875
dd7d638e,post_first512,512,192,0.375
dd7d638e,post_last512,512,190,0.37109375
dd7d638e,lateral_prefix,727,272,0.3741403026134801
ddc790ff,full,6468,2682,0.41465677179962895
ddc790ff,prefix,1742,728,0.417910447761194
ddc790ff,post_ps,4726,1954,0.41345746931866273
ddc790ff,prefix_last512,512,260,0.5078125
ddc790ff,post_first512,512,297,0.580078125
ddc790ff,post_last512,512,143,0.279296875
ddc790ff,lateral_prefix,725,360,0.496551724137931
df71d1ff,full,7879,4200,0.5330625713923086
df71d1ff,prefix,1651,640,0.38764385221078135
df71d1ff,post_ps,6228,3560,0.5716120745022479
df71d1ff,prefix_last512,512,298,0.58203125
df71d1ff,post_first512,512,301,0.587890625
df71d1ff,post_last512,512,285,0.556640625
df71d1ff,lateral_prefix,768,427,0.5559895833333334
df73b8f3,full,7150,4503,0.6297902097902098
df73b8f3,prefix,1839,1020,0.5546492659053833
df73b8f3,post_ps,5311,3483,0.6558086989267558
df73b8f3,prefix_last512,512,372,0.7265625
df73b8f3,post_first512,512,347,0.677734375
df73b8f3,post_last512,512,278,0.54296875
df73b8f3,lateral_prefix,730,501,0.6863013698630137
df8290be,full,5675,3399,0.5989427312775331
df8290be,prefix,1703,864,0.5073399882560188
df8290be,post_ps,3972,2535,0.6382175226586103
df8290be,prefix_last512,512,338,0.66015625
df8290be,post_first512,512,350,0.68359375
df8290be,post_last512,512,336,0.65625
df8290be,lateral_prefix,674,431,0.6394658753709199
e0079ed1,full,5257,1496,0.2845729503519117
e0079ed1,prefix,1786,386,0.21612541993281076
e0079ed1,post_ps,3471,1110,0.3197925669835782
e0079ed1,prefix_last512,512,143,0.279296875
e0079ed1,post_first512,512,176,0.34375
e0079ed1,post_last512,512,132,0.2578125
e0079ed1,lateral_prefix,724,194,0.26795580110497236
e03b45fd,full,7083,2757,0.38924184667513767
e03b45fd,prefix,1741,372,0.21367030442274554
e03b45fd,post_ps,5342,2385,0.44646199925121677
e03b45fd,prefix_last512,512,176,0.34375
e03b45fd,post_first512,512,246,0.48046875
e03b45fd,post_last512,512,93,0.181640625
e03b45fd,lateral_prefix,698,216,0.30945558739255014
e0f36d98,full,6714,3084,0.45933869526362825
e0f36d98,prefix,1738,628,0.3613348676639816
e0f36d98,post_ps,4976,2456,0.49356913183279744
e0f36d98,prefix_last512,512,210,0.41015625
e0f36d98,post_first512,512,262,0.51171875
e0f36d98,post_last512,512,229,0.447265625
e0f36d98,lateral_prefix,644,255,0.39596273291925466
e149204f,full,7549,4239,0.5615313286528016
e149204f,prefix,1452,581,0.400137741046832
e149204f,post_ps,6097,3658,0.5999671969821223
e149204f,prefix_last512,512,234,0.45703125
e149204f,post_first512,512,296,0.578125
e149204f,post_last512,512,220,0.4296875
e149204f,lateral_prefix,712,310,0.4353932584269663
e14d641e,full,4978,3095,0.6217356368019284
e14d641e,prefix,1794,1007,0.5613154960981048
e14d641e,post_ps,3184,2088,0.6557788944723618
e14d641e,prefix_last512,512,329,0.642578125
e14d641e,post_first512,512,336,0.65625
e14d641e,post_last512,512,339,0.662109375
e14d641e,lateral_prefix,663,430,0.6485671191553545
e161bd0c,full,4813,2233,0.46395179721587365
e161bd0c,prefix,1864,642,0.3444206008583691
e161bd0c,post_ps,2949,1591,0.5395049169209901
e161bd0c,prefix_last512,512,278,0.54296875
e161bd0c,post_first512,512,305,0.595703125
e161bd0c,post_last512,512,233,0.455078125
e161bd0c,lateral_prefix,612,328,0.5359477124183006
e201fd6d,full,6912,1954,0.28269675925925924
e201fd6d,prefix,1842,555,0.30130293159609123
e201fd6d,post_ps,5070,1399,0.27593688362919133
e201fd6d,prefix_last512,512,198,0.38671875
e201fd6d,post_first512,512,153,0.298828125
e201fd6d,post_last512,512,122,0.23828125
e201fd6d,lateral_prefix,693,267,0.3852813852813853
e25f1537,full,5018,1190,0.23714627341570346
e25f1537,prefix,1841,415,0.2254209668658338
e25f1537,post_ps,3177,775,0.24394082467736858
e25f1537,prefix_last512,512,156,0.3046875
e25f1537,post_first512,512,143,0.279296875
e25f1537,post_last512,512,129,0.251953125
e25f1537,lateral_prefix,783,222,0.2835249042145594
e2fc7745,full,5343,389,0.07280553995882463
e2fc7745,prefix,1651,158,0.09569957601453664
e2fc7745,post_ps,3692,231,0.06256771397616467
e2fc7745,prefix_last512,512,35,0.068359375
e2fc7745,post_first512,512,24,0.046875
e2fc7745,post_last512,512,23,0.044921875
e2fc7745,lateral_prefix,461,35,0.07592190889370933
e32da4ec,full,6148,1962,0.31912817176317504
e32da4ec,prefix,1459,356,0.24400274160383825
e32da4ec,post_ps,4689,1606,0.34250373213904883
e32da4ec,prefix_last512,512,219,0.427734375
e32da4ec,post_first512,512,181,0.353515625
e32da4ec,post_last512,512,169,0.330078125
e32da4ec,lateral_prefix,722,288,0.3988919667590028
e3b34f5b,full,7293,2092,0.2868504044974633
e3b34f5b,prefix,1838,603,0.3280739934711643
e3b34f5b,post_ps,5455,1489,0.27296058661778183
e3b34f5b,prefix_last512,512,184,0.359375
e3b34f5b,post_first512,512,158,0.30859375
e3b34f5b,post_last512,512,111,0.216796875
e3b34f5b,lateral_prefix,750,267,0.356
e45a2a62,full,6697,4085,0.6099746154994774
e45a2a62,prefix,1690,868,0.5136094674556213
e45a2a62,post_ps,5007,3217,0.6425004993009786
e45a2a62,prefix_last512,512,344,0.671875
e45a2a62,post_first512,512,381,0.744140625
e45a2a62,post_last512,512,314,0.61328125
e45a2a62,lateral_prefix,728,480,0.6593406593406593
e46f4ef4,full,8930,3409,0.3817469204927212
e46f4ef4,prefix,1735,618,0.3561959654178674
e46f4ef4,post_ps,7195,2791,0.3879082696316887
e46f4ef4,prefix_last512,512,220,0.4296875
e46f4ef4,post_first512,512,173,0.337890625
e46f4ef4,post_last512,512,171,0.333984375
e46f4ef4,lateral_prefix,650,289,0.44461538461538463
e4726608,full,6268,2015,0.32147415443522653
e4726608,prefix,1535,337,0.21954397394136807
e4726608,post_ps,4733,1678,0.3545320092964293
e4726608,prefix_last512,512,199,0.388671875
e4726608,post_first512,512,180,0.3515625
e4726608,post_last512,512,185,0.361328125
e4726608,lateral_prefix,704,260,0.3693181818181818
e5864244,full,6037,2009,0.33278118270664236
e5864244,prefix,1568,387,0.24681122448979592
e5864244,post_ps,4469,1622,0.36294473036473485
e5864244,prefix_last512,512,176,0.34375
e5864244,post_first512,512,187,0.365234375
e5864244,post_last512,512,180,0.3515625
e5864244,lateral_prefix,625,208,0.3328
e5c92e59,full,5927,2098,0.35397334233170236
e5c92e59,prefix,1632,442,0.2708333333333333
e5c92e59,post_ps,4295,1656,0.38556461001164144
e5c92e59,prefix_last512,512,203,0.396484375
e5c92e59,post_first512,512,195,0.380859375
e5c92e59,post_last512,512,195,0.380859375
e5c92e59,lateral_prefix,711,259,0.36427566807313644
e5ff9fd2,full,4198,2150,0.5121486422105764
e5ff9fd2,prefix,1844,749,0.4061822125813449
e5ff9fd2,post_ps,2354,1401,0.5951571792693288
e5ff9fd2,prefix_last512,512,317,0.619140625
e5ff9fd2,post_first512,512,334,0.65234375
e5ff9fd2,post_last512,512,278,0.54296875
e5ff9fd2,lateral_prefix,696,414,0.5948275862068966
e6c55748,full,5959,687,0.11528779996643732
e6c55748,prefix,1487,87,0.05850706119704102
e6c55748,post_ps,4472,600,0.13416815742397137
e6c55748,prefix_last512,512,54,0.10546875
e6c55748,post_first512,512,52,0.1015625
e6c55748,post_last512,512,66,0.12890625
e6c55748,lateral_prefix,634,61,0.09621451104100946
e730c32b,full,6469,3758,0.5809244087185036
e730c32b,prefix,1741,780,0.4480183802412407
e730c32b,post_ps,4728,2978,0.6298646362098139
e730c32b,prefix_last512,512,338,0.66015625
e730c32b,post_first512,512,340,0.6640625
e730c32b,post_last512,512,325,0.634765625
e730c32b,lateral_prefix,699,413,0.5908440629470673
e737965a,full,7694,4606,0.5986482973745776
e737965a,prefix,1739,897,0.515813686026452
e737965a,post_ps,5955,3709,0.6228379513014274
e737965a,prefix_last512,512,357,0.697265625
e737965a,post_first512,512,345,0.673828125
e737965a,post_last512,512,296,0.578125
e737965a,lateral_prefix,731,487,0.6662106703146374
e748dd88,full,6264,211,0.033684546615581096
e748dd88,prefix,1452,46,0.03168044077134986
e748dd88,post_ps,4812,165,0.03428927680798005
e748dd88,prefix_last512,512,10,0.01953125
e748dd88,post_first512,512,12,0.0234375
e748dd88,post_last512,512,22,0.04296875
e748dd88,lateral_prefix,631,16,0.025356576862123614
e7818f7a,full,6829,1655,0.24234880656025773
e7818f7a,prefix,1458,124,0.0850480109739369
e7818f7a,post_ps,5371,1531,0.2850493390430088
e7818f7a,prefix_last512,512,64,0.125
e7818f7a,post_first512,512,52,0.1015625
e7818f7a,post_last512,512,216,0.421875
e7818f7a,lateral_prefix,610,69,0.11311475409836065
e7c36e81,full,5655,3057,0.5405835543766578
e7c36e81,prefix,2124,806,0.3794726930320151
e7c36e81,post_ps,3531,2251,0.6374964599263665
e7c36e81,prefix_last512,512,324,0.6328125
e7c36e81,post_first512,512,343,0.669921875
e7c36e81,post_last512,512,345,0.673828125
e7c36e81,lateral_prefix,748,453,0.6056149732620321
e7d0c1de,full,6455,236,0.03656080557707204
e7d0c1de,prefix,1744,63,0.03612385321100917
e7d0c1de,post_ps,4711,173,0.03672256421142008
e7d0c1de,prefix_last512,512,12,0.0234375
e7d0c1de,post_first512,512,12,0.0234375
e7d0c1de,post_last512,512,14,0.02734375
e7d0c1de,lateral_prefix,711,18,0.02531645569620253
e85074c5,full,7236,3197,0.4418186843559978
e85074c5,prefix,1561,679,0.4349775784753363
e85074c5,post_ps,5675,2518,0.4437004405286344
e85074c5,prefix_last512,512,229,0.447265625
e85074c5,post_first512,512,255,0.498046875
e85074c5,post_last512,512,173,0.337890625
e85074c5,lateral_prefix,664,284,0.42771084337349397
e97032ad,full,5654,2735,0.48372833392288644
e97032ad,prefix,2124,806,0.3794726930320151
e97032ad,post_ps,3530,1929,0.5464589235127478
e97032ad,prefix_last512,512,324,0.6328125
e97032ad,post_first512,512,251,0.490234375
e97032ad,post_last512,512,319,0.623046875
e97032ad,lateral_prefix,748,453,0.6056149732620321
e9949a23,full,6407,2396,0.3739659747151553
e9949a23,prefix,1848,530,0.28679653679653677
e9949a23,post_ps,4559,1866,0.40930028515025224
e9949a23,prefix_last512,512,217,0.423828125
e9949a23,post_first512,512,211,0.412109375
e9949a23,post_last512,512,181,0.353515625
e9949a23,lateral_prefix,730,294,0.40273972602739727
ea0b99b7,full,10939,5604,0.5122954566230917
ea0b99b7,prefix,1700,881,0.518235294117647
ea0b99b7,post_ps,9239,4723,0.5112025110942743
ea0b99b7,prefix_last512,512,294,0.57421875
ea0b99b7,post_first512,512,262,0.51171875
ea0b99b7,post_last512,512,202,0.39453125
ea0b99b7,lateral_prefix,401,227,0.5660847880299252
ea3a0e38,full,11794,6390,0.5418009157198576
ea3a0e38,prefix,1742,669,0.3840413318025258
ea3a0e38,post_ps,10052,5721,0.5691404695582969
ea3a0e38,prefix_last512,512,294,0.57421875
ea3a0e38,post_first512,512,314,0.61328125
ea3a0e38,post_last512,512,272,0.53125
ea3a0e38,lateral_prefix,728,393,0.5398351648351648
ea41324e,full,6839,2136,0.3123263635034362
ea41324e,prefix,1814,410,0.22601984564498345
ea41324e,post_ps,5025,1726,0.3434825870646766
ea41324e,prefix_last512,512,163,0.318359375
ea41324e,post_first512,512,163,0.318359375
ea41324e,post_last512,512,178,0.34765625
ea41324e,lateral_prefix,728,227,0.3118131868131868
eabc711b,full,7314,3007,0.4111293409898824
eabc711b,prefix,1966,690,0.35096642929806715
eabc711b,post_ps,5348,2317,0.43324607329842935
eabc711b,prefix_last512,512,228,0.4453125
eabc711b,post_first512,512,249,0.486328125
eabc711b,post_last512,512,187,0.365234375
eabc711b,lateral_prefix,725,317,0.43724137931034485
eac10e86,full,7501,1817,0.24223436875083323
eac10e86,prefix,1434,188,0.13110181311018132
eac10e86,post_ps,6067,1629,0.2685017306741388
eac10e86,prefix_last512,512,105,0.205078125
eac10e86,post_first512,512,124,0.2421875
eac10e86,post_last512,512,63,0.123046875
eac10e86,lateral_prefix,444,92,0.2072072072072072
eafb863e,full,5317,1674,0.3148391950347941
eafb863e,prefix,1749,477,0.2727272727272727
eafb863e,post_ps,3568,1197,0.33548206278026904
eafb863e,prefix_last512,512,138,0.26953125
eafb863e,post_first512,512,159,0.310546875
eafb863e,post_last512,512,163,0.318359375
eafb863e,lateral_prefix,714,193,0.2703081232492997
eb06a4e7,full,6379,231,0.0362125725035272
eb06a4e7,prefix,1844,77,0.04175704989154013
eb06a4e7,post_ps,4535,154,0.033958103638368244
eb06a4e7,prefix_last512,512,19,0.037109375
eb06a4e7,post_first512,512,15,0.029296875
eb06a4e7,post_last512,512,24,0.046875
eb06a4e7,lateral_prefix,797,32,0.04015056461731493
eb640a35,full,7782,3704,0.475970187612439
eb640a35,prefix,1745,660,0.37822349570200575
eb640a35,post_ps,6037,3044,0.5042239522941858
eb640a35,prefix_last512,512,291,0.568359375
eb640a35,post_first512,512,274,0.53515625
eb640a35,post_last512,512,217,0.423828125
eb640a35,lateral_prefix,631,354,0.561014263074485
eb934281,full,7812,1224,0.15668202764976957
eb934281,prefix,1841,191,0.10374796306355241
eb934281,post_ps,5971,1033,0.17300284709428906
eb934281,prefix_last512,512,83,0.162109375
eb934281,post_first512,512,88,0.171875
eb934281,post_last512,512,75,0.146484375
eb934281,lateral_prefix,706,104,0.14730878186968838
eba6605e,full,5719,1188,0.20772862388529464
eba6605e,prefix,1309,190,0.14514896867838045
eba6605e,post_ps,4410,998,0.22630385487528346
eba6605e,prefix_last512,512,84,0.1640625
eba6605e,post_first512,512,102,0.19921875
eba6605e,post_last512,512,153,0.298828125
eba6605e,lateral_prefix,115,24,0.20869565217391303
ebe69318,full,6718,1405,0.20913962488835963
ebe69318,prefix,1742,235,0.134902411021814
ebe69318,post_ps,4976,1170,0.23512861736334406
ebe69318,prefix_last512,512,85,0.166015625
ebe69318,post_first512,512,119,0.232421875
ebe69318,post_last512,512,80,0.15625
ebe69318,lateral_prefix,335,68,0.20298507462686566
ec0d597b,full,6452,463,0.0717606943583385
ec0d597b,prefix,1836,152,0.08278867102396514
ec0d597b,post_ps,4616,311,0.06737435008665511
ec0d597b,prefix_last512,512,35,0.068359375
ec0d597b,post_first512,512,47,0.091796875
ec0d597b,post_last512,512,14,0.02734375
ec0d597b,lateral_prefix,670,55,0.08208955223880597
ec13af42,full,7362,3801,0.5162999185004075
ec13af42,prefix,1900,791,0.4163157894736842
ec13af42,post_ps,5462,3010,0.5510801904064445
ec13af42,prefix_last512,512,290,0.56640625
ec13af42,post_first512,512,299,0.583984375
ec13af42,post_last512,512,222,0.43359375
ec13af42,lateral_prefix,805,427,0.5304347826086957
ecdab904,full,8176,563,0.0688600782778865
ecdab904,prefix,2029,131,0.0645638245441104
ecdab904,post_ps,6147,432,0.07027818448023426
ecdab904,prefix_last512,512,30,0.05859375
ecdab904,post_first512,512,33,0.064453125
ecdab904,post_last512,512,23,0.044921875
ecdab904,lateral_prefix,861,60,0.06968641114982578
ecdaf714,full,8240,359,0.04356796116504855
ecdaf714,prefix,1648,74,0.044902912621359224
ecdaf714,post_ps,6592,285,0.043234223300970875
ecdaf714,prefix_last512,512,22,0.04296875
ecdaf714,post_first512,512,25,0.048828125
ecdaf714,post_last512,512,26,0.05078125
ecdaf714,lateral_prefix,688,32,0.046511627906976744
ed6436d6,full,5027,183,0.036403421523771635
ed6436d6,prefix,2082,83,0.039865513928914506
ed6436d6,post_ps,2945,100,0.03395585738539898
ed6436d6,prefix_last512,512,18,0.03515625
ed6436d6,post_first512,512,17,0.033203125
ed6436d6,post_last512,512,11,0.021484375
ed6436d6,lateral_prefix,765,26,0.03398692810457516
ed6e6e54,full,7385,558,0.07555856465809073
ed6e6e54,prefix,1337,53,0.039640987284966345
ed6e6e54,post_ps,6048,505,0.08349867724867725
ed6e6e54,prefix_last512,512,11,0.021484375
ed6e6e54,post_first512,512,16,0.03125
ed6e6e54,post_last512,512,43,0.083984375
ed6e6e54,lateral_prefix,660,18,0.02727272727272727
edf885a3,full,4863,509,0.10466790047295908
edf885a3,prefix,1746,133,0.07617411225658649
edf885a3,post_ps,3117,376,0.1206288097529676
edf885a3,prefix_last512,512,31,0.060546875
edf885a3,post_first512,512,40,0.078125
edf885a3,post_last512,512,60,0.1171875
edf885a3,lateral_prefix,669,39,0.05829596412556054
ee0300f7,full,6161,1881,0.3053075799383217
ee0300f7,prefix,1617,206,0.12739641311069883
ee0300f7,post_ps,4544,1675,0.3686179577464789
ee0300f7,prefix_last512,512,115,0.224609375
ee0300f7,post_first512,512,163,0.318359375
ee0300f7,post_last512,512,175,0.341796875
ee0300f7,lateral_prefix,317,80,0.25236593059936907
ee288beb,full,6190,1862,0.30080775444264946
ee288beb,prefix,1552,349,0.22487113402061856
ee288beb,post_ps,4638,1513,0.32621819749892195
ee288beb,prefix_last512,512,165,0.322265625
ee288beb,post_first512,512,176,0.34375
ee288beb,post_last512,512,149,0.291015625
ee288beb,lateral_prefix,619,196,0.3166397415185784
ee4aecac,full,6596,1103,0.16722255912674347
ee4aecac,prefix,1331,164,0.12321562734785875
ee4aecac,post_ps,5265,939,0.17834757834757833
ee4aecac,prefix_last512,512,82,0.16015625
ee4aecac,post_first512,512,108,0.2109375
ee4aecac,post_last512,512,50,0.09765625
ee4aecac,lateral_prefix,625,104,0.1664
eeda36f5,full,6198,254,0.04098096160051629
eeda36f5,prefix,1401,75,0.05353319057815846
eeda36f5,post_ps,4797,179,0.03731498853450073
eeda36f5,prefix_last512,512,22,0.04296875
eeda36f5,post_first512,512,17,0.033203125
eeda36f5,post_last512,512,17,0.033203125
eeda36f5,lateral_prefix,697,28,0.040172166427546625
eeed308d,full,5503,2954,0.5367981101217518
eeed308d,prefix,1604,751,0.4682044887780549
eeed308d,post_ps,3899,2203,0.565016670941267
eeed308d,prefix_last512,512,280,0.546875
eeed308d,post_first512,512,292,0.5703125
eeed308d,post_last512,512,261,0.509765625
eeed308d,lateral_prefix,659,354,0.5371775417298937
ef04658e,full,5664,836,0.1475988700564972
ef04658e,prefix,1560,140,0.08974358974358974
ef04658e,post_ps,4104,696,0.1695906432748538
ef04658e,prefix_last512,512,71,0.138671875
ef04658e,post_first512,512,151,0.294921875
ef04658e,post_last512,512,62,0.12109375
ef04658e,lateral_prefix,674,116,0.17210682492581603
ef8e3ed0,full,6637,3127,0.47114660238059364
ef8e3ed0,prefix,1413,530,0.3750884642604388
ef8e3ed0,post_ps,5224,2597,0.4971286370597244
ef8e3ed0,prefix_last512,512,270,0.52734375
ef8e3ed0,post_first512,512,300,0.5859375
ef8e3ed0,post_last512,512,297,0.580078125
ef8e3ed0,lateral_prefix,422,240,0.5687203791469194
efde6ac3,full,6220,2577,0.4143086816720257
efde6ac3,prefix,1661,720,0.4334738109572547
efde6ac3,post_ps,4559,1857,0.4073261680193025
efde6ac3,prefix_last512,512,257,0.501953125
efde6ac3,post_first512,512,208,0.40625
efde6ac3,post_last512,512,218,0.42578125
efde6ac3,lateral_prefix,711,367,0.5161744022503516
efe96181,full,5464,1002,0.18338213762811129
efe96181,prefix,1452,312,0.21487603305785125
efe96181,post_ps,4012,690,0.1719840478564307
efe96181,prefix_last512,512,121,0.236328125
efe96181,post_first512,512,103,0.201171875
efe96181,post_last512,512,70,0.13671875
efe96181,lateral_prefix,215,46,0.21395348837209302
f0188a48,full,6139,302,0.04919367975240267
f0188a48,prefix,1969,246,0.12493651599796851
f0188a48,post_ps,4170,56,0.01342925659472422
f0188a48,prefix_last512,512,1,0.001953125
f0188a48,post_first512,512,6,0.01171875
f0188a48,post_last512,512,11,0.021484375
f0188a48,lateral_prefix,744,1,0.0013440860215053765
f021b650,full,5610,1985,0.3538324420677362
f021b650,prefix,1871,510,0.2725815072153928
f021b650,post_ps,3739,1475,0.3944905054827494
f021b650,prefix_last512,512,292,0.5703125
f021b650,post_first512,512,182,0.35546875
f021b650,post_last512,512,183,0.357421875
f021b650,lateral_prefix,731,356,0.48700410396716826
f03f10fe,full,5823,1208,0.20745320281641766
f03f10fe,prefix,1678,260,0.15494636471990464
f03f10fe,post_ps,4145,948,0.2287092882991556
f03f10fe,prefix_last512,512,93,0.181640625
f03f10fe,post_first512,512,147,0.287109375
f03f10fe,post_last512,512,134,0.26171875
f03f10fe,lateral_prefix,769,139,0.18075422626788037
f053a1b9,full,5952,1183,0.19875672043010753
f053a1b9,prefix,1844,223,0.12093275488069415
f053a1b9,post_ps,4108,960,0.23369036027263876
f053a1b9,prefix_last512,512,117,0.228515625
f053a1b9,post_first512,512,133,0.259765625
f053a1b9,post_last512,512,63,0.123046875
f053a1b9,lateral_prefix,706,141,0.19971671388101983
f074d277,full,3868,876,0.2264736297828335
f074d277,prefix,1415,203,0.14346289752650176
f074d277,post_ps,2453,673,0.27435792906644924
f074d277,prefix_last512,512,125,0.244140625
f074d277,post_first512,512,104,0.203125
f074d277,post_last512,512,201,0.392578125
f074d277,lateral_prefix,665,160,0.24060150375939848
f07d7037,full,7688,316,0.041103017689906346
f07d7037,prefix,2125,75,0.03529411764705882
f07d7037,post_ps,5563,241,0.043321948588890886
f07d7037,prefix_last512,512,13,0.025390625
f07d7037,post_first512,512,18,0.03515625
f07d7037,post_last512,512,19,0.037109375
f07d7037,lateral_prefix,815,24,0.029447852760736196
f08774c3,full,5645,424,0.07511071744906997
f08774c3,prefix,1745,128,0.07335243553008595
f08774c3,post_ps,3900,296,0.0758974358974359
f08774c3,prefix_last512,512,30,0.05859375
f08774c3,post_first512,512,56,0.109375
f08774c3,post_last512,512,30,0.05859375
f08774c3,lateral_prefix,696,39,0.05603448275862069
f140c2fa,full,6024,1296,0.2151394422310757
f140c2fa,prefix,1942,424,0.21833161688980432
f140c2fa,post_ps,4082,872,0.21362077413032826
f140c2fa,prefix_last512,512,131,0.255859375
f140c2fa,post_first512,512,113,0.220703125
f140c2fa,post_last512,512,81,0.158203125
f140c2fa,lateral_prefix,779,162,0.2079589216944801
f16e25e3,full,6585,2638,0.4006074411541382
f16e25e3,prefix,1934,575,0.297311271975181
f16e25e3,post_ps,4651,2063,0.44356052461836165
f16e25e3,prefix_last512,512,223,0.435546875
f16e25e3,post_first512,512,236,0.4609375
f16e25e3,post_last512,512,175,0.341796875
f16e25e3,lateral_prefix,906,310,0.34216335540838855
f2d4c8c9,full,7908,4107,0.5193474962063733
f2d4c8c9,prefix,1659,594,0.35804701627486435
f2d4c8c9,post_ps,6249,3513,0.5621699471915507
f2d4c8c9,prefix_last512,512,289,0.564453125
f2d4c8c9,post_first512,512,323,0.630859375
f2d4c8c9,post_last512,512,173,0.337890625
f2d4c8c9,lateral_prefix,779,424,0.5442875481386393
f321a31c,full,6555,258,0.039359267734553775
f321a31c,prefix,1414,56,0.039603960396039604
f321a31c,post_ps,5141,202,0.039291966543474034
f321a31c,prefix_last512,512,10,0.01953125
f321a31c,post_first512,512,26,0.05078125
f321a31c,post_last512,512,18,0.03515625
f321a31c,lateral_prefix,608,14,0.023026315789473683
f40cd091,full,6776,4333,0.6394628099173554
f40cd091,prefix,1610,911,0.5658385093167702
f40cd091,post_ps,5166,3422,0.6624080526519551
f40cd091,prefix_last512,512,341,0.666015625
f40cd091,post_first512,512,327,0.638671875
f40cd091,post_last512,512,293,0.572265625
f40cd091,lateral_prefix,708,447,0.6313559322033898
f439a621,full,4695,2042,0.4349307774227902
f439a621,prefix,1874,636,0.33938100320170755
f439a621,post_ps,2821,1406,0.4984048209854661
f439a621,prefix_last512,512,282,0.55078125
f439a621,post_first512,512,284,0.5546875
f439a621,post_last512,512,201,0.392578125
f439a621,lateral_prefix,872,421,0.4827981651376147
f49fdea3,full,7027,388,0.05521559698306532
f49fdea3,prefix,1636,84,0.05134474327628362
f49fdea3,post_ps,5391,304,0.05639028009645706
f49fdea3,prefix_last512,512,31,0.060546875
f49fdea3,post_first512,512,22,0.04296875
f49fdea3,post_last512,512,32,0.0625
f49fdea3,lateral_prefix,652,38,0.05828220858895705
f4d12d23,full,5448,1342,0.24632892804698972
f4d12d23,prefix,1747,277,0.15855752718946767
f4d12d23,post_ps,3701,1065,0.28776006484733857
f4d12d23,prefix_last512,512,117,0.228515625
f4d12d23,post_first512,512,160,0.3125
f4d12d23,post_last512,512,182,0.35546875
f4d12d23,lateral_prefix,711,154,0.21659634317862167
f56d3ace,full,7383,2813,0.3810104293647569
f56d3ace,prefix,1951,662,0.33931317273193234
f56d3ace,post_ps,5432,2151,0.3959867452135493
f56d3ace,prefix_last512,512,261,0.509765625
f56d3ace,post_first512,512,280,0.546875
f56d3ace,post_last512,512,166,0.32421875
f56d3ace,lateral_prefix,763,350,0.45871559633027525
f5859199,full,7438,4668,0.6275880613068029
f5859199,prefix,1648,776,0.470873786407767
f5859199,post_ps,5790,3892,0.6721934369602763
f5859199,prefix_last512,512,307,0.599609375
f5859199,post_first512,512,353,0.689453125
f5859199,post_last512,512,327,0.638671875
f5859199,lateral_prefix,710,442,0.6225352112676056
f5d8aab6,full,6576,797,0.12119829683698297
f5d8aab6,prefix,2132,92,0.043151969981238276
f5d8aab6,post_ps,4444,705,0.15864086408640865
f5d8aab6,prefix_last512,512,28,0.0546875
f5d8aab6,post_first512,512,33,0.064453125
f5d8aab6,post_last512,512,143,0.279296875
f5d8aab6,lateral_prefix,810,44,0.05432098765432099
f631da6e,full,5604,2998,0.5349750178443968
f631da6e,prefix,1511,679,0.4493712772998015
f631da6e,post_ps,4093,2319,0.5665770828243343
f631da6e,prefix_last512,512,324,0.6328125
f631da6e,post_first512,512,337,0.658203125
f631da6e,post_last512,512,243,0.474609375
f631da6e,lateral_prefix,677,418,0.6174298375184638
f6824bb0,full,6864,964,0.14044289044289043
f6824bb0,prefix,1849,204,0.11032990805840995
f6824bb0,post_ps,5015,760,0.15154536390827517
f6824bb0,prefix_last512,512,40,0.078125
f6824bb0,post_first512,512,126,0.24609375
f6824bb0,post_last512,512,19,0.037109375
f6824bb0,lateral_prefix,687,56,0.08151382823871907
f6bc699b,full,5501,1770,0.32175968005817124
f6bc699b,prefix,1749,501,0.2864493996569468
f6bc699b,post_ps,3752,1269,0.3382196162046908
f6bc699b,prefix_last512,512,241,0.470703125
f6bc699b,post_first512,512,266,0.51953125
f6bc699b,post_last512,512,161,0.314453125
f6bc699b,lateral_prefix,642,299,0.4657320872274143
f6d009f4,full,8003,2319,0.2897663376233912
f6d009f4,prefix,1288,149,0.11568322981366459
f6d009f4,post_ps,6715,2170,0.3231571109456441
f6d009f4,prefix_last512,512,74,0.14453125
f6d009f4,post_first512,512,138,0.26953125
f6d009f4,post_last512,512,181,0.353515625
f6d009f4,lateral_prefix,0,0,
f72b268f,full,7918,479,0.0604950745137661
f72b268f,prefix,1514,179,0.11822985468956407
f72b268f,post_ps,6404,300,0.046845721424109935
f72b268f,prefix_last512,512,26,0.05078125
f72b268f,post_first512,512,26,0.05078125
f72b268f,post_last512,512,18,0.03515625
f72b268f,lateral_prefix,416,19,0.04567307692307692
f8662c22,full,6957,3301,0.47448612907862586
f8662c22,prefix,1528,546,0.35732984293193715
f8662c22,post_ps,5429,2755,0.5074599373733653
f8662c22,prefix_last512,512,247,0.482421875
f8662c22,post_first512,512,253,0.494140625
f8662c22,post_last512,512,242,0.47265625
f8662c22,lateral_prefix,663,320,0.48265460030165913
f88ddb26,full,6585,254,0.038572513287775244
f88ddb26,prefix,1595,68,0.042633228840125395
f88ddb26,post_ps,4990,186,0.03727454909819639
f88ddb26,prefix_last512,512,20,0.0390625
f88ddb26,post_first512,512,24,0.046875
f88ddb26,post_last512,512,20,0.0390625
f88ddb26,lateral_prefix,424,17,0.04009433962264151
f8afa78a,full,7367,3477,0.47196959413601197
f8afa78a,prefix,1335,507,0.3797752808988764
f8afa78a,post_ps,6032,2970,0.4923740053050398
f8afa78a,prefix_last512,512,325,0.634765625
f8afa78a,post_first512,512,322,0.62890625
f8afa78a,post_last512,512,157,0.306640625
f8afa78a,lateral_prefix,669,383,0.5724962630792227
f8f59188,full,6740,4149,0.6155786350148368
f8f59188,prefix,1933,1057,0.5468184169684428
f8f59188,post_ps,4807,3092,0.6432286249219887
f8f59188,prefix_last512,512,332,0.6484375
f8f59188,post_first512,512,310,0.60546875
f8f59188,post_last512,512,314,0.61328125
f8f59188,lateral_prefix,650,414,0.6369230769230769
f9fc81aa,full,7113,427,0.06003092928440883
f9fc81aa,prefix,1515,60,0.039603960396039604
f9fc81aa,post_ps,5598,367,0.06555912826009289
f9fc81aa,prefix_last512,512,23,0.044921875
f9fc81aa,post_first512,512,25,0.048828125
f9fc81aa,post_last512,512,23,0.044921875
f9fc81aa,lateral_prefix,648,29,0.044753086419753084
fa16d114,full,6928,3471,0.5010103926096998
fa16d114,prefix,1242,562,0.4524959742351047
fa16d114,post_ps,5686,2909,0.5116074569117129
fa16d114,prefix_last512,512,278,0.54296875
fa16d114,post_first512,512,322,0.62890625
fa16d114,post_last512,512,246,0.48046875
fa16d114,lateral_prefix,670,365,0.5447761194029851
fa31da94,full,6681,4256,0.6370303846729531
fa31da94,prefix,1654,762,0.4607013301088271
fa31da94,post_ps,5027,3494,0.695046747563159
fa31da94,prefix_last512,512,372,0.7265625
fa31da94,post_first512,512,394,0.76953125
fa31da94,post_last512,512,302,0.58984375
fa31da94,lateral_prefix,628,439,0.6990445859872612
fa667be2,full,8798,1158,0.1316208229142987
fa667be2,prefix,1502,243,0.1617842876165113
fa667be2,post_ps,7296,915,0.12541118421052633
fa667be2,prefix_last512,512,92,0.1796875
fa667be2,post_first512,512,44,0.0859375
fa667be2,post_last512,512,96,0.1875
fa667be2,lateral_prefix,673,145,0.21545319465081725
fae0c593,full,6147,198,0.032210834553440704
fae0c593,prefix,1744,57,0.03268348623853211
fae0c593,post_ps,4403,141,0.03202362025891438
fae0c593,prefix_last512,512,9,0.017578125
fae0c593,post_first512,512,6,0.01171875
fae0c593,post_last512,512,24,0.046875
fae0c593,lateral_prefix,710,19,0.02676056338028169
fb03ae90,full,8129,1271,0.15635379505474228
fb03ae90,prefix,1698,184,0.10836277974087162
fb03ae90,post_ps,6431,1087,0.16902503498678276
fb03ae90,prefix_last512,512,54,0.10546875
fb03ae90,post_first512,512,74,0.14453125
fb03ae90,post_last512,512,46,0.08984375
fb03ae90,lateral_prefix,648,69,0.10648148148148148
fb0904bd,full,5087,2576,0.5063888342834677
fb0904bd,prefix,1906,851,0.44648478488982163
fb0904bd,post_ps,3181,1725,0.5422823011631562
fb0904bd,prefix_last512,512,251,0.490234375
fb0904bd,post_first512,512,270,0.52734375
fb0904bd,post_last512,512,237,0.462890625
fb0904bd,lateral_prefix,791,377,0.47661188369152974
fb3848a1,full,7859,4483,0.5704288077363532
fb3848a1,prefix,1940,897,0.4623711340206186
fb3848a1,post_ps,5919,3586,0.6058455820239905
fb3848a1,prefix_last512,512,306,0.59765625
fb3848a1,post_first512,512,314,0.61328125
fb3848a1,post_last512,512,292,0.5703125
fb3848a1,lateral_prefix,759,427,0.5625823451910409
fb73b13a,full,7465,2613,0.35003348961821834
fb73b13a,prefix,1825,348,0.19068493150684931
fb73b13a,post_ps,5640,2265,0.4015957446808511
fb73b13a,prefix_last512,512,161,0.314453125
fb73b13a,post_first512,512,205,0.400390625
fb73b13a,post_last512,512,276,0.5390625
fb73b13a,lateral_prefix,825,213,0.2581818181818182
fba7683c,full,2058,42,0.02040816326530612
fba7683c,prefix,1651,35,0.021199273167777106
fba7683c,post_ps,407,7,0.0171990171990172
fba7683c,prefix_last512,512,16,0.03125
fba7683c,post_first512,407,7,0.0171990171990172
fba7683c,post_last512,407,7,0.0171990171990172
fba7683c,lateral_prefix,629,18,0.028616852146263912
fbd68d27,full,8552,1888,0.2207670720299345
fbd68d27,prefix,1723,163,0.09460243760882182
fbd68d27,post_ps,6829,1725,0.2525992092546493
fbd68d27,prefix_last512,512,103,0.201171875
fbd68d27,post_first512,512,70,0.13671875
fbd68d27,post_last512,512,107,0.208984375
fbd68d27,lateral_prefix,728,125,0.1717032967032967
fc03f21f,full,6202,443,0.07142857142857142
fc03f21f,prefix,1399,93,0.06647605432451752
fc03f21f,post_ps,4803,350,0.07287112221528212
fc03f21f,prefix_last512,512,54,0.10546875
fc03f21f,post_first512,512,18,0.03515625
fc03f21f,post_last512,512,70,0.13671875
fc03f21f,lateral_prefix,204,30,0.14705882352941177
fc0d20b2,full,5308,2347,0.4421627731725697
fc0d20b2,prefix,1354,458,0.33825701624815363
fc0d20b2,post_ps,3954,1889,0.47774405665149217
fc0d20b2,prefix_last512,512,264,0.515625
fc0d20b2,post_first512,512,253,0.494140625
fc0d20b2,post_last512,512,220,0.4296875
fc0d20b2,lateral_prefix,695,320,0.460431654676259
fcfcc902,full,4665,187,0.040085744908896034
fcfcc902,prefix,1874,56,0.029882604055496264
fcfcc902,post_ps,2791,131,0.04693658187029739
fcfcc902,prefix_last512,512,6,0.01171875
fcfcc902,post_first512,512,11,0.021484375
fcfcc902,post_last512,512,29,0.056640625
fcfcc902,lateral_prefix,717,10,0.01394700139470014
fd3b4faa,full,6956,3842,0.5523289246693502
fd3b4faa,prefix,1934,1078,0.5573940020682523
fd3b4faa,post_ps,5022,2764,0.5503783353245719
fd3b4faa,prefix_last512,512,361,0.705078125
fd3b4faa,post_first512,512,373,0.728515625
fd3b4faa,post_last512,512,250,0.48828125
fd3b4faa,lateral_prefix,666,453,0.6801801801801802
fd710aea,full,5960,1324,0.2221476510067114
fd710aea,prefix,1743,238,0.13654618473895583
fd710aea,post_ps,4217,1086,0.25752904908702867
fd710aea,prefix_last512,512,142,0.27734375
fd710aea,post_first512,512,163,0.318359375
fd710aea,post_last512,512,103,0.201171875
fd710aea,lateral_prefix,681,166,0.24375917767988253
fd8f77fa,full,6756,3198,0.4733570159857904
fd8f77fa,prefix,1484,531,0.3578167115902965
fd8f77fa,post_ps,5272,2667,0.5058801213960546
fd8f77fa,prefix_last512,512,194,0.37890625
fd8f77fa,post_first512,512,280,0.546875
fd8f77fa,post_last512,512,202,0.39453125
fd8f77fa,lateral_prefix,341,154,0.45161290322580644
fde20ecf,full,6386,1729,0.27074851237081116
fde20ecf,prefix,1719,334,0.19429901105293776
fde20ecf,post_ps,4667,1395,0.2989072209127919
fde20ecf,prefix_last512,512,155,0.302734375
fde20ecf,post_first512,512,195,0.380859375
fde20ecf,post_last512,512,124,0.2421875
fde20ecf,lateral_prefix,665,192,0.2887218045112782
fdfd57da,full,7364,3605,0.48954372623574144
fdfd57da,prefix,2128,702,0.3298872180451128
fdfd57da,post_ps,5236,2903,0.5544308632543926
fdfd57da,prefix_last512,512,337,0.658203125
fdfd57da,post_first512,512,304,0.59375
fdfd57da,post_last512,512,291,0.568359375
fdfd57da,lateral_prefix,701,440,0.6276747503566333
febb4411,full,6275,200,0.03187250996015936
febb4411,prefix,2028,51,0.02514792899408284
febb4411,post_ps,4247,149,0.035083588415352016
febb4411,prefix_last512,512,8,0.015625
febb4411,post_first512,512,25,0.048828125
febb4411,post_last512,512,16,0.03125
febb4411,lateral_prefix,723,15,0.02074688796680498
fef8af96,full,5068,1655,0.3265588003157064
fef8af96,prefix,1242,320,0.2576489533011272
fef8af96,post_ps,3826,1335,0.34892838473601673
fef8af96,prefix_last512,512,173,0.337890625
fef8af96,post_first512,512,183,0.357421875
fef8af96,post_last512,512,154,0.30078125
fef8af96,lateral_prefix,307,106,0.34527687296416937
ff0aea78,full,4976,1750,0.3516881028938907
ff0aea78,prefix,1715,262,0.15276967930029153
ff0aea78,post_ps,3261,1488,0.4563017479300828
ff0aea78,prefix_last512,512,136,0.265625
ff0aea78,post_first512,512,83,0.162109375
ff0aea78,post_last512,512,199,0.388671875
ff0aea78,lateral_prefix,676,160,0.23668639053254437
ff8bb73a,full,7670,377,0.04915254237288136
ff8bb73a,prefix,1743,67,0.03843947217441193
ff8bb73a,post_ps,5927,310,0.05230302007761093
ff8bb73a,prefix_last512,512,21,0.041015625
ff8bb73a,post_first512,512,28,0.0546875
ff8bb73a,post_last512,512,57,0.111328125
ff8bb73a,lateral_prefix,680,25,0.03676470588235294
ffefef30,full,6421,1871,0.2913876343248715
ffefef30,prefix,1851,560,0.302539168017288
ffefef30,post_ps,4570,1311,0.28687089715536107
ffefef30,prefix_last512,512,236,0.4609375
ffefef30,post_first512,512,141,0.275390625
ffefef30,post_last512,512,102,0.19921875
ffefef30,lateral_prefix,628,281,0.44745222929936307
